data_profile,N,L,K,active_pct,seed_rule,max_swaps,cases,seed_T_mean,seed_T_p50,u_g_mean,u_g_p05,u_g_p50,u_g_p95,fraction_exact_mean,fraction_exact_p05,fraction_exact_p50,fraction_exact_p95,gap_to_exact_pct_mean,exact_rate,near_99_rate,swaps_applied_mean,add_candidate_count_mean,evaluated_swap_count_mean,elapsed_seconds_mean,elapsed_seconds_p95
gaussian,8,2,2,25.0,T_0,0,100,0.0,0.0,3.5377652601634475,2.684948479618739,3.5328605483747464,4.33352955219769,0.9772817517360669,0.8698089982999487,1.0,1.0000000000000002,2.2718248263933196,0.65,0.68,0.0,6.0,0.0,0.00011838123318739236,0.0001709961099550128
gaussian,8,2,2,25.0,T_0,1,100,0.0,0.0,3.622877741713934,2.7678826914441776,3.6649380613301483,4.454754088247532,0.9998971409749257,0.9999999999999998,1.0,1.0000000000000002,0.010285902507432776,0.99,0.99,0.34,6.0,12.0,0.0004545292991679162,0.0005758049665018916
gaussian,8,2,2,25.0,T_0,2,100,0.0,0.0,3.622877741713934,2.7678826914441776,3.6649380613301483,4.454754088247532,0.9998971409749257,0.9999999999999998,1.0,1.0000000000000002,0.010285902507432776,0.99,0.99,0.34,6.0,15.4,0.000547010846203193,0.0007865073042921722
gaussian,8,2,2,25.0,T_0p025N,0,100,0.0,0.0,3.5377652601634475,2.684948479618739,3.5328605483747464,4.33352955219769,0.9772817517360669,0.8698089982999487,1.0,1.0000000000000002,2.2718248263933196,0.65,0.68,0.0,6.0,0.0,0.00011810755007900298,0.00016887284582480788
gaussian,8,2,2,25.0,T_0p025N,1,100,0.0,0.0,3.622877741713934,2.7678826914441776,3.6649380613301483,4.454754088247532,0.9998971409749257,0.9999999999999998,1.0,1.0000000000000002,0.010285902507432776,0.99,0.99,0.34,6.0,12.0,0.00044283365132287146,0.0005334527580998838
gaussian,8,2,2,25.0,T_0p025N,2,100,0.0,0.0,3.622877741713934,2.7678826914441776,3.6649380613301483,4.454754088247532,0.9998971409749257,0.9999999999999998,1.0,1.0000000000000002,0.010285902507432776,0.99,0.99,0.34,6.0,15.4,0.0005421215936075896,0.0007645605015568435
gaussian,8,2,2,25.0,T_0p05N,0,100,0.0,0.0,3.5377652601634475,2.684948479618739,3.5328605483747464,4.33352955219769,0.9772817517360669,0.8698089982999487,1.0,1.0000000000000002,2.2718248263933196,0.65,0.68,0.0,6.0,0.0,0.00011488800984807312,0.00015682167140766977
gaussian,8,2,2,25.0,T_0p05N,1,100,0.0,0.0,3.622877741713934,2.7678826914441776,3.6649380613301483,4.454754088247532,0.9998971409749257,0.9999999999999998,1.0,1.0000000000000002,0.010285902507432776,0.99,0.99,0.34,6.0,12.0,0.00045148924458771945,0.0005647603480610997
gaussian,8,2,2,25.0,T_0p05N,2,100,0.0,0.0,3.622877741713934,2.7678826914441776,3.6649380613301483,4.454754088247532,0.9998971409749257,0.9999999999999998,1.0,1.0000000000000002,0.010285902507432776,0.99,0.99,0.34,6.0,15.4,0.0005509510252159088,0.0008144139719661324
gaussian,8,2,2,25.0,best_tested_T,0,100,0.17,0.0,3.5730799780947247,2.7105156081687785,3.561996439499676,4.450976624535168,0.9867693871077605,0.915486221258156,1.0,1.0000000000000002,1.323061289223939,0.77,0.8,0.0,6.0,0.0,0.000147155491868034,0.0002562004199717194
gaussian,8,2,2,25.0,best_tested_T,1,100,0.17,0.0,3.6199015214726313,2.795242183309441,3.664938061330149,4.454754088247532,0.9992137129895271,0.9999999999999999,1.0,1.0000000000000002,0.07862870104729236,0.99,0.99,0.22,6.0,12.0,0.00045929074054583906,0.0005893922527320683
gaussian,8,2,2,25.0,best_tested_T,2,100,0.17,0.0,3.6199015214726313,2.795242183309441,3.664938061330149,4.454754088247532,0.9992137129895271,0.9999999999999999,1.0,1.0000000000000002,0.07862870104729236,0.99,0.99,0.22,6.0,14.2,0.0005211069085635245,0.00073809286695905
gaussian,8,2,2,30.0,T_0,0,100,0.0,0.0,3.5377652601634475,2.684948479618739,3.5328605483747464,4.33352955219769,0.9772817517360669,0.8698089982999487,1.0,1.0000000000000002,2.2718248263933196,0.65,0.68,0.0,6.0,0.0,0.0001182429911568761,0.00018436672398820518
gaussian,8,2,2,30.0,T_0,1,100,0.0,0.0,3.622877741713934,2.7678826914441776,3.6649380613301483,4.454754088247532,0.9998971409749257,0.9999999999999998,1.0,1.0000000000000002,0.010285902507432776,0.99,0.99,0.34,6.0,12.0,0.00044340152409859,0.000529814010951668
gaussian,8,2,2,30.0,T_0,2,100,0.0,0.0,3.622877741713934,2.7678826914441776,3.6649380613301483,4.454754088247532,0.9998971409749257,0.9999999999999998,1.0,1.0000000000000002,0.010285902507432776,0.99,0.99,0.34,6.0,15.4,0.0005473208986222744,0.0008476068673189729
gaussian,8,2,2,30.0,T_0p025N,0,100,0.0,0.0,3.5377652601634475,2.684948479618739,3.5328605483747464,4.33352955219769,0.9772817517360669,0.8698089982999487,1.0,1.0000000000000002,2.2718248263933196,0.65,0.68,0.0,6.0,0.0,0.00011957332375459373,0.00019482734496705233
gaussian,8,2,2,30.0,T_0p025N,1,100,0.0,0.0,3.622877741713934,2.7678826914441776,3.6649380613301483,4.454754088247532,0.9998971409749257,0.9999999999999998,1.0,1.0000000000000002,0.010285902507432776,0.99,0.99,0.34,6.0,12.0,0.0004523335734847933,0.0005630178900901228
gaussian,8,2,2,30.0,T_0p025N,2,100,0.0,0.0,3.622877741713934,2.7678826914441776,3.6649380613301483,4.454754088247532,0.9998971409749257,0.9999999999999998,1.0,1.0000000000000002,0.010285902507432776,0.99,0.99,0.34,6.0,15.4,0.0005556622124277055,0.0008958852733485401
gaussian,8,2,2,30.0,T_0p05N,0,100,0.0,0.0,3.5377652601634475,2.684948479618739,3.5328605483747464,4.33352955219769,0.9772817517360669,0.8698089982999487,1.0,1.0000000000000002,2.2718248263933196,0.65,0.68,0.0,6.0,0.0,0.00011555071105249227,0.00018842295394279058
gaussian,8,2,2,30.0,T_0p05N,1,100,0.0,0.0,3.622877741713934,2.7678826914441776,3.6649380613301483,4.454754088247532,0.9998971409749257,0.9999999999999998,1.0,1.0000000000000002,0.010285902507432776,0.99,0.99,0.34,6.0,12.0,0.0004474624525755644,0.0005902581091504544
gaussian,8,2,2,30.0,T_0p05N,2,100,0.0,0.0,3.622877741713934,2.7678826914441776,3.6649380613301483,4.454754088247532,0.9998971409749257,0.9999999999999998,1.0,1.0000000000000002,0.010285902507432776,0.99,0.99,0.34,6.0,15.4,0.0005480199377052486,0.0007960635761264711
gaussian,8,2,2,30.0,best_tested_T,0,100,0.17,0.0,3.5730799780947247,2.7105156081687785,3.561996439499676,4.450976624535168,0.9867693871077605,0.915486221258156,1.0,1.0000000000000002,1.323061289223939,0.77,0.8,0.0,6.0,0.0,0.00014003134332597257,0.0002461402909830212
gaussian,8,2,2,30.0,best_tested_T,1,100,0.17,0.0,3.6199015214726313,2.795242183309441,3.664938061330149,4.454754088247532,0.9992137129895271,0.9999999999999999,1.0,1.0000000000000002,0.07862870104729236,0.99,0.99,0.22,6.0,12.0,0.0004443121002987027,0.0005385125521570444
gaussian,8,2,2,30.0,best_tested_T,2,100,0.17,0.0,3.6199015214726313,2.795242183309441,3.664938061330149,4.454754088247532,0.9992137129895271,0.9999999999999999,1.0,1.0000000000000002,0.07862870104729236,0.99,0.99,0.22,6.0,14.2,0.0005155995686072857,0.0007361786731053141
gaussian,8,2,3,35.0,T_0,0,100,0.0,0.0,6.090102724444532,3.5885467169710568,5.92792369922395,8.748670350538772,0.9948482801708431,0.9666721648600896,1.0,1.0,0.5151719829156833,0.88,0.93,0.0,5.0,0.0,0.00012138283113017678,0.00018920580041594803
gaussian,8,2,3,35.0,T_0,1,100,0.0,0.0,6.114130937036074,3.5918438865716493,5.92792369922395,8.748670350538772,1.0,0.9999999999999999,1.0,1.0,1.1102230246251565e-15,1.0,1.0,0.12,5.0,15.0,0.0005330245511140675,0.0006632514530792832
gaussian,8,2,3,35.0,T_0,2,100,0.0,0.0,6.114130937036074,3.5918438865716493,5.92792369922395,8.748670350538772,1.0,0.9999999999999999,1.0,1.0,1.1102230246251565e-15,1.0,1.0,0.12,5.0,16.44,0.0005814501561690121,0.0008659565879497676
gaussian,8,2,3,35.0,T_0p025N,0,100,0.0,0.0,6.090102724444532,3.5885467169710568,5.92792369922395,8.748670350538772,0.9948482801708431,0.9666721648600896,1.0,1.0,0.5151719829156833,0.88,0.93,0.0,5.0,0.0,0.00012231029104441403,0.00018371244659647336
gaussian,8,2,3,35.0,T_0p025N,1,100,0.0,0.0,6.114130937036074,3.5918438865716493,5.92792369922395,8.748670350538772,1.0,0.9999999999999999,1.0,1.0,1.1102230246251565e-15,1.0,1.0,0.12,5.0,15.0,0.000539730250602588,0.0006624863075558096
gaussian,8,2,3,35.0,T_0p025N,2,100,0.0,0.0,6.114130937036074,3.5918438865716493,5.92792369922395,8.748670350538772,1.0,0.9999999999999999,1.0,1.0,1.1102230246251565e-15,1.0,1.0,0.12,5.0,16.44,0.0005811651947442442,0.0008406271459534765
gaussian,8,2,3,35.0,T_0p05N,0,100,0.0,0.0,6.090102724444532,3.5885467169710568,5.92792369922395,8.748670350538772,0.9948482801708431,0.9666721648600896,1.0,1.0,0.5151719829156833,0.88,0.93,0.0,5.0,0.0,0.00012021232978440822,0.000189976766705513
gaussian,8,2,3,35.0,T_0p05N,1,100,0.0,0.0,6.114130937036074,3.5918438865716493,5.92792369922395,8.748670350538772,1.0,0.9999999999999999,1.0,1.0,1.1102230246251565e-15,1.0,1.0,0.12,5.0,15.0,0.0005193225631956011,0.0005887708510272204
gaussian,8,2,3,35.0,T_0p05N,2,100,0.0,0.0,6.114130937036074,3.5918438865716493,5.92792369922395,8.748670350538772,1.0,0.9999999999999999,1.0,1.0,1.1102230246251565e-15,1.0,1.0,0.12,5.0,16.44,0.0005841312080156058,0.0009122475632466375
gaussian,8,2,3,35.0,best_tested_T,0,100,0.04,0.0,6.104825603251845,3.5918438865716493,5.92792369922395,8.748670350538772,0.9981942445632295,0.9946621350684957,1.0,1.0,0.18057554367705422,0.91,0.96,0.0,5.0,0.0,0.00013899707118980587,0.0002533328719437122
gaussian,8,2,3,35.0,best_tested_T,1,100,0.04,0.0,6.114130937036074,3.5918438865716493,5.92792369922395,8.748670350538772,1.0,1.0,1.0,1.0,6.661338147750939e-16,1.0,1.0,0.09,5.0,15.0,0.0005389543669298291,0.0006931939045898616
gaussian,8,2,3,35.0,best_tested_T,2,100,0.04,0.0,6.114130937036074,3.5918438865716493,5.92792369922395,8.748670350538772,1.0,1.0,1.0,1.0,6.661338147750939e-16,1.0,1.0,0.09,5.0,16.08,0.0005660979170352221,0.0008340232539921999
gaussian,8,2,3,40.0,T_0,0,100,0.0,0.0,6.090102724444532,3.5885467169710568,5.92792369922395,8.748670350538772,0.9948482801708431,0.9666721648600896,1.0,1.0,0.5151719829156833,0.88,0.93,0.0,5.0,0.0,0.00011819552863016724,0.0001859828771557659
gaussian,8,2,3,40.0,T_0,1,100,0.0,0.0,6.114130937036074,3.5918438865716493,5.92792369922395,8.748670350538772,1.0,0.9999999999999999,1.0,1.0,1.1102230246251565e-15,1.0,1.0,0.12,5.0,15.0,0.0005154305568430572,0.0006149065331555902
gaussian,8,2,3,40.0,T_0,2,100,0.0,0.0,6.114130937036074,3.5918438865716493,5.92792369922395,8.748670350538772,1.0,0.9999999999999999,1.0,1.0,1.1102230246251565e-15,1.0,1.0,0.12,5.0,16.44,0.0005895407206844539,0.0008601635985542089
gaussian,8,2,3,40.0,T_0p025N,0,100,0.0,0.0,6.090102724444532,3.5885467169710568,5.92792369922395,8.748670350538772,0.9948482801708431,0.9666721648600896,1.0,1.0,0.5151719829156833,0.88,0.93,0.0,5.0,0.0,0.00012174036586657167,0.00019508919212967156
gaussian,8,2,3,40.0,T_0p025N,1,100,0.0,0.0,6.114130937036074,3.5918438865716493,5.92792369922395,8.748670350538772,1.0,0.9999999999999999,1.0,1.0,1.1102230246251565e-15,1.0,1.0,0.12,5.0,15.0,0.0005274320230819285,0.000690892495913431
gaussian,8,2,3,40.0,T_0p025N,2,100,0.0,0.0,6.114130937036074,3.5918438865716493,5.92792369922395,8.748670350538772,1.0,0.9999999999999999,1.0,1.0,1.1102230246251565e-15,1.0,1.0,0.12,5.0,16.44,0.0005876796413213014,0.0008616930339485407
gaussian,8,2,3,40.0,T_0p05N,0,100,0.0,0.0,6.090102724444532,3.5885467169710568,5.92792369922395,8.748670350538772,0.9948482801708431,0.9666721648600896,1.0,1.0,0.5151719829156833,0.88,0.93,0.0,5.0,0.0,0.0001238766999449581,0.00022061131312511856
gaussian,8,2,3,40.0,T_0p05N,1,100,0.0,0.0,6.114130937036074,3.5918438865716493,5.92792369922395,8.748670350538772,1.0,0.9999999999999999,1.0,1.0,1.1102230246251565e-15,1.0,1.0,0.12,5.0,15.0,0.0005448800767771899,0.0007341988442931324
gaussian,8,2,3,40.0,T_0p05N,2,100,0.0,0.0,6.114130937036074,3.5918438865716493,5.92792369922395,8.748670350538772,1.0,0.9999999999999999,1.0,1.0,1.1102230246251565e-15,1.0,1.0,0.12,5.0,16.44,0.000583149982849136,0.0008507004997227339
gaussian,8,2,3,40.0,best_tested_T,0,100,0.04,0.0,6.104825603251845,3.5918438865716493,5.92792369922395,8.748670350538772,0.9981942445632295,0.9946621350684957,1.0,1.0,0.18057554367705422,0.91,0.96,0.0,5.0,0.0,0.00014959417283535003,0.0002874352445360273
gaussian,8,2,3,40.0,best_tested_T,1,100,0.04,0.0,6.114130937036074,3.5918438865716493,5.92792369922395,8.748670350538772,1.0,1.0,1.0,1.0,6.661338147750939e-16,1.0,1.0,0.09,5.0,15.0,0.0005320663820020854,0.0006858403270598501
gaussian,8,2,3,40.0,best_tested_T,2,100,0.04,0.0,6.114130937036074,3.5918438865716493,5.92792369922395,8.748670350538772,1.0,1.0,1.0,1.0,6.661338147750939e-16,1.0,1.0,0.09,5.0,16.08,0.0005589340894948691,0.0008139389567077159
gaussian,8,2,4,45.0,T_0,0,100,0.0,0.0,9.807390436306354,4.511038549387773,9.232939135958322,16.698248796099207,0.9968791344575573,0.9810791727720185,1.0,1.0000000000000002,0.3120865542442762,0.88,0.93,0.0,4.0,0.0,0.00012121939798817038,0.00018826975137926637
gaussian,8,2,4,45.0,T_0,1,100,0.0,0.0,9.83795892208005,4.511038549387773,9.232939135958322,16.73133814123962,1.0,0.9999999999999999,1.0,1.0000000000000002,-9.992007221626409e-16,1.0,1.0,0.12,4.0,16.0,0.0005533129151444882,0.0006877710693515837
gaussian,8,2,4,45.0,T_0,2,100,0.0,0.0,9.83795892208005,4.511038549387773,9.232939135958322,16.73133814123962,1.0,0.9999999999999999,1.0,1.0000000000000002,-9.992007221626409e-16,1.0,1.0,0.12,4.0,17.44,0.0006014116341248154,0.0009360347816254943
gaussian,8,2,4,45.0,T_0p025N,0,100,0.0,0.0,9.807390436306354,4.511038549387773,9.232939135958322,16.698248796099207,0.9968791344575573,0.9810791727720185,1.0,1.0000000000000002,0.3120865542442762,0.88,0.93,0.0,4.0,0.0,0.00011882957885973156,0.00017437874339520929
gaussian,8,2,4,45.0,T_0p025N,1,100,0.0,0.0,9.83795892208005,4.511038549387773,9.232939135958322,16.73133814123962,1.0,0.9999999999999999,1.0,1.0000000000000002,-9.992007221626409e-16,1.0,1.0,0.12,4.0,16.0,0.0005610563128720969,0.0006761078198906034
gaussian,8,2,4,45.0,T_0p025N,2,100,0.0,0.0,9.83795892208005,4.511038549387773,9.232939135958322,16.73133814123962,1.0,0.9999999999999999,1.0,1.0000000000000002,-9.992007221626409e-16,1.0,1.0,0.12,4.0,17.44,0.0006165264744777232,0.00095643728855066
gaussian,8,2,4,45.0,T_0p05N,0,100,0.0,0.0,9.807390436306354,4.511038549387773,9.232939135958322,16.698248796099207,0.9968791344575573,0.9810791727720185,1.0,1.0000000000000002,0.3120865542442762,0.88,0.93,0.0,4.0,0.0,0.00012239059782586992,0.00019912905991077421
gaussian,8,2,4,45.0,T_0p05N,1,100,0.0,0.0,9.83795892208005,4.511038549387773,9.232939135958322,16.73133814123962,1.0,0.9999999999999999,1.0,1.0000000000000002,-9.992007221626409e-16,1.0,1.0,0.12,4.0,16.0,0.0005647919874172658,0.0007973833475261926
gaussian,8,2,4,45.0,T_0p05N,2,100,0.0,0.0,9.83795892208005,4.511038549387773,9.232939135958322,16.73133814123962,1.0,0.9999999999999999,1.0,1.0000000000000002,-9.992007221626409e-16,1.0,1.0,0.12,4.0,17.44,0.000609426770824939,0.0008731636917218565
gaussian,8,2,4,45.0,best_tested_T,0,100,0.02,0.0,9.814853048610857,4.511038549387773,9.232939135958322,16.698248796099207,0.9980228418559477,0.9841627049943069,1.0,1.0000000000000002,0.1977158144052331,0.9,0.94,0.0,4.0,0.0,0.0001504167472012341,0.0002784605079796165
gaussian,8,2,4,45.0,best_tested_T,1,100,0.02,0.0,9.83795892208005,4.511038549387773,9.232939135958322,16.73133814123962,1.0,0.9999999999999999,1.0,1.0000000000000002,-9.992007221626409e-16,1.0,1.0,0.1,4.0,16.0,0.000562955237692222,0.0007132053084205835
gaussian,8,2,4,45.0,best_tested_T,2,100,0.02,0.0,9.83795892208005,4.511038549387773,9.232939135958322,16.73133814123962,1.0,0.9999999999999999,1.0,1.0000000000000002,-9.992007221626409e-16,1.0,1.0,0.1,4.0,17.2,0.0006048092420678586,0.0009042968798894435
gaussian,8,2,4,50.0,T_0,0,100,0.0,0.0,9.807390436306354,4.511038549387773,9.232939135958322,16.698248796099207,0.9968791344575573,0.9810791727720185,1.0,1.0000000000000002,0.3120865542442762,0.88,0.93,0.0,4.0,0.0,0.00012905648327432573,0.00021137896692380304
gaussian,8,2,4,50.0,T_0,1,100,0.0,0.0,9.83795892208005,4.511038549387773,9.232939135958322,16.73133814123962,1.0,0.9999999999999999,1.0,1.0000000000000002,-9.992007221626409e-16,1.0,1.0,0.12,4.0,16.0,0.0005560567229986191,0.0007164077833294868
gaussian,8,2,4,50.0,T_0,2,100,0.0,0.0,9.83795892208005,4.511038549387773,9.232939135958322,16.73133814123962,1.0,0.9999999999999999,1.0,1.0000000000000002,-9.992007221626409e-16,1.0,1.0,0.12,4.0,17.44,0.0006030730390921235,0.0008510704443324357
gaussian,8,2,4,50.0,T_0p025N,0,100,0.0,0.0,9.807390436306354,4.511038549387773,9.232939135958322,16.698248796099207,0.9968791344575573,0.9810791727720185,1.0,1.0000000000000002,0.3120865542442762,0.88,0.93,0.0,4.0,0.0,0.0001236867648549378,0.00020388889242894948
gaussian,8,2,4,50.0,T_0p025N,1,100,0.0,0.0,9.83795892208005,4.511038549387773,9.232939135958322,16.73133814123962,1.0,0.9999999999999999,1.0,1.0000000000000002,-9.992007221626409e-16,1.0,1.0,0.12,4.0,16.0,0.0005577439896296709,0.0007091690960805862
gaussian,8,2,4,50.0,T_0p025N,2,100,0.0,0.0,9.83795892208005,4.511038549387773,9.232939135958322,16.73133814123962,1.0,0.9999999999999999,1.0,1.0000000000000002,-9.992007221626409e-16,1.0,1.0,0.12,4.0,17.44,0.0006103899201843888,0.000915974733652547
gaussian,8,2,4,50.0,T_0p05N,0,100,0.0,0.0,9.807390436306354,4.511038549387773,9.232939135958322,16.698248796099207,0.9968791344575573,0.9810791727720185,1.0,1.0000000000000002,0.3120865542442762,0.88,0.93,0.0,4.0,0.0,0.0001234744570683688,0.0001941467111464589
gaussian,8,2,4,50.0,T_0p05N,1,100,0.0,0.0,9.83795892208005,4.511038549387773,9.232939135958322,16.73133814123962,1.0,0.9999999999999999,1.0,1.0000000000000002,-9.992007221626409e-16,1.0,1.0,0.12,4.0,16.0,0.0005643651878926903,0.000700896664056927
gaussian,8,2,4,50.0,T_0p05N,2,100,0.0,0.0,9.83795892208005,4.511038549387773,9.232939135958322,16.73133814123962,1.0,0.9999999999999999,1.0,1.0000000000000002,-9.992007221626409e-16,1.0,1.0,0.12,4.0,17.44,0.0006024116987828165,0.0008776229515206069
gaussian,8,2,4,50.0,best_tested_T,0,100,0.02,0.0,9.814853048610857,4.511038549387773,9.232939135958322,16.698248796099207,0.9980228418559477,0.9841627049943069,1.0,1.0000000000000002,0.1977158144052331,0.9,0.94,0.0,4.0,0.0,0.00015120246447622776,0.0002700972952879965
gaussian,8,2,4,50.0,best_tested_T,1,100,0.02,0.0,9.83795892208005,4.511038549387773,9.232939135958322,16.73133814123962,1.0,0.9999999999999999,1.0,1.0000000000000002,-9.992007221626409e-16,1.0,1.0,0.1,4.0,16.0,0.0005661691259592771,0.0007327885541599243
gaussian,8,2,4,50.0,best_tested_T,2,100,0.02,0.0,9.83795892208005,4.511038549387773,9.232939135958322,16.73133814123962,1.0,0.9999999999999999,1.0,1.0000000000000002,-9.992007221626409e-16,1.0,1.0,0.1,4.0,17.2,0.0006044509913772345,0.0008703742758370934
gaussian,12,2,3,25.0,T_0,0,100,0.0,0.0,6.275641215617509,3.7930035061168224,6.319204754451636,8.77429782239763,0.9933071835745482,0.9404660260840075,1.0,1.0,0.6692816425451834,0.85,0.89,0.0,8.0,0.0,0.00012400236912071705,0.00019953065784648059
gaussian,12,2,3,25.0,T_0,1,100,0.0,0.0,6.312211339343639,3.8236395602849886,6.381346792216769,8.78634752459727,1.0,0.9999999999999996,1.0,1.0000000000000002,2.4424906541753444e-15,1.0,1.0,0.15,8.0,24.0,0.0007761409040540456,0.0009473969519603997
gaussian,12,2,3,25.0,T_0,2,100,0.0,0.0,6.312211339343639,3.8236395602849886,6.381346792216769,8.78634752459727,1.0,0.9999999999999996,1.0,1.0000000000000002,2.4424906541753444e-15,1.0,1.0,0.15,8.0,27.15,0.0008671139122452587,0.0013401879637967794
gaussian,12,2,3,25.0,T_0p025N,0,100,0.0,0.0,6.275641215617509,3.7930035061168224,6.319204754451636,8.77429782239763,0.9933071835745482,0.9404660260840075,1.0,1.0,0.6692816425451834,0.85,0.89,0.0,8.0,0.0,0.0001272302179131657,0.00020378385670483112
gaussian,12,2,3,25.0,T_0p025N,1,100,0.0,0.0,6.312211339343639,3.8236395602849886,6.381346792216769,8.78634752459727,1.0,0.9999999999999996,1.0,1.0000000000000002,2.4424906541753444e-15,1.0,1.0,0.15,8.0,24.0,0.0007625813083723187,0.0009065324440598487
gaussian,12,2,3,25.0,T_0p025N,2,100,0.0,0.0,6.312211339343639,3.8236395602849886,6.381346792216769,8.78634752459727,1.0,0.9999999999999996,1.0,1.0000000000000002,2.4424906541753444e-15,1.0,1.0,0.15,8.0,27.15,0.0008601637755054981,0.001322753430576995
gaussian,12,2,3,25.0,T_0p05N,0,100,1.0,1.0,5.363797728832208,3.3105700520447954,5.433054502566121,7.482759751647201,0.8531846434836862,0.7042729131188434,0.8640435951158569,0.9906316731530469,14.68153565163138,0.05,0.06,0.0,9.0,0.0,0.00012468965258449316,0.00019609199371188878
gaussian,12,2,3,25.0,T_0p05N,1,100,1.0,1.0,6.3113555475787795,3.8236395602849877,6.381346792216769,8.78634752459727,0.9998029873665427,0.9999999999999996,1.0,1.0000000000000002,0.019701263345725195,0.97,0.99,0.95,9.0,27.0,0.0008378319209441543,0.000978243548888713
gaussian,12,2,3,25.0,T_0p05N,2,100,1.0,1.0,6.312211339343639,3.8236395602849877,6.381346792216769,8.78634752459727,1.0,0.9999999999999996,1.0,1.0000000000000002,1.5543122344752192e-15,1.0,1.0,0.98,9.0,49.8,0.0014752628293354065,0.0018057662993669508
gaussian,12,2,3,25.0,best_tested_T,0,100,0.06,0.0,6.29226350350902,3.7930035061168224,6.381346792216769,8.77429782239763,0.9965369695941113,0.9758672015079008,1.0,1.0000000000000002,0.3463030405888685,0.9,0.94,0.0,8.06,0.0,0.0001552301028277725,0.0002947357774246484
gaussian,12,2,3,25.0,best_tested_T,1,100,0.06,0.0,6.312211339343639,3.8236395602849886,6.381346792216769,8.78634752459727,1.0,0.9999999999999996,1.0,1.0000000000000002,2.1094237467877974e-15,1.0,1.0,0.1,8.06,24.18,0.0007773518201429397,0.0009853605122771114
gaussian,12,2,3,25.0,best_tested_T,2,100,0.06,0.0,6.312211339343639,3.8236395602849886,6.381346792216769,8.78634752459727,1.0,0.9999999999999996,1.0,1.0000000000000002,2.1094237467877974e-15,1.0,1.0,0.1,8.06,26.31,0.0008455084345769138,0.0013296218879986555
gaussian,12,2,4,30.0,T_0,0,100,0.0,0.0,10.444198915432665,4.809309718346535,10.57704933531732,16.7711423927844,0.9793215452360832,0.8791918073710492,1.0,1.0000000000000002,2.0678454763916894,0.69,0.72,0.0,8.0,0.0,0.0001347328699193895,0.0002218260895460844
gaussian,12,2,4,30.0,T_0,1,100,0.0,0.0,10.665799589568564,5.209099930389265,10.607368699292971,18.128801897808394,0.9995223211696527,0.9999999999999996,1.0,1.0000000000000004,0.04776788303473367,0.98,0.99,0.31,8.0,32.0,0.0009924641833640635,0.0012545850360766054
gaussian,12,2,4,30.0,T_0,2,100,0.0,0.0,10.668713735590861,5.209099930389265,10.607368699292971,18.128801897808394,1.0,0.9999999999999996,1.0,1.0000000000000004,1.5543122344752192e-15,1.0,1.0,0.33,8.0,40.68,0.0012424901057966054,0.002134593279333785
gaussian,12,2,4,30.0,T_0p025N,0,100,0.0,0.0,10.444198915432665,4.809309718346535,10.57704933531732,16.7711423927844,0.9793215452360832,0.8791918073710492,1.0,1.0000000000000002,2.0678454763916894,0.69,0.72,0.0,8.0,0.0,0.00012984359986148775,0.00021538432920351622
gaussian,12,2,4,30.0,T_0p025N,1,100,0.0,0.0,10.665799589568564,5.209099930389265,10.607368699292971,18.128801897808394,0.9995223211696527,0.9999999999999996,1.0,1.0000000000000004,0.04776788303473367,0.98,0.99,0.31,8.0,32.0,0.0009808881185017525,0.0011936525523196905
gaussian,12,2,4,30.0,T_0p025N,2,100,0.0,0.0,10.668713735590861,5.209099930389265,10.607368699292971,18.128801897808394,1.0,0.9999999999999996,1.0,1.0000000000000004,1.5543122344752192e-15,1.0,1.0,0.33,8.0,40.68,0.0012312240444589406,0.001903757738182321
gaussian,12,2,4,30.0,T_0p05N,0,100,1.0,1.0,8.713476631149042,4.69048532761339,8.781113699111584,13.906197400091973,0.8305385623613128,0.6435573314934466,0.8202018880086219,1.0,16.94614376386871,0.14,0.17,0.0,8.0,0.0,0.00013257420621812344,0.00021215463057160376
gaussian,12,2,4,30.0,T_0p05N,1,100,1.0,1.0,10.668690094731822,5.209099930389268,10.607368699292973,18.1288018978084,0.9999981249676242,0.9999999999999994,1.0,1.0000000000000004,0.00018750323758442988,0.99,1.0,0.86,8.0,32.0,0.0009796232578810305,0.0011314167466480284
gaussian,12,2,4,30.0,T_0p05N,2,100,1.0,1.0,10.668713735590861,5.209099930389268,10.607368699292973,18.1288018978084,1.0,0.9999999999999996,1.0,1.0000000000000004,-6.661338147750939e-16,1.0,1.0,0.87,8.0,56.08,0.0016386616067029535,0.002006389613961801
gaussian,12,2,4,30.0,best_tested_T,0,100,0.19,0.0,10.567117738364296,5.209099930389268,10.607368699292971,16.985295473042658,0.9927734920870988,0.9257953547431892,1.0,1.0000000000000002,0.7226507912901268,0.83,0.88,0.0,8.0,0.0,0.00014994892524555325,0.00024363302509300405
gaussian,12,2,4,30.0,best_tested_T,1,100,0.19,0.0,10.668713735590861,5.209099930389268,10.607368699292971,18.128801897808394,1.0,0.9999999999999996,1.0,1.0000000000000004,3.219646771412954e-15,1.0,1.0,0.17,8.0,32.0,0.0009926660335622729,0.0011916895047761498
gaussian,12,2,4,30.0,best_tested_T,2,100,0.19,0.0,10.668713735590861,5.209099930389268,10.607368699292971,18.128801897808394,1.0,0.9999999999999996,1.0,1.0000000000000004,3.219646771412954e-15,1.0,1.0,0.17,8.0,36.76,0.0011362618941348046,0.0018362779053859412
gaussian,12,2,4,35.0,T_0,0,100,0.0,0.0,10.444198915432665,4.809309718346535,10.57704933531732,16.7711423927844,0.9793215452360832,0.8791918073710492,1.0,1.0000000000000002,2.0678454763916894,0.69,0.72,0.0,8.0,0.0,0.0001276807114481926,0.0002110325964167714
gaussian,12,2,4,35.0,T_0,1,100,0.0,0.0,10.665799589568564,5.209099930389265,10.607368699292971,18.128801897808394,0.9995223211696527,0.9999999999999996,1.0,1.0000000000000004,0.04776788303473367,0.98,0.99,0.31,8.0,32.0,0.0009765455743763596,0.0011805923481006176
gaussian,12,2,4,35.0,T_0,2,100,0.0,0.0,10.668713735590861,5.209099930389265,10.607368699292971,18.128801897808394,1.0,0.9999999999999996,1.0,1.0000000000000004,1.5543122344752192e-15,1.0,1.0,0.33,8.0,40.68,0.0012241229729261249,0.0020017173665110017
gaussian,12,2,4,35.0,T_0p025N,0,100,0.0,0.0,10.444198915432665,4.809309718346535,10.57704933531732,16.7711423927844,0.9793215452360832,0.8791918073710492,1.0,1.0000000000000002,2.0678454763916894,0.69,0.72,0.0,8.0,0.0,0.00012598925735801458,0.00020101883565075694
gaussian,12,2,4,35.0,T_0p025N,1,100,0.0,0.0,10.665799589568564,5.209099930389265,10.607368699292971,18.128801897808394,0.9995223211696527,0.9999999999999996,1.0,1.0000000000000004,0.04776788303473367,0.98,0.99,0.31,8.0,32.0,0.0009763066843152046,0.0011477486230432987
gaussian,12,2,4,35.0,T_0p025N,2,100,0.0,0.0,10.668713735590861,5.209099930389265,10.607368699292971,18.128801897808394,1.0,0.9999999999999996,1.0,1.0000000000000004,1.5543122344752192e-15,1.0,1.0,0.33,8.0,40.68,0.0012198986136354507,0.001961442740866914
gaussian,12,2,4,35.0,T_0p05N,0,100,1.0,1.0,8.713476631149042,4.69048532761339,8.781113699111584,13.906197400091973,0.8305385623613128,0.6435573314934466,0.8202018880086219,1.0,16.94614376386871,0.14,0.17,0.0,8.0,0.0,0.00012887140037491917,0.00020244611077941953
gaussian,12,2,4,35.0,T_0p05N,1,100,1.0,1.0,10.668690094731822,5.209099930389268,10.607368699292973,18.1288018978084,0.9999981249676242,0.9999999999999994,1.0,1.0000000000000004,0.00018750323758442988,0.99,1.0,0.86,8.0,32.0,0.000989401888800785,0.0011638889205642044
gaussian,12,2,4,35.0,T_0p05N,2,100,1.0,1.0,10.668713735590861,5.209099930389268,10.607368699292973,18.1288018978084,1.0,0.9999999999999996,1.0,1.0000000000000004,-6.661338147750939e-16,1.0,1.0,0.87,8.0,56.08,0.001658817931311205,0.00204213575925678
gaussian,12,2,4,35.0,best_tested_T,0,100,0.19,0.0,10.567117738364296,5.209099930389268,10.607368699292971,16.985295473042658,0.9927734920870988,0.9257953547431892,1.0,1.0000000000000002,0.7226507912901268,0.83,0.88,0.0,8.0,0.0,0.00015330390189774334,0.0002744098834227771
gaussian,12,2,4,35.0,best_tested_T,1,100,0.19,0.0,10.668713735590861,5.209099930389268,10.607368699292971,18.128801897808394,1.0,0.9999999999999996,1.0,1.0000000000000004,3.219646771412954e-15,1.0,1.0,0.17,8.0,32.0,0.0009947639040183275,0.001238756556995213
gaussian,12,2,4,35.0,best_tested_T,2,100,0.19,0.0,10.668713735590861,5.209099930389268,10.607368699292971,18.128801897808394,1.0,0.9999999999999996,1.0,1.0000000000000004,3.219646771412954e-15,1.0,1.0,0.17,8.0,36.76,0.0011218140681739897,0.001772415841696784
gaussian,12,2,5,40.0,T_0,0,100,0.0,0.0,16.194327803865903,6.445133705714401,15.607543202515116,29.634844292065445,0.9679821859104827,0.8433492201433135,1.0,1.0,3.201781408951727,0.61,0.64,0.0,7.0,0.0,0.00012661641230806708,0.00017832181183621287
gaussian,12,2,5,40.0,T_0,1,100,0.0,0.0,16.580158686781388,7.877129347644966,15.817618159078329,29.634844292065445,0.9971260284184946,0.9999999999999994,1.0,1.0000000000000002,0.287397158150542,0.96,0.97,0.38,7.0,35.0,0.0010622501489706338,0.0012327956501394508
gaussian,12,2,5,40.0,T_0,2,100,0.0,0.0,16.603566684427268,7.877129347644966,15.817618159078329,29.634844292065445,0.9997649827768287,0.9999999999999996,1.0,1.0000000000000002,0.023501722317131657,0.98,0.99,0.41,7.0,46.4,0.0013788326270878315,0.0021768272621557117
gaussian,12,2,5,40.0,T_0p025N,0,100,0.0,0.0,16.194327803865903,6.445133705714401,15.607543202515116,29.634844292065445,0.9679821859104827,0.8433492201433135,1.0,1.0,3.201781408951727,0.61,0.64,0.0,7.0,0.0,0.00013155243126675487,0.00020563485450111326
gaussian,12,2,5,40.0,T_0p025N,1,100,0.0,0.0,16.580158686781388,7.877129347644966,15.817618159078329,29.634844292065445,0.9971260284184946,0.9999999999999994,1.0,1.0000000000000002,0.287397158150542,0.96,0.97,0.38,7.0,35.0,0.001060324024874717,0.001215532119385898
gaussian,12,2,5,40.0,T_0p025N,2,100,0.0,0.0,16.603566684427268,7.877129347644966,15.817618159078329,29.634844292065445,0.9997649827768287,0.9999999999999996,1.0,1.0000000000000002,0.023501722317131657,0.98,0.99,0.41,7.0,46.4,0.0013857906172052026,0.002055447001475841
gaussian,12,2,5,40.0,T_0p05N,0,100,1.0,1.0,13.238064862596023,6.030542491332332,12.829540587695472,22.704416541785157,0.8152900927662589,0.6002003627356319,0.8152924661275707,1.0,18.47099072337411,0.19,0.22,0.0,7.0,0.0,0.00013119837967678905,0.00019176453934051095
gaussian,12,2,5,40.0,T_0p05N,1,100,1.0,1.0,16.577384271387487,7.877129347644966,15.817618159078332,29.634844292065445,0.9985922640967799,0.9956017082774197,1.0,1.0000000000000004,0.14077359032201509,0.94,0.95,0.81,7.0,35.0,0.0010684467235114426,0.0012629023869521914
gaussian,12,2,5,40.0,T_0p05N,2,100,1.0,1.0,16.604214323206133,7.877129347644966,15.817618159078332,29.634844292065445,0.9998121301342664,0.9999999999999994,1.0,1.0000000000000004,0.01878698657335398,0.99,0.99,0.86,7.0,59.3,0.0017359731323085725,0.0021018190891481936
gaussian,12,2,5,40.0,best_tested_T,0,100,0.31,0.0,16.515273149307305,7.877129347644966,15.817618159078332,29.634844292065445,0.9955670503432479,0.9656826186176469,1.0,1.0000000000000002,0.44329496567521376,0.84,0.88,0.0,7.0,0.0,0.00015614967211149633,0.0002706851286347955
gaussian,12,2,5,40.0,best_tested_T,1,100,0.31,0.0,16.605134650177476,7.877129347644966,15.817618159078332,29.634844292065445,1.0,0.9999999999999998,1.0,1.0000000000000002,8.881784197001252e-16,1.0,1.0,0.16,7.0,35.0,0.0010702876711729914,0.0012766643252689392
gaussian,12,2,5,40.0,best_tested_T,2,100,0.31,0.0,16.605134650177476,7.877129347644966,15.817618159078332,29.634844292065445,1.0,0.9999999999999998,1.0,1.0000000000000002,8.881784197001252e-16,1.0,1.0,0.16,7.0,39.8,0.0012044947245158256,0.001958182454109192
gaussian,12,2,5,45.0,T_0,0,100,0.0,0.0,16.194327803865903,6.445133705714401,15.607543202515116,29.634844292065445,0.9679821859104827,0.8433492201433135,1.0,1.0,3.201781408951727,0.61,0.64,0.0,7.0,0.0,0.00013828611583448946,0.00022432268015109002
gaussian,12,2,5,45.0,T_0,1,100,0.0,0.0,16.580158686781388,7.877129347644966,15.817618159078329,29.634844292065445,0.9971260284184946,0.9999999999999994,1.0,1.0000000000000002,0.287397158150542,0.96,0.97,0.38,7.0,35.0,0.0010783648863434791,0.0013155602500773966
gaussian,12,2,5,45.0,T_0,2,100,0.0,0.0,16.603566684427268,7.877129347644966,15.817618159078329,29.634844292065445,0.9997649827768287,0.9999999999999996,1.0,1.0000000000000002,0.023501722317131657,0.98,0.99,0.41,7.0,46.4,0.001395062101073563,0.0021759577968623487
gaussian,12,2,5,45.0,T_0p025N,0,100,0.0,0.0,16.194327803865903,6.445133705714401,15.607543202515116,29.634844292065445,0.9679821859104827,0.8433492201433135,1.0,1.0,3.201781408951727,0.61,0.64,0.0,7.0,0.0,0.0001305398251861334,0.0002066684595774859
gaussian,12,2,5,45.0,T_0p025N,1,100,0.0,0.0,16.580158686781388,7.877129347644966,15.817618159078329,29.634844292065445,0.9971260284184946,0.9999999999999994,1.0,1.0000000000000002,0.287397158150542,0.96,0.97,0.38,7.0,35.0,0.0010732319857925177,0.0012932506040669977
gaussian,12,2,5,45.0,T_0p025N,2,100,0.0,0.0,16.603566684427268,7.877129347644966,15.817618159078329,29.634844292065445,0.9997649827768287,0.9999999999999996,1.0,1.0000000000000002,0.023501722317131657,0.98,0.99,0.41,7.0,46.4,0.0013832645898219198,0.002071732812328264
gaussian,12,2,5,45.0,T_0p05N,0,100,1.0,1.0,13.238064862596023,6.030542491332332,12.829540587695472,22.704416541785157,0.8152900927662589,0.6002003627356319,0.8152924661275707,1.0,18.47099072337411,0.19,0.22,0.0,7.0,0.0,0.0001314009423367679,0.0001984872855246067
gaussian,12,2,5,45.0,T_0p05N,1,100,1.0,1.0,16.577384271387487,7.877129347644966,15.817618159078332,29.634844292065445,0.9985922640967799,0.9956017082774197,1.0,1.0000000000000004,0.14077359032201509,0.94,0.95,0.81,7.0,35.0,0.0010750156198628246,0.0013049448432866483
gaussian,12,2,5,45.0,T_0p05N,2,100,1.0,1.0,16.604214323206133,7.877129347644966,15.817618159078332,29.634844292065445,0.9998121301342664,0.9999999999999994,1.0,1.0000000000000004,0.01878698657335398,0.99,0.99,0.86,7.0,59.3,0.001726365607464686,0.002164067671401426
gaussian,12,2,5,45.0,best_tested_T,0,100,0.31,0.0,16.515273149307305,7.877129347644966,15.817618159078332,29.634844292065445,0.9955670503432479,0.9656826186176469,1.0,1.0000000000000002,0.44329496567521376,0.84,0.88,0.0,7.0,0.0,0.0001584781240671873,0.00028801065636798736
gaussian,12,2,5,45.0,best_tested_T,1,100,0.31,0.0,16.605134650177476,7.877129347644966,15.817618159078332,29.634844292065445,1.0,0.9999999999999998,1.0,1.0000000000000002,8.881784197001252e-16,1.0,1.0,0.16,7.0,35.0,0.0010722773126326502,0.0012306344346143306
gaussian,12,2,5,45.0,best_tested_T,2,100,0.31,0.0,16.605134650177476,7.877129347644966,15.817618159078332,29.634844292065445,1.0,0.9999999999999998,1.0,1.0000000000000002,8.881784197001252e-16,1.0,1.0,0.16,7.0,39.8,0.00122882648720406,0.0021080270467791705
gaussian,12,2,6,50.0,T_0,0,100,0.0,0.0,23.124902089415396,8.418119834407797,22.21413877880032,44.10454451081247,0.9527081843658523,0.7614327386628753,0.9999999999999999,1.0,4.729181563414774,0.55,0.57,0.0,6.0,0.0,0.00013386825216002763,0.00022473500575870267
gaussian,12,2,6,50.0,T_0,1,100,0.0,0.0,24.025372980980563,10.165695104546845,22.21413877880032,44.10454451081247,0.9971241155109364,0.9856668546028796,1.0,1.0000000000000004,0.2875884489063567,0.94,0.94,0.44,6.0,36.0,0.0010955225536599755,0.0013011523929890244
gaussian,12,2,6,50.0,T_0,2,100,0.0,0.0,24.046831315622594,10.165695104546845,22.21413877880032,44.10454451081247,0.9989592827460355,0.9999999999999996,1.0,1.0000000000000004,0.1040717253964577,0.97,0.97,0.47,6.0,49.2,0.0015005612012464553,0.002220942720305174
gaussian,12,2,6,50.0,T_0p025N,0,100,0.0,0.0,23.124902089415396,8.418119834407797,22.21413877880032,44.10454451081247,0.9527081843658523,0.7614327386628753,0.9999999999999999,1.0,4.729181563414774,0.55,0.57,0.0,6.0,0.0,0.0001397590129636228,0.00021923274034634231
gaussian,12,2,6,50.0,T_0p025N,1,100,0.0,0.0,24.025372980980563,10.165695104546845,22.21413877880032,44.10454451081247,0.9971241155109364,0.9856668546028796,1.0,1.0000000000000004,0.2875884489063567,0.94,0.94,0.44,6.0,36.0,0.001093311539152637,0.0013111501175444573
gaussian,12,2,6,50.0,T_0p025N,2,100,0.0,0.0,24.046831315622594,10.165695104546845,22.21413877880032,44.10454451081247,0.9989592827460355,0.9999999999999996,1.0,1.0000000000000004,0.1040717253964577,0.97,0.97,0.47,6.0,49.2,0.0014695634390227497,0.002301140042254701
gaussian,12,2,6,50.0,T_0p05N,0,100,1.0,1.0,19.101297825905963,7.37144684907977,18.032306432468943,35.12447635928193,0.8096400043537073,0.5914866265571029,0.8154422716120054,1.0,19.03599956462927,0.16,0.18,0.0,6.0,0.0,0.00013025908614508808,0.00019732487853616477
gaussian,12,2,6,50.0,T_0p05N,1,100,1.0,1.0,24.029248047826027,10.165695104546845,22.21413877880032,44.104544510812495,0.9983648715568143,0.9993056904482477,1.0,1.0000000000000004,0.1635128443185705,0.95,0.95,0.83,6.0,36.0,0.0011120466329157352,0.0013236124359536914
gaussian,12,2,6,50.0,T_0p05N,2,100,1.0,1.0,24.0666887717221,10.165695104546845,22.21413877880032,44.104544510812495,0.9998611380896497,0.9999999999999994,1.0,1.0000000000000004,0.013886191035026307,0.99,0.99,0.87,6.0,60.9,0.001779243330238387,0.0021838391199707984
gaussian,12,2,6,50.0,best_tested_T,0,100,0.32,0.0,23.71453839909561,10.165695104546845,22.21413877880032,44.10454451081247,0.9890432010052207,0.9231396597426506,1.0,1.0000000000000002,1.0956798994779302,0.76,0.79,0.0,6.0,0.0,0.00014889370300807058,0.00025359926512464877
gaussian,12,2,6,50.0,best_tested_T,1,100,0.32,0.0,24.060627582513895,10.165695104546845,22.21413877880032,44.10454451081247,0.9997717472172313,0.9999999999999998,1.0,1.0000000000000002,0.022825278276866978,0.99,0.99,0.24,6.0,36.0,0.0011053136782720684,0.0013574621465522795
gaussian,12,2,6,50.0,best_tested_T,2,100,0.32,0.0,24.067937928061298,10.165695104546845,22.21413877880032,44.10454451081247,1.0,0.9999999999999998,1.0,1.0000000000000002,-5.551115123125783e-16,1.0,1.0,0.25,6.0,43.2,0.0013107522448990495,0.0020698854059446603
gaussian,16,2,4,25.0,T_0,0,100,0.0,0.0,11.186978913418159,5.256055080324321,10.773146374074267,17.79835214450223,0.9811964081981647,0.9066750529985022,1.0,1.0000000000000004,1.8803591801835284,0.67,0.72,0.0,8.0,0.0,0.00012738458812236786,0.00018825955339707431
gaussian,16,2,4,25.0,T_0,1,100,0.0,0.0,11.379095235013118,5.552120165694521,10.97345724162372,17.79835214450223,0.9994651289365751,0.9999999999999996,1.0,1.0000000000000007,0.05348710634248488,0.97,0.98,0.32,8.0,32.0,0.0009770779451355339,0.0011766615381930024
gaussian,16,2,4,25.0,T_0,2,100,0.0,0.0,11.382173142622047,5.552120165694521,10.97345724162372,17.79835214450223,0.9999022383725863,0.9999999999999996,1.0,1.0000000000000007,0.009776162741376382,0.99,1.0,0.34,8.0,40.96,0.0012403352535329758,0.0019475355569738893
gaussian,16,2,4,25.0,T_0p025N,0,100,0.0,0.0,11.186978913418159,5.256055080324321,10.773146374074267,17.79835214450223,0.9811964081981647,0.9066750529985022,1.0,1.0000000000000004,1.8803591801835284,0.67,0.72,0.0,8.0,0.0,0.00013129688566550611,0.00020323983044363557
gaussian,16,2,4,25.0,T_0p025N,1,100,0.0,0.0,11.379095235013118,5.552120165694521,10.97345724162372,17.79835214450223,0.9994651289365751,0.9999999999999996,1.0,1.0000000000000007,0.05348710634248488,0.97,0.98,0.32,8.0,32.0,0.0009727082494646311,0.0011713748332113027
gaussian,16,2,4,25.0,T_0p025N,2,100,0.0,0.0,11.382173142622047,5.552120165694521,10.97345724162372,17.79835214450223,0.9999022383725863,0.9999999999999996,1.0,1.0000000000000007,0.009776162741376382,0.99,1.0,0.34,8.0,40.96,0.0012311781430616976,0.0018514403200242668
gaussian,16,2,4,25.0,T_0p05N,0,100,1.0,1.0,9.430229152352402,5.145061608481461,9.004485072020127,15.0111291708706,0.8393289989660286,0.6747834888463811,0.8374949775819198,1.0,16.067100103397138,0.14,0.15,0.0,9.0,0.0,0.00012884291005320846,0.00019444716162979596
gaussian,16,2,4,25.0,T_0p05N,1,100,1.0,1.0,11.36298627924355,5.55212016569452,10.97345724162372,17.79835214450223,0.9983849424084502,0.9899579514133907,1.0,1.0000000000000004,0.161505759154979,0.94,0.95,0.86,9.0,36.0,0.0010921594232786447,0.0013153533684089778
gaussian,16,2,4,25.0,T_0p05N,2,100,1.0,1.0,11.382173142622047,5.55212016569452,10.97345724162372,17.79835214450223,0.9999022383725863,0.9999999999999996,1.0,1.0000000000000004,0.009776162741381489,0.99,1.0,0.91,9.0,63.52,0.001836910150013864,0.002373031084425747
gaussian,16,2,4,25.0,best_tested_T,0,100,0.19,0.0,11.298315893909297,5.551970319739742,10.93265855081795,17.79835214450223,0.9936330169100933,0.9535387319649726,1.0,1.0000000000000004,0.6366983089906727,0.82,0.85,0.0,8.19,0.0,0.0001520740578416735,0.0002518458059057593
gaussian,16,2,4,25.0,best_tested_T,1,100,0.19,0.0,11.382173142622047,5.552120165694521,10.97345724162372,17.79835214450223,0.9999022383725863,0.9999999999999997,1.0,1.0000000000000004,0.00977616274137949,0.99,1.0,0.17,8.19,32.76,0.0010090339602902532,0.0012233087967615575
gaussian,16,2,4,25.0,best_tested_T,2,100,0.19,0.0,11.382173142622047,5.552120165694521,10.97345724162372,17.79835214450223,0.9999022383725863,0.9999999999999997,1.0,1.0000000000000004,0.00977616274137949,0.99,1.0,0.17,8.19,37.64,0.0011413993465248496,0.001728436327539384
gaussian,16,2,5,30.0,T_0,0,100,0.0,0.0,17.79701872962145,7.190626333585186,17.160198081179253,31.237289321746395,0.9668110633897249,0.8524613788865228,1.0,1.0,3.3188936610275186,0.56,0.6,0.0,8.0,0.0,0.00012491380446590482,0.00018234507879242296
gaussian,16,2,5,30.0,T_0,1,100,0.0,0.0,18.325476557122386,7.792506934751612,17.463056659848654,32.99470124626859,0.9980124963219104,0.9980324515189472,1.0,1.0000000000000004,0.1987503678089696,0.94,0.95,0.43,8.0,40.0,0.0012018920725677161,0.001459790562512353
gaussian,16,2,5,30.0,T_0,2,100,0.0,0.0,18.329867642535945,7.792506934751612,17.463056659848654,32.99470124626859,0.9987464498052779,0.9999999999999992,1.0,1.0000000000000004,0.1253550194722053,0.96,0.96,0.45,8.0,55.05,0.0016243502800352872,0.0023639796243514863
gaussian,16,2,5,30.0,T_0p025N,0,100,0.0,0.0,17.79701872962145,7.190626333585186,17.160198081179253,31.237289321746395,0.9668110633897249,0.8524613788865228,1.0,1.0,3.3188936610275186,0.56,0.6,0.0,8.0,0.0,0.00013197855209000407,0.00021796756773255764
gaussian,16,2,5,30.0,T_0p025N,1,100,0.0,0.0,18.325476557122386,7.792506934751612,17.463056659848654,32.99470124626859,0.9980124963219104,0.9980324515189472,1.0,1.0000000000000004,0.1987503678089696,0.94,0.95,0.43,8.0,40.0,0.0012049635488074273,0.0014871426159515978
gaussian,16,2,5,30.0,T_0p025N,2,100,0.0,0.0,18.329867642535945,7.792506934751612,17.463056659848654,32.99470124626859,0.9987464498052779,0.9999999999999992,1.0,1.0000000000000004,0.1253550194722053,0.96,0.96,0.45,8.0,55.05,0.0016123845207039267,0.0024135326442774377
gaussian,16,2,5,30.0,T_0p05N,0,100,1.0,1.0,14.839420848523508,7.450535039046575,13.958898110861734,26.678691750005584,0.823594739116035,0.6269098097519505,0.8437485583509468,1.0,17.6405260883965,0.14,0.14,0.0,9.0,0.0,0.00012797410134226083,0.0002079397439956665
gaussian,16,2,5,30.0,T_0p05N,1,100,1.0,1.0,18.27691572675052,7.792506934751612,17.56024354263871,32.994701246268576,0.9966731129134448,0.9827885353067717,1.0,1.0000000000000007,0.33268870865550587,0.9,0.93,0.86,9.0,45.0,0.0013284296542406082,0.0016369707009289414
gaussian,16,2,5,30.0,T_0p05N,2,100,1.0,1.0,18.342170983851144,7.792506934751612,17.644756751793288,32.994701246268576,0.9995378282901517,0.9999999999999991,1.0,1.0000000000000007,0.046217170984826146,0.97,0.97,0.94,9.0,79.4,0.00224329752731137,0.002689776715124026
gaussian,16,2,5,30.0,best_tested_T,0,100,0.37,0.0,18.0831929781858,7.792506934751612,17.34258039377211,31.237289321746395,0.9889647539318009,0.908521484382706,1.0,1.0000000000000002,1.1035246068198965,0.76,0.8,0.0,8.34,0.0,0.00014116624020971358,0.00021706307306885712
gaussian,16,2,5,30.0,best_tested_T,1,100,0.37,0.0,18.342816799367682,7.792506934751612,17.463056659848654,32.99470124626859,0.9996663780805828,0.9999999999999998,1.0,1.0000000000000002,0.03336219194171741,0.99,0.99,0.23,8.34,41.7,0.0012301194854080677,0.0014936124498490244
gaussian,16,2,5,30.0,best_tested_T,2,100,0.37,0.0,18.342816799367682,7.792506934751612,17.463056659848654,32.99470124626859,0.9996663780805828,0.9999999999999998,1.0,1.0000000000000002,0.03336219194171741,0.99,0.99,0.23,8.34,49.85,0.0014627372159156948,0.0022283748548943545
gaussian,16,2,6,35.0,T_0,0,100,0.0,0.0,26.522609454683447,9.344368762356737,24.544125172319436,51.01403833308558,0.9502678891247456,0.7509727029359146,1.0,1.0,4.973211087525439,0.52,0.56,0.0,8.0,0.0,0.00012926329392939806,0.0001940632122568786
gaussian,16,2,6,35.0,T_0,1,100,0.0,0.0,27.519289511023004,10.767992222371777,26.086171723169215,51.93578151244096,0.9921681451316169,0.9263044833496251,1.0,1.0000000000000004,0.7831854868383107,0.89,0.89,0.46,8.0,48.0,0.0013884578819852323,0.0016994781442917883
gaussian,16,2,6,35.0,T_0,2,100,0.0,0.0,27.61421629009489,10.767992222371777,26.086171723169215,51.93578151244096,0.9968257893975143,0.9999999999999996,1.0,1.0000000000000004,0.3174210602485663,0.96,0.96,0.55,8.0,67.32,0.00191687899408862,0.0027924538182560353
gaussian,16,2,6,35.0,T_0p025N,0,100,0.0,0.0,26.522609454683447,9.344368762356737,24.544125172319436,51.01403833308558,0.9502678891247456,0.7509727029359146,1.0,1.0,4.973211087525439,0.52,0.56,0.0,8.0,0.0,0.00012748379493132233,0.00018563712947070596
gaussian,16,2,6,35.0,T_0p025N,1,100,0.0,0.0,27.519289511023004,10.767992222371777,26.086171723169215,51.93578151244096,0.9921681451316169,0.9263044833496251,1.0,1.0000000000000004,0.7831854868383107,0.89,0.89,0.46,8.0,48.0,0.00139406303409487,0.0017124426900409161
gaussian,16,2,6,35.0,T_0p025N,2,100,0.0,0.0,27.61421629009489,10.767992222371777,26.086171723169215,51.93578151244096,0.9968257893975143,0.9999999999999996,1.0,1.0000000000000004,0.3174210602485663,0.96,0.96,0.55,8.0,67.32,0.001917925215093419,0.002786922751693055
gaussian,16,2,6,35.0,T_0p05N,0,100,1.0,1.0,21.915711825040567,9.747118420137143,20.203278388445753,43.86743582637847,0.8074403353367401,0.6265508580021836,0.8107101063382792,1.0,19.255966466325987,0.08,0.11,0.0,9.0,0.0,0.00013026468688622116,0.0001861180702690035
gaussian,16,2,6,35.0,T_0p05N,1,100,1.0,1.0,27.534781583275134,10.767992222371777,26.086171723169226,51.93578151244096,0.9946507340882523,0.952538314970714,1.0,1.0000000000000007,0.534926591174773,0.87,0.87,0.92,9.0,54.0,0.0015582308650482447,0.0018997036153450607
gaussian,16,2,6,35.0,T_0p05N,2,100,1.0,1.0,27.6813678059675,10.767992222371777,26.086171723169226,51.93578151244096,0.9994964157492439,0.9999999999999991,1.0,1.0000000000000007,0.05035842507561883,0.98,0.99,1.05,9.0,98.16,0.0030112654925324024,0.0033423943736124785
gaussian,16,2,6,35.0,best_tested_T,0,100,0.42,0.0,27.238704445020545,10.767992222371777,25.674805799219012,51.01403833308558,0.9859256484381822,0.9289234689503844,1.0,1.0,1.4074351561817795,0.65,0.72,0.0,8.36,0.0,0.00014473631395958364,0.000231921678641811
gaussian,16,2,6,35.0,best_tested_T,1,100,0.42,0.0,27.610504073016568,10.767992222371777,26.086171723169215,51.93578151244096,0.997561862340867,0.9999999999999996,1.0,1.0000000000000004,0.2438137659133044,0.96,0.96,0.33,8.36,50.16,0.0014559847116470336,0.0017994360998272894
gaussian,16,2,6,35.0,best_tested_T,2,100,0.42,0.0,27.650745673302584,10.767992222371777,26.086171723169215,51.93578151244096,0.9986604803564579,0.9999999999999997,1.0,1.0000000000000004,0.13395196435420906,0.97,0.97,0.35,8.36,64.86,0.0018599458481185138,0.002896056417375803
gaussian,16,2,6,40.0,T_0,0,100,0.0,0.0,26.522609454683447,9.344368762356737,24.544125172319436,51.01403833308558,0.9502678891247456,0.7509727029359146,1.0,1.0,4.973211087525439,0.52,0.56,0.0,8.0,0.0,0.00012871780432760716,0.00018718344508670268
gaussian,16,2,6,40.0,T_0,1,100,0.0,0.0,27.519289511023004,10.767992222371777,26.086171723169215,51.93578151244096,0.9921681451316169,0.9263044833496251,1.0,1.0000000000000004,0.7831854868383107,0.89,0.89,0.46,8.0,48.0,0.0014156552241183817,0.001674119831295684
gaussian,16,2,6,40.0,T_0,2,100,0.0,0.0,27.61421629009489,10.767992222371777,26.086171723169215,51.93578151244096,0.9968257893975143,0.9999999999999996,1.0,1.0000000000000004,0.3174210602485663,0.96,0.96,0.55,8.0,67.32,0.0019578920898493377,0.0029472932335920625
gaussian,16,2,6,40.0,T_0p025N,0,100,0.0,0.0,26.522609454683447,9.344368762356737,24.544125172319436,51.01403833308558,0.9502678891247456,0.7509727029359146,1.0,1.0,4.973211087525439,0.52,0.56,0.0,8.0,0.0,0.0001316327997483313,0.00020084442803636193
gaussian,16,2,6,40.0,T_0p025N,1,100,0.0,0.0,27.519289511023004,10.767992222371777,26.086171723169215,51.93578151244096,0.9921681451316169,0.9263044833496251,1.0,1.0000000000000004,0.7831854868383107,0.89,0.89,0.46,8.0,48.0,0.0014046943699941039,0.0017611830437090246
gaussian,16,2,6,40.0,T_0p025N,2,100,0.0,0.0,27.61421629009489,10.767992222371777,26.086171723169215,51.93578151244096,0.9968257893975143,0.9999999999999996,1.0,1.0000000000000004,0.3174210602485663,0.96,0.96,0.55,8.0,67.32,0.00195672654081136,0.002971445675939321
gaussian,16,2,6,40.0,T_0p05N,0,100,1.0,1.0,21.915711825040567,9.747118420137143,20.203278388445753,43.86743582637847,0.8074403353367401,0.6265508580021836,0.8107101063382792,1.0,19.255966466325987,0.08,0.11,0.0,9.0,0.0,0.00013288641930557786,0.00021725182887166736
gaussian,16,2,6,40.0,T_0p05N,1,100,1.0,1.0,27.534781583275134,10.767992222371777,26.086171723169226,51.93578151244096,0.9946507340882523,0.952538314970714,1.0,1.0000000000000007,0.534926591174773,0.87,0.87,0.92,9.0,54.0,0.0015816938993521035,0.001903827756177634
gaussian,16,2,6,40.0,T_0p05N,2,100,1.0,1.0,27.6813678059675,10.767992222371777,26.086171723169226,51.93578151244096,0.9994964157492439,0.9999999999999991,1.0,1.0000000000000007,0.05035842507561883,0.98,0.99,1.05,9.0,98.16,0.0027932332770433275,0.0035452296782750637
gaussian,16,2,6,40.0,best_tested_T,0,100,0.42,0.0,27.238704445020545,10.767992222371777,25.674805799219012,51.01403833308558,0.9859256484381822,0.9289234689503844,1.0,1.0,1.4074351561817795,0.65,0.72,0.0,8.36,0.0,0.0001450309797655791,0.00022953960578888654
gaussian,16,2,6,40.0,best_tested_T,1,100,0.42,0.0,27.610504073016568,10.767992222371777,26.086171723169215,51.93578151244096,0.997561862340867,0.9999999999999996,1.0,1.0000000000000004,0.2438137659133044,0.96,0.96,0.33,8.36,50.16,0.0014860996906645597,0.001859952986706048
gaussian,16,2,6,40.0,best_tested_T,2,100,0.42,0.0,27.650745673302584,10.767992222371777,26.086171723169215,51.93578151244096,0.9986604803564579,0.9999999999999997,1.0,1.0000000000000004,0.13395196435420906,0.97,0.97,0.35,8.36,64.86,0.0019009051856119187,0.003138314525131136
gaussian,16,2,7,45.0,T_0,0,100,0.0,0.0,37.11065519810168,11.461699742693954,33.744379223053585,78.84961073465507,0.9405152311571073,0.7110054529966019,0.99170537467786,1.0,5.948476884289262,0.42,0.51,0.0,8.0,0.0,0.00013212307821959258,0.00019862627959810197
gaussian,16,2,7,45.0,T_0,1,100,0.0,0.0,38.7866700965546,13.335360595742923,35.49979744347226,78.84961073465507,0.9926874760761087,0.9626701168628418,1.0,1.0000000000000004,0.7312523923891251,0.87,0.9,0.55,8.0,56.0,0.00161364147788845,0.0019263404014054685
gaussian,16,2,7,45.0,T_0,2,100,0.0,0.0,38.85413772160477,13.335360595742923,35.49979744347226,78.84961073465507,0.9959770642005451,0.9947108040917544,1.0,1.0000000000000004,0.40229357994549886,0.94,0.96,0.64,8.0,82.95,0.002312919283285737,0.0030899724340997634
gaussian,16,2,7,45.0,T_0p025N,0,100,0.0,0.0,37.11065519810168,11.461699742693954,33.744379223053585,78.84961073465507,0.9405152311571073,0.7110054529966019,0.99170537467786,1.0,5.948476884289262,0.42,0.51,0.0,8.0,0.0,0.00012757595395669342,0.0002013466670177877
gaussian,16,2,7,45.0,T_0p025N,1,100,0.0,0.0,38.7866700965546,13.335360595742923,35.49979744347226,78.84961073465507,0.9926874760761087,0.9626701168628418,1.0,1.0000000000000004,0.7312523923891251,0.87,0.9,0.55,8.0,56.0,0.001596052332315594,0.001831588102504611
gaussian,16,2,7,45.0,T_0p025N,2,100,0.0,0.0,38.85413772160477,13.335360595742923,35.49979744347226,78.84961073465507,0.9959770642005451,0.9947108040917544,1.0,1.0000000000000004,0.40229357994549886,0.94,0.96,0.64,8.0,82.95,0.002338446829235181,0.003316767793148756
gaussian,16,2,7,45.0,T_0p05N,0,100,1.0,1.0,31.03475090065724,12.250999582183521,28.210312922786112,61.53732158324431,0.8101229571149352,0.6005116296849814,0.8056251811170113,1.0,18.98770428850648,0.13,0.15,0.0,9.0,0.0,0.00013133110594935716,0.0002100797602906823
gaussian,16,2,7,45.0,T_0p05N,1,100,1.0,1.0,38.815636610884475,13.440240839237827,35.49979744347226,78.84961073465507,0.9959950964495927,0.9753550292018466,1.0,1.0000000000000007,0.40049035504073627,0.85,0.9,0.87,9.0,63.0,0.0017899810813833028,0.0021550870325881986
gaussian,16,2,7,45.0,T_0p05N,2,100,1.0,1.0,38.99410610873701,13.559398959642909,35.49979744347226,78.84961073465507,0.9996395676054726,0.999999999999999,1.0,1.0000000000000007,0.03604323945273613,0.97,0.99,1.0,9.0,111.72,0.003097308772848919,0.0037987383489962666
gaussian,16,2,7,45.0,best_tested_T,0,100,0.44,0.0,38.377852589676486,13.438010076824584,34.09623826608261,78.84961073465507,0.9861684091189457,0.9125748033515148,1.0,1.0,1.3831590881054268,0.63,0.73,0.0,8.3,0.0,0.0001485829660668969,0.00023357236059382558
gaussian,16,2,7,45.0,best_tested_T,1,100,0.44,0.0,38.97286820977214,13.559398959642909,35.49979744347226,78.84961073465507,0.9989721891620793,0.9936328210730249,1.0,1.0,0.10278108379207318,0.94,0.96,0.35,8.3,58.1,0.0016771609871648252,0.0019506678101606665
gaussian,16,2,7,45.0,best_tested_T,2,100,0.44,0.0,38.990263526147736,13.559398959642909,35.49979744347226,78.84961073465507,0.999415003473275,0.9999999999999991,1.0,1.0,0.058499652672500124,0.97,0.98,0.39,8.3,75.74,0.002155469194985926,0.0032586117507889868
gaussian,16,2,8,50.0,T_0,0,100,0.0,0.0,49.79457638001525,14.277988974683272,44.83779134808587,108.51623675471157,0.9343612119652309,0.6861553830782023,0.984875256308136,1.0,6.56387880347691,0.38,0.45,0.0,8.0,0.0,0.00012932401266880334,0.00019061982748098673
gaussian,16,2,8,50.0,T_0,1,100,0.0,0.0,52.17809670170216,16.75693751062461,45.72062564409717,109.30281082656518,0.9901374451774285,0.9442256111392356,1.0,1.0000000000000004,0.98625548225715,0.85,0.89,0.59,8.0,64.0,0.0018204614822752774,0.0021738557028584183
gaussian,16,2,8,50.0,T_0,2,100,0.0,0.0,52.264951973750456,16.75693751062461,45.72062564409717,109.30281082656518,0.994226527481766,0.9978599274727157,1.0,1.0000000000000004,0.5773472518233927,0.95,0.95,0.69,8.0,97.04,0.0027091956266667694,0.0036314186465460805
gaussian,16,2,8,50.0,T_0p025N,0,100,0.0,0.0,49.79457638001525,14.277988974683272,44.83779134808587,108.51623675471157,0.9343612119652309,0.6861553830782023,0.984875256308136,1.0,6.56387880347691,0.38,0.45,0.0,8.0,0.0,0.00013868493144400418,0.0002029322029557079
gaussian,16,2,8,50.0,T_0p025N,1,100,0.0,0.0,52.17809670170216,16.75693751062461,45.72062564409717,109.30281082656518,0.9901374451774285,0.9442256111392356,1.0,1.0000000000000004,0.98625548225715,0.85,0.89,0.59,8.0,64.0,0.0018230516149196775,0.002146277081919834
gaussian,16,2,8,50.0,T_0p025N,2,100,0.0,0.0,52.264951973750456,16.75693751062461,45.72062564409717,109.30281082656518,0.994226527481766,0.9978599274727157,1.0,1.0000000000000004,0.5773472518233927,0.95,0.95,0.69,8.0,97.04,0.002682453728048131,0.0034602866100613026
gaussian,16,2,8,50.0,T_0p05N,0,100,1.0,1.0,41.99362350775706,15.071485808602523,37.2057156999345,87.42020869720136,0.8079396563837937,0.6083124859102108,0.8141117591409647,1.0,19.206034361620624,0.14,0.15,0.0,8.0,0.0,0.00012922896887175738,0.00018731600721366704
gaussian,16,2,8,50.0,T_0p05N,1,100,1.0,1.0,52.41957658882624,16.81511355028113,45.50960085064759,109.30281082656508,0.9973724639216563,0.9780835322970491,1.0,1.0000000000000007,0.26275360783436397,0.86,0.92,0.86,8.0,64.0,0.0018371001398190855,0.0022329448780510574
gaussian,16,2,8,50.0,T_0p05N,2,100,1.0,1.0,52.55894756613884,16.938569625703423,45.72062564409717,109.30281082656508,1.0,0.9999999999999991,1.0,1.0000000000000007,4.773959005888173e-15,1.0,1.0,1.0,8.0,112.16,0.0031167967920191584,0.0037747694936115296
gaussian,16,2,8,50.0,best_tested_T,0,100,0.48,0.0,51.7613520538559,16.80152539990315,45.22702018945928,108.51623675471157,0.9863403096012162,0.9365915372348307,1.0,1.0,1.3659690398783757,0.57,0.66,0.0,8.0,0.0,0.00015964998630806803,0.0002542759291827678
gaussian,16,2,8,50.0,best_tested_T,1,100,0.48,0.0,52.514358637942195,16.80152539990315,45.72062564409717,109.30281082656518,0.9990148878681993,0.9972892934894495,1.0,1.0000000000000002,0.09851121318008114,0.93,0.97,0.41,8.0,64.0,0.001831279166508466,0.002122183353640139
gaussian,16,2,8,50.0,best_tested_T,2,100,0.48,0.0,52.54263026353703,16.80152539990315,45.72062564409717,109.30281082656518,0.9996824212850113,0.9999999999999996,1.0,1.0000000000000002,0.03175787149886278,0.98,0.99,0.46,8.0,86.96,0.0024217015388421715,0.003419697476783767
gaussian,20,2,5,25.0,T_0,0,100,0.0,0.0,17.706222585476183,7.392523194859889,16.820138873870235,31.722780725742478,0.9496109879319213,0.7664998474762278,0.9927211863427585,1.0,5.038901206807863,0.46,0.52,0.0,8.0,0.0,0.00013465957366861402,0.00019643381820060312
gaussian,20,2,5,25.0,T_0,1,100,0.0,0.0,18.469051814326246,8.232420265685446,17.367294959707753,33.55653894553391,0.9960498842574117,0.9830768560619091,1.0,1.0000000000000002,0.3950115742588311,0.91,0.93,0.53,8.0,40.0,0.0012030237435828894,0.0014663178299088029
gaussian,20,2,5,25.0,T_0,2,100,0.0,0.0,18.514236729108504,8.234144240069675,17.434608562714036,33.55653894553391,0.9988512081781618,0.9999999999999996,1.0,1.0000000000000002,0.11487918218382365,0.97,0.99,0.6,8.0,58.55,0.0017087675654329359,0.002406951214652508
gaussian,20,2,5,25.0,T_0p025N,0,100,0.0,0.0,17.706222585476183,7.392523194859889,16.820138873870235,31.722780725742478,0.9496109879319213,0.7664998474762278,0.9927211863427585,1.0,5.038901206807863,0.46,0.52,0.0,8.0,0.0,0.0001377791992854327,0.0002207300334703177
gaussian,20,2,5,25.0,T_0p025N,1,100,0.0,0.0,18.469051814326246,8.232420265685446,17.367294959707753,33.55653894553391,0.9960498842574117,0.9830768560619091,1.0,1.0000000000000002,0.3950115742588311,0.91,0.93,0.53,8.0,40.0,0.0012034852930810302,0.0014521683275233953
gaussian,20,2,5,25.0,T_0p025N,2,100,0.0,0.0,18.514236729108504,8.234144240069675,17.434608562714036,33.55653894553391,0.9988512081781618,0.9999999999999996,1.0,1.0000000000000002,0.11487918218382365,0.97,0.99,0.6,8.0,58.55,0.0017139857017900795,0.0024177097715437413
gaussian,20,2,5,25.0,T_0p05N,0,100,1.0,1.0,15.619813957931681,7.1556465101096185,14.007932292040273,28.190925030734714,0.8475879721526439,0.6535108171233457,0.8491222757597635,1.0,15.2412027847356,0.15,0.17,0.0,9.0,0.0,0.0001354969118256122,0.00020552997011691332
gaussian,20,2,5,25.0,T_0p05N,1,100,1.0,1.0,18.46331420594639,8.233818203087342,17.367294959707756,33.55653894553388,0.9964753704014323,0.9889357865474697,1.0,1.0000000000000004,0.35246295985676485,0.88,0.95,0.85,9.0,45.0,0.0013377384620252997,0.0016477950965054333
gaussian,20,2,5,25.0,T_0p05N,2,100,1.0,1.0,18.52903943182548,8.234144240069675,17.434608562714036,33.55653894553388,1.0,0.9999999999999991,1.0,1.0000000000000004,2.6645352591003757e-15,1.0,1.0,0.97,9.0,79.0,0.002259513479657471,0.0028292199596762655
gaussian,20,2,5,25.0,best_tested_T,0,100,0.46,0.0,18.264213636373807,8.233818203087338,17.32764978679955,33.18990117224451,0.9875267859723215,0.9250443458573347,1.0,1.0000000000000002,1.247321402767847,0.67,0.74,0.0,8.46,0.0,0.00016427252441644668,0.00025137428892776367
gaussian,20,2,5,25.0,best_tested_T,1,100,0.46,0.0,18.519674056569936,8.234144240069675,17.434608562714036,33.55653894553391,0.9993534462175228,0.9999999999999996,1.0,1.0000000000000002,0.06465537824771661,0.96,0.98,0.31,8.46,42.3,0.0012661668297369033,0.0015621586178895086
gaussian,20,2,5,25.0,best_tested_T,2,100,0.46,0.0,18.519813890721437,8.234144240069675,17.434608562714036,33.55653894553391,0.99935724357836,0.9999999999999996,1.0,1.0000000000000002,0.06427564216400528,0.97,0.98,0.32,8.46,53.8,0.0015801711927633732,0.0025342776207253337
gaussian,20,2,6,30.0,T_0,0,100,0.0,0.0,26.79052913473696,9.45720772987374,24.681566961599955,52.7698347339178,0.9309379717066406,0.6962170383337355,0.9849795046693843,1.0,6.9062028293359425,0.39,0.47,0.0,8.0,0.0,0.0001330715441145003,0.00020547094754874704
gaussian,20,2,6,30.0,T_0,1,100,0.0,0.0,28.237549385859325,10.77726357372468,26.024308830654455,54.226360691139355,0.9922152133283899,0.9439177891361125,1.0,1.0000000000000004,0.7784786671610142,0.83,0.87,0.59,8.0,48.0,0.0014147309120744467,0.0016633686027489603
gaussian,20,2,6,30.0,T_0,2,100,0.0,0.0,28.373441843328884,11.0124206237557,26.62499443849844,54.226360691139355,0.9974476377711862,0.9941850697203587,1.0,1.0000000000000004,0.25523622288138315,0.94,0.96,0.7,8.0,72.78,0.0020794459397438913,0.0027636953454930335
gaussian,20,2,6,30.0,T_0p025N,0,100,0.0,0.0,26.79052913473696,9.45720772987374,24.681566961599955,52.7698347339178,0.9309379717066406,0.6962170383337355,0.9849795046693843,1.0,6.9062028293359425,0.39,0.47,0.0,8.0,0.0,0.0001344605954363942,0.0002054771000985056
gaussian,20,2,6,30.0,T_0p025N,1,100,0.0,0.0,28.237549385859325,10.77726357372468,26.024308830654455,54.226360691139355,0.9922152133283899,0.9439177891361125,1.0,1.0000000000000004,0.7784786671610142,0.83,0.87,0.59,8.0,48.0,0.0014081766840536147,0.0016919574060011654
gaussian,20,2,6,30.0,T_0p025N,2,100,0.0,0.0,28.373441843328884,11.0124206237557,26.62499443849844,54.226360691139355,0.9974476377711862,0.9941850697203587,1.0,1.0000000000000004,0.25523622288138315,0.94,0.96,0.7,8.0,72.78,0.00209146486595273,0.0029183595499489455
gaussian,20,2,6,30.0,T_0p05N,0,100,1.0,1.0,23.571507484534628,9.26867070149492,20.444998632453405,43.774740609682226,0.8382378808990594,0.6403827086092323,0.852880294929961,1.0,16.176211910094064,0.14,0.14,0.0,9.0,0.0,0.00013528535841032861,0.00018593689310364422
gaussian,20,2,6,30.0,T_0p05N,1,100,1.0,1.0,28.29050688731409,11.0124206237557,26.34477937970277,54.226360691139355,0.9954720836032895,0.9762905486161518,1.0,1.0000000000000004,0.4527916396710451,0.88,0.89,0.86,9.0,54.0,0.001563494773581624,0.0017635958327446132
gaussian,20,2,6,30.0,T_0p05N,2,100,1.0,1.0,28.38559575959833,11.0124206237557,26.624994438498447,54.226360691139355,0.998651018395193,0.999803673540158,1.0,1.0000000000000004,0.13489816048070624,0.95,0.96,0.97,9.0,95.28,0.0026910645805764944,0.003279874386498704
gaussian,20,2,6,30.0,best_tested_T,0,100,0.45,0.0,27.921479936820834,11.000161523082047,25.594291959120163,52.7698347339178,0.9837292389534882,0.8997452677154402,1.0,1.0,1.6270761046511786,0.63,0.71,0.0,8.45,0.0,0.00015318381134420632,0.00025250603212043635
gaussian,20,2,6,30.0,best_tested_T,1,100,0.45,0.0,28.404288247242313,11.0124206237557,26.34477937970278,54.226360691139355,0.9990908540542294,0.9999999999999992,1.0,1.0000000000000004,0.09091459457706275,0.96,0.97,0.37,8.45,50.7,0.0014852494548540562,0.0018001234508119523
gaussian,20,2,6,30.0,best_tested_T,2,100,0.45,0.0,28.428973549222135,11.0124206237557,26.624994438498447,54.226360691139355,1.0,0.9999999999999997,1.0,1.0000000000000004,-1.5543122344752192e-15,1.0,1.0,0.41,8.45,66.84,0.0019367745926138014,0.0029936721199192106
gaussian,20,2,7,35.0,T_0,0,100,0.0,0.0,38.094417632410355,11.423410981498774,34.09348760190136,80.79051190812538,0.9176522569828605,0.6366732106300509,0.9692185547755234,1.0,8.234774301713951,0.35,0.4,0.0,8.0,0.0,0.000141286407597363,0.00020853638416156166
gaussian,20,2,7,35.0,T_0,1,100,0.0,0.0,40.72858297719119,13.55924094505927,38.35468076751745,84.24518536514589,0.990930884826168,0.9330854146010272,1.0,1.0000000000000009,0.9069115173832093,0.84,0.86,0.63,8.0,56.0,0.001623270345153287,0.0018463591055478898
gaussian,20,2,7,35.0,T_0,2,100,0.0,0.0,40.844189125343746,13.55924094505927,38.743312929345336,84.24518536514589,0.994280693935306,0.9848036322431164,1.0,1.0000000000000009,0.5719306064693924,0.94,0.94,0.75,8.0,86.87,0.0024647803872358052,0.003171106887748465
gaussian,20,2,7,35.0,T_0p025N,0,100,0.0,0.0,38.094417632410355,11.423410981498774,34.09348760190136,80.79051190812538,0.9176522569828605,0.6366732106300509,0.9692185547755234,1.0,8.234774301713951,0.35,0.4,0.0,8.0,0.0,0.000140352068701759,0.00019368553766980766
gaussian,20,2,7,35.0,T_0p025N,1,100,0.0,0.0,40.72858297719119,13.55924094505927,38.35468076751745,84.24518536514589,0.990930884826168,0.9330854146010272,1.0,1.0000000000000009,0.9069115173832093,0.84,0.86,0.63,8.0,56.0,0.0016297658556140959,0.002028693858301267
gaussian,20,2,7,35.0,T_0p025N,2,100,0.0,0.0,40.844189125343746,13.55924094505927,38.743312929345336,84.24518536514589,0.994280693935306,0.9848036322431164,1.0,1.0000000000000009,0.5719306064693924,0.94,0.94,0.75,8.0,86.87,0.0024361443996895106,0.003198996966239065
gaussian,20,2,7,35.0,T_0p05N,0,100,1.0,1.0,34.3744319946229,12.150018582347954,28.748530603688113,65.87033978464886,0.8420152653520115,0.6301289976948745,0.8567832379691273,1.0,15.798473464798844,0.14,0.18,0.0,9.0,0.0,0.00013632316375151277,0.00019156591151840984
gaussian,20,2,7,35.0,T_0p05N,1,100,1.0,1.0,40.65629807150561,13.559240945059264,38.1137958456714,84.1864387291315,0.9914812771092707,0.9324944626342032,1.0,1.0000000000000004,0.8518722890729304,0.8,0.84,0.86,9.0,63.0,0.0018058639019727708,0.0021775754634290934
gaussian,20,2,7,35.0,T_0p05N,2,100,1.0,1.0,40.9632602403239,13.559240945059264,38.50649856197443,84.24518536514589,0.9985082014066324,0.999999999999999,1.0,1.0000000000000009,0.1491798593367507,0.97,0.97,1.05,9.0,111.16,0.003074484091484919,0.0035871681582648304
gaussian,20,2,7,35.0,best_tested_T,0,100,0.62,0.0,40.15358297833885,14.292542785717684,37.156327772530084,80.79051190812538,0.983405651985525,0.9120815409601081,1.0,1.0,1.6594348014475075,0.57,0.66,0.0,8.62,0.0,0.00015406524064019323,0.000281672878190875
gaussian,20,2,7,35.0,best_tested_T,1,100,0.62,0.0,40.92343476314183,14.309598397621624,38.1137958456714,84.24518536514589,0.9982849371717814,0.9997216537403912,1.0,1.0000000000000004,0.17150628282186986,0.95,0.97,0.4,8.62,60.34,0.0017437571694608777,0.0021675669879186897
gaussian,20,2,7,35.0,best_tested_T,2,100,0.62,0.0,40.941377844077,14.309598397621624,38.1137958456714,84.24518536514589,0.9986687781934812,0.9999999999999991,1.0,1.0000000000000004,0.13312218065187653,0.97,0.98,0.42,8.62,81.13,0.002317578725051135,0.0034466867509763684
gaussian,20,2,8,40.0,T_0,0,100,0.0,0.0,52.46594869064945,13.618160508394281,45.76906674738191,113.63722585164437,0.9121909054226945,0.6144016950334802,0.9730561838388778,1.0,8.780909457730544,0.36,0.42,0.0,8.0,0.0,0.0001408736116718501,0.00020281404140405355
gaussian,20,2,8,40.0,T_0,1,100,0.0,0.0,55.930769261648756,16.686366181918675,51.87501438337888,121.80652517492481,0.9868624396784146,0.9084073740478437,1.0,1.0000000000000009,1.3137560321585389,0.79,0.85,0.62,8.0,64.0,0.001829824955202639,0.0020737351267598567
gaussian,20,2,8,40.0,T_0,2,100,0.0,0.0,56.1307599331232,16.686366181918675,52.510394341890986,121.80652517492481,0.991327875692794,0.9278755203238804,1.0,1.0000000000000009,0.8672124307206039,0.9,0.91,0.75,8.0,98.72,0.0027550275961402805,0.0036755253444425763
gaussian,20,2,8,40.0,T_0p025N,0,100,0.0,0.0,52.46594869064945,13.618160508394281,45.76906674738191,113.63722585164437,0.9121909054226945,0.6144016950334802,0.9730561838388778,1.0,8.780909457730544,0.36,0.42,0.0,8.0,0.0,0.00014002239215187728,0.00020269120577722785
gaussian,20,2,8,40.0,T_0p025N,1,100,0.0,0.0,55.930769261648756,16.686366181918675,51.87501438337888,121.80652517492481,0.9868624396784146,0.9084073740478437,1.0,1.0000000000000009,1.3137560321585389,0.79,0.85,0.62,8.0,64.0,0.0018271781329531223,0.002255872800014913
gaussian,20,2,8,40.0,T_0p025N,2,100,0.0,0.0,56.1307599331232,16.686366181918675,52.510394341890986,121.80652517492481,0.991327875692794,0.9278755203238804,1.0,1.0000000000000009,0.8672124307206039,0.9,0.91,0.75,8.0,98.72,0.002732726482208818,0.003578074026154354
gaussian,20,2,8,40.0,T_0p05N,0,100,1.0,1.0,47.36619851182646,14.866092211903036,38.803838950086394,101.61546516479065,0.840704201629071,0.634683377982831,0.8593070920243906,1.0,15.929579837092906,0.12,0.15,0.0,9.0,0.0,0.00013507368974387645,0.00018753623589873314
gaussian,20,2,8,40.0,T_0p05N,1,100,1.0,1.0,55.99667504880501,16.686366181918675,51.74761296899115,121.12273116537352,0.9912446805985259,0.9450679180796953,1.0,1.0000000000000007,0.8755319401474128,0.81,0.85,0.87,9.0,72.0,0.002040269470307976,0.0023382734332699326
gaussian,20,2,8,40.0,T_0p05N,2,100,1.0,1.0,56.352398142980874,16.686366181918675,52.510394341890986,121.80652517492483,0.9970041204962028,0.9999999999999991,1.0,1.0000000000000007,0.299587950379712,0.96,0.97,1.04,9.0,127.68,0.003527492540888488,0.0042685389635153115
gaussian,20,2,8,40.0,best_tested_T,0,100,0.64,0.0,55.475889456296834,17.183813225718843,52.098671608501604,113.63722585164437,0.9859321584179049,0.9375954622277362,1.0,1.0000000000000002,1.4067841582095035,0.58,0.68,0.0,8.63,0.0,0.00015378790092654526,0.0002692460082471371
gaussian,20,2,8,40.0,best_tested_T,1,100,0.64,0.0,56.34383822044336,17.259918840687348,52.22607302288935,121.80652517492481,0.9983398055251561,0.9933813889883237,1.0,1.0000000000000007,0.16601944748439157,0.91,0.97,0.38,8.63,69.04,0.0019660635956097396,0.0025319805718027055
gaussian,20,2,8,40.0,best_tested_T,2,100,0.64,0.0,56.3673022472554,17.259918840687348,52.22607302288935,121.80652517492481,0.9988126093538778,0.9999999999999991,1.0,1.0000000000000007,0.11873906461221806,0.96,0.98,0.43,8.63,91.52,0.002596691193757579,0.0039707568066660315
gaussian,20,2,9,45.0,T_0,0,100,0.0,0.0,69.08196951880205,16.353501503649376,59.40448238541708,161.5358518122393,0.9067811939492918,0.5813141776094358,0.9757763135998909,1.0,9.32188060507081,0.28,0.38,0.0,8.0,0.0,0.0001472707581706345,0.00021725915721617639
gaussian,20,2,9,45.0,T_0,1,100,0.0,0.0,73.6415530999771,20.25554815338839,66.10521722406718,162.32349147633815,0.9845853737003225,0.8792654897435662,1.0,1.0000000000000009,1.5414626299677479,0.76,0.81,0.67,8.0,72.0,0.0020516864815726876,0.0023794528387952596
gaussian,20,2,9,45.0,T_0,2,100,0.0,0.0,73.94277796667032,20.25554815338839,67.4728019378982,162.32349147633815,0.9896173954681218,0.9233707003762691,1.0,1.0000000000000009,1.0382604531878172,0.87,0.89,0.82,8.0,114.21,0.0031978768203407525,0.004117983701871708
gaussian,20,2,9,45.0,T_0p025N,0,100,0.0,0.0,69.08196951880205,16.353501503649376,59.40448238541708,161.5358518122393,0.9067811939492918,0.5813141776094358,0.9757763135998909,1.0,9.32188060507081,0.28,0.38,0.0,8.0,0.0,0.0001465772558003664,0.00021779775270260864
gaussian,20,2,9,45.0,T_0p025N,1,100,0.0,0.0,73.6415530999771,20.25554815338839,66.10521722406718,162.32349147633815,0.9845853737003225,0.8792654897435662,1.0,1.0000000000000009,1.5414626299677479,0.76,0.81,0.67,8.0,72.0,0.002055444334400818,0.0024067520338576284
gaussian,20,2,9,45.0,T_0p025N,2,100,0.0,0.0,73.94277796667032,20.25554815338839,67.4728019378982,162.32349147633815,0.9896173954681218,0.9233707003762691,1.0,1.0000000000000009,1.0382604531878172,0.87,0.89,0.82,8.0,114.21,0.0032120712543837727,0.004252828477183357
gaussian,20,2,9,45.0,T_0p05N,0,100,1.0,1.0,62.991175735975915,18.263196886043996,51.88623528835274,134.33010997307082,0.8440256881968661,0.6264492459191154,0.8651323301355416,1.0,15.597431180313395,0.14,0.17,0.0,9.0,0.0,0.00014213148853741586,0.00021181231713853776
gaussian,20,2,9,45.0,T_0p05N,1,100,1.0,1.0,73.97767791775885,20.612164067914318,67.4728019378982,162.3234914763383,0.9927557553166969,0.9608169440731315,1.0,1.0000000000000009,0.724424468330308,0.82,0.87,0.86,9.0,81.0,0.0022733293776400387,0.002651987597346306
gaussian,20,2,9,45.0,T_0p05N,2,100,1.0,1.0,74.27873993023566,20.612164067914318,67.6260135884713,162.3234914763383,0.9964907399242027,0.9796356350305508,1.0,1.0000000000000009,0.35092600757972725,0.93,0.94,0.99,9.0,142.92,0.003944744550390169,0.004677653615362942
gaussian,20,2,9,45.0,best_tested_T,0,100,0.66,0.0,73.27488790025426,20.54075179069506,65.20865157083225,161.7637473439347,0.9854686111260352,0.9405131288465145,0.9999593338406283,1.0,1.4531388873964817,0.5,0.63,0.0,8.63,0.0,0.00016153282136656345,0.0002798436617013067
gaussian,20,2,9,45.0,best_tested_T,1,100,0.66,0.0,74.32239722967901,20.62168871428859,67.51750386041336,162.32349147633815,0.9988254698875388,0.9965380470391522,1.0,1.0000000000000009,0.11745301124610974,0.93,0.96,0.48,8.63,77.67,0.0022163180226925762,0.002862137829652056
gaussian,20,2,9,45.0,best_tested_T,2,100,0.66,0.0,74.3747529167309,20.622790916266606,67.62601358847132,162.32349147633815,0.9993404172854409,0.9999999999999991,1.0,1.0000000000000009,0.06595827145591016,0.98,0.98,0.53,8.63,110.16,0.003106551900273189,0.004717377002816647
gaussian,20,2,10,50.0,T_0,0,100,0.0,0.0,88.04164908761544,19.51625082229739,74.31210504050401,213.43870961668958,0.9035210777052204,0.5413733057692821,0.9755428322138053,1.0,9.64789222947796,0.37,0.45,0.0,8.0,0.0,0.00014331239741295577,0.00019171272870153187
gaussian,20,2,10,50.0,T_0,1,100,0.0,0.0,93.71640462819649,23.490063951659376,82.51734169872842,213.68425079244307,0.9829410696395924,0.8591520013876601,1.0,1.0000000000000009,1.7058930360407656,0.76,0.84,0.59,8.0,80.0,0.0022311513219028713,0.002439317136304453
gaussian,20,2,10,50.0,T_0,2,100,0.0,0.0,94.04975933379593,23.490063951659376,83.95008804945276,213.68425079244307,0.9882270743475894,0.8960641200306658,1.0,1.0000000000000009,1.1772925652410553,0.9,0.91,0.73,8.0,121.3,0.0033477463060989977,0.004384488816140219
gaussian,20,2,10,50.0,T_0p025N,0,100,0.0,0.0,88.04164908761544,19.51625082229739,74.31210504050401,213.43870961668958,0.9035210777052204,0.5413733057692821,0.9755428322138053,1.0,9.64789222947796,0.37,0.45,0.0,8.0,0.0,0.00014213493443094194,0.0001888879400212317
gaussian,20,2,10,50.0,T_0p025N,1,100,0.0,0.0,93.71640462819649,23.490063951659376,82.51734169872842,213.68425079244307,0.9829410696395924,0.8591520013876601,1.0,1.0000000000000009,1.7058930360407656,0.76,0.84,0.59,8.0,80.0,0.0022379290091339497,0.00254124000784941
gaussian,20,2,10,50.0,T_0p025N,2,100,0.0,0.0,94.04975933379593,23.490063951659376,83.95008804945276,213.68425079244307,0.9882270743475894,0.8960641200306658,1.0,1.0000000000000009,1.1772925652410553,0.9,0.91,0.73,8.0,121.3,0.003400253861909732,0.004602788417832925
gaussian,20,2,10,50.0,T_0p05N,0,100,1.0,1.0,80.41257838702658,22.549584717816863,66.40805626864935,165.03522061238496,0.8464070412798769,0.6455827313802709,0.862364735057898,1.0,15.359295872012307,0.14,0.19,0.0,9.0,0.0,0.00014821712975390255,0.00022183075780048966
gaussian,20,2,10,50.0,T_0p05N,1,100,1.0,1.0,94.27375949448715,24.451354503767604,83.95193074485823,213.68425079244307,0.9926204428854214,0.9568296127816079,1.0,1.0000000000000009,0.7379557114578619,0.82,0.86,0.84,9.0,90.0,0.0025123777042608706,0.0028922754630912096
gaussian,20,2,10,50.0,T_0p05N,2,100,1.0,1.0,94.54108319262428,24.451354503767604,84.68811559076175,213.68425079244307,0.9957573691711442,0.9999133594457598,1.0,1.0000000000000009,0.42426308288557935,0.95,0.96,0.99,9.0,157.2,0.004304590618703514,0.005000569042749703
gaussian,20,2,10,50.0,best_tested_T,0,100,0.72,0.0,93.61191622437516,24.84045004772675,82.51734169872842,213.68425079244307,0.988846757770387,0.9405217321516594,0.9999999999999999,1.0,1.1153242229613,0.62,0.72,0.0,8.61,0.0,0.00015809342497959732,0.0002554493024945259
gaussian,20,2,10,50.0,best_tested_T,1,100,0.72,0.0,94.5427972720877,25.16813725089494,84.68811559076175,213.68425079244307,0.9987242401437422,0.9998208933375636,1.0,1.0000000000000009,0.12757598562577843,0.95,0.96,0.37,8.61,86.1,0.002411640721838921,0.0028356900787912306
gaussian,20,2,10,50.0,best_tested_T,2,100,0.72,0.0,94.57588697972747,25.16813725089494,84.68811559076175,213.68425079244307,0.9990369922029454,0.9999999999999992,1.0,1.0000000000000009,0.09630077970546246,0.98,0.98,0.4,8.61,114.3,0.0032057209650520235,0.005067218682961538
