data_profile,generator_seed,sample,N,L,K,sigma,P,off_pct,active_pct,best_tested_T,best_tested_T_over_N,best_tested_T_over_K,best_tested_u_bf,best_tested_u_i,best_tested_u_g_value,best_tested_u_g_db,prev_T,prev_T_u_g,next_T,next_T_u_g,row_power_cv,row_power_skew3,row_power_p95_p50,row_power_p99_p50,row_power_max_p95,log_power_gap_max,log_power_gap_rank,log_power_gap_rank_pct,tail_mass_p80,tail_mass_p90,tail_mass_p95,tail_mass_p99
nakagami,42,0,5000,6,1250,1.0,1.0,75.0,25.0,283,0.0566,0.2264,101944.46923918823,30823332.409857925,2.278314122323098e+25,253.5761360217793,282,2.2760828039849505e+25,284,2.274091169379833e+25,0.2902345833812069,0.6488413465220814,1.572705123422526,1.864487080712418,1.8164778085937132,0.12459221375869267,1,0.0002,0.28701498360278194,0.15732922986199338,0.08510145090479641,0.019644043280352203
nakagami,42,1,5000,6,1250,1.0,1.0,75.0,25.0,334,0.0668,0.2672,117052.47720583285,25982506.055663597,5.3182076068832425e+25,257.2576528688121,333,5.281936168759651e+25,335,5.310183207085676e+25,0.29345566057209993,0.5767303203840296,1.571956621796418,1.8483867036723296,1.5724620596838357,0.13024507520887085,4998,0.9996,0.2873591855188165,0.15738625658800745,0.08495285880338138,0.019741737560937597
nakagami,42,2,5000,6,1250,1.0,1.0,75.0,25.0,257,0.0514,0.2056,117737.19204704704,22263311.428027704,5.537187697896589e+25,257.4328924534309,256,5.532553120650208e+25,258,5.527720391575207e+25,0.2872725173480201,0.5439049058700739,1.550167065533851,1.8157606211874322,1.6048618725567243,0.13334377026116284,4997,0.9994,0.28564795163211787,0.15568289249008874,0.08359515435672345,0.019269498062995223
nakagami,42,3,5000,6,1250,1.0,1.0,75.0,25.0,336,0.0672,0.2688,116623.81516184376,52786586.54151545,5.026773912118812e+25,257.01289352519245,335,5.000769557968651e+25,337,5.021349662934359e+25,0.2924080613530204,0.6355246948782646,1.5700903888968345,1.8523270174129485,1.579128345215958,0.05630121015179279,4989,0.9978,0.28746404114016233,0.1577793807242432,0.08572711710063077,0.019808664315244386
nakagami,42,4,5000,6,1250,1.0,1.0,75.0,25.0,163,0.0326,0.1304,122538.11647666874,29171006.184459127,6.9908503503172075e+25,258.44530005500906,162,6.8764970879031065e+25,164,6.984335863376735e+25,0.28307293255580424,0.5407717485142256,1.5529329372392553,1.8340550023980446,1.5347351630365564,0.09784163710592542,4997,0.9994,0.28507606394160345,0.15516116181528222,0.0832395200461028,0.018967623129379396
nakagami,42,5,5000,6,1250,1.0,1.0,75.0,25.0,183,0.0366,0.1464,112155.70509557484,34862946.87682045,4.04153770637136e+25,256.0654663499468,182,4.038363209001927e+25,184,4.0333656655101266e+25,0.29308068081546973,0.6005181041879316,1.5647642052189958,1.8653131740244309,1.6595171477978639,0.12362740572654074,4999,0.9998,0.28755833858578117,0.1572433355654196,0.08488157357368398,0.0198333533125584
nakagami,42,6,5000,6,1250,1.0,1.0,75.0,25.0,243,0.0486,0.1944,117548.10186069635,35004653.76772838,5.385826135144752e+25,257.31252329438286,242,5.374291946320604e+25,244,5.375017905387414e+25,0.28478696243983215,0.5630340207515248,1.5428953809494803,1.8158114152590599,1.6155161923641188,0.10809507742945179,4999,0.9998,0.28515843147146824,0.15530505392087746,0.08342735836923187,0.019223755619327584
nakagami,42,7,5000,6,1250,1.0,1.0,75.0,25.0,238,0.0476,0.1904,109613.92804372677,38303605.16561507,3.505925102248228e+25,255.44802633940392,237,3.474251100067353e+25,239,3.4945029607691044e+25,0.29354323871905535,0.6326462474488631,1.5837909051339825,1.8650627838814635,1.6829597944539378,0.23457643158824393,4998,0.9996,0.28835822770184405,0.1581399015735754,0.08519294500592493,0.019630811322487386
nakagami,42,8,5000,6,1250,1.0,1.0,75.0,25.0,256,0.0512,0.2048,124166.53734680358,25339762.674305215,7.603328125732673e+25,258.8100373310416,255,7.518135128748686e+25,257,7.588439638871082e+25,0.28876437880381883,0.5107312184320487,1.5625007423193003,1.8055602031400153,1.4997585255600465,0.3129382939528518,4999,0.9998,0.2866102258580843,0.15616867533885878,0.08376415310189084,0.018916370698428296
nakagami,42,9,5000,6,1250,1.0,1.0,75.0,25.0,272,0.0544,0.2176,113500.46238092061,33195134.356577087,4.375019734960785e+25,256.40980016390387,271,4.371583167747341e+25,273,4.366037293039107e+25,0.2871303836845201,0.5533026544221485,1.557031039392745,1.852011043909851,1.6588581010942154,0.3025448606734198,4998,0.9996,0.2860137003041032,0.15598587166126573,0.0838879319252007,0.019167228901597378
nakagami,42,10,5000,6,1250,1.0,1.0,75.0,25.0,245,0.049,0.196,118581.00651911178,22850467.1884679,5.780312436349552e+25,257.6195131345779,244,5.746712466181362e+25,246,5.765103337922201e+25,0.2845083500783923,0.5845900898136811,1.5589458793957292,1.8494602833289058,1.5755137750366537,0.07529764894341717,4997,0.9994,0.2851136527015154,0.15566462682449034,0.08380410079016502,0.019396862855239887
nakagami,42,11,5000,6,1250,1.0,1.0,75.0,25.0,340,0.068,0.272,122433.62571408348,40860111.77901775,6.8637583766036185e+25,258.36561986735353,339,6.86204154806304e+25,341,6.843524651057993e+25,0.29104785257450855,0.5461837256311511,1.5652946225408046,1.82519162149839,1.5372710948484691,0.19600542921331066,4999,0.9998,0.2868194331704951,0.15623400661445386,0.08430241744969957,0.019343740685062102
nakagami,42,12,5000,6,1250,1.0,1.0,75.0,25.0,284,0.0568,0.2272,118960.75069389318,35017554.35666633,5.793847774580349e+25,257.6296708052459,283,5.774639913817477e+25,285,5.7915446996488165e+25,0.2886357713446156,0.5726099911592084,1.5667958742200534,1.8345481923801077,1.5527570336833927,0.10568759998167954,4998,0.9996,0.2864288296465404,0.15684606574007343,0.08448347427325363,0.019293951211969564
nakagami,42,13,5000,6,1250,1.0,1.0,75.0,25.0,284,0.0568,0.2272,118768.27232643167,48329135.63165549,5.6232825567582525e+25,257.4998990633669,283,5.618872021185033e+25,285,5.617709028169369e+25,0.28738025577520504,0.5359201650990943,1.5576060649501136,1.8391014836684494,1.5563024569388006,0.17352480219399924,4998,0.9996,0.285544438997083,0.15614003619008798,0.08403791438498796,0.019241640912846872
nakagami,42,14,5000,6,1250,1.0,1.0,75.0,25.0,320,0.064,0.256,115533.91189167502,34415380.25015006,4.857204930249959e+25,256.8638642717063,319,4.8199789685182725e+25,321,4.846445395823232e+25,0.291574229099467,0.5649796379894364,1.5667875627600516,1.8420734252083977,1.6071660542957937,0.2673724982661594,4998,0.9996,0.2868741863896592,0.15671528662271036,0.08452988605055434,0.019524021514276603
nakagami,42,15,5000,6,1250,1.0,1.0,75.0,25.0,318,0.0636,0.2544,117005.05325655312,43457638.956419654,5.162002427071077e+25,257.1281820440454,317,5.154585112232918e+25,319,5.147688818476939e+25,0.28624978356891556,0.5753365312032921,1.543182478560064,1.8327886509663434,1.6244512895632717,0.1180421944747474,4999,0.9998,0.2856127747783055,0.15553444058939841,0.08390355396232624,0.019354158123246774
nakagami,42,16,5000,6,1250,1.0,1.0,75.0,25.0,243,0.0486,0.1944,121565.82483104475,21814129.832011685,6.713801821490685e+25,258.2696851756387,242,6.637717159810563e+25,244,6.703570333075923e+25,0.28763673373836535,0.5105753934467606,1.533050849922097,1.8323818806960919,1.5685801078986605,0.36814541134997736,4999,0.9998,0.28545866196001507,0.15542188878213478,0.08370312962255992,0.019452346320593096
nakagami,42,17,5000,6,1250,1.0,1.0,75.0,25.0,277,0.0554,0.2216,116275.49792607495,47709271.86459305,4.976816839321706e+25,256.96951657795336,276,4.959182768265373e+25,278,4.963114760654307e+25,0.284861687120383,0.629191056406179,1.5586673275541516,1.8577537225798024,1.6061634519762904,0.16724302873245334,4998,0.9996,0.2858598098207834,0.15621405589539214,0.08442883564484381,0.01947688062508023
nakagami,42,18,5000,6,1250,1.0,1.0,75.0,25.0,302,0.0604,0.2416,116828.05833572824,23124760.113453273,5.282688370111017e+25,257.22854992073843,301,5.276913548714757e+25,303,5.276499318692073e+25,0.2916682499960954,0.6357335206530853,1.5579941252881004,1.8643299162904463,1.5828714784700475,0.1381785503153572,4999,0.9998,0.2873032435867695,0.1575055485006118,0.08514831062234778,0.01995971953573587
nakagami,42,19,5000,6,1250,1.0,1.0,75.0,25.0,166,0.0332,0.1328,114387.55078756661,30580375.064255886,4.587478669993404e+25,256.6157405796299,165,4.583962503961714e+25,167,4.584992113575663e+25,0.291234264916547,0.5963535234459193,1.563483617955696,1.8434032094445312,1.6402688885763488,0.10246871650297207,4999,0.9998,0.287286953742763,0.1568231584593798,0.08416541525634491,0.019691942347842543
nakagami,42,20,5000,6,1250,1.0,1.0,75.0,25.0,250,0.05,0.2,109283.54549753509,29208270.58037689,3.4934259685433603e+25,255.43251544271692,249,3.4841924963527565e+25,251,3.4851955619767544e+25,0.28867187679239625,0.5588027178195829,1.554057894893533,1.8382472137821617,1.710826634738616,0.19164412920830465,4998,0.9996,0.2865283686118822,0.15629196075173743,0.08405508466053946,0.019352818811678954
nakagami,42,21,5000,6,1250,1.0,1.0,75.0,25.0,268,0.0536,0.2144,103434.95833934715,36410643.68200193,2.4553316947879007e+25,253.90110169976475,267,2.4529392401795795e+25,269,2.450791571077446e+25,0.2901606305342704,0.6519839233260654,1.5687200290361811,1.851037906300494,1.809207384382435,0.11750245993014068,1,0.0002,0.28777129317258004,0.15702044760983472,0.08487013998232001,0.0196460980321511
nakagami,42,22,5000,6,1250,1.0,1.0,75.0,25.0,224,0.0448,0.1792,104660.18481356697,32637617.155959375,2.658612131846114e+25,254.2465498220334,223,2.6478802987808653e+25,225,2.654109056163221e+25,0.28620877138356016,0.574370298746467,1.5374657322572625,1.797571386427428,1.8299231392105546,0.32320580365643403,4999,0.9998,0.2852602495073124,0.15520238840222944,0.08325684433457349,0.019496989619226385
nakagami,42,23,5000,6,1250,1.0,1.0,75.0,25.0,305,0.061,0.244,107867.48136632639,38100668.03680109,3.173044902001755e+25,255.01476217878417,304,3.1548563331190674e+25,306,3.1714749494020486e+25,0.2904934378700737,0.6005094394056425,1.5669891341798274,1.8373626607199938,1.723713376043874,0.07983091347076196,3,0.0006,0.2867485270898046,0.15686692741709946,0.08462429572316503,0.019567851505251525
nakagami,42,24,5000,6,1250,1.0,1.0,75.0,25.0,288,0.0576,0.2304,109258.11492443185,25251560.283790946,3.5003988575259383e+25,255.44117533422624,287,3.468971400708848e+25,289,3.4911698478753356e+25,0.2907115840467183,0.6186644917604448,1.5749849442657045,1.8309307128108918,1.6947417181255167,0.3690762911113641,4999,0.9998,0.2878557753513931,0.15715922654486472,0.08467020769046413,0.01942524571342573
nakagami,42,25,5000,6,1250,1.0,1.0,75.0,25.0,276,0.0552,0.2208,114352.14726783059,33400807.894351453,4.571239437951051e+25,256.6003396989084,275,4.568215140891727e+25,277,4.5707431421684485e+25,0.2833679452567455,0.5305122537728018,1.5301652304800788,1.8068948344380278,1.6580630899236795,0.09871456096368725,4997,0.9994,0.2843724067956782,0.15495883318622936,0.08355637851770417,0.019098464240637058
nakagami,42,26,5000,6,1250,1.0,1.0,75.0,25.0,261,0.0522,0.2088,119642.40095818805,25875288.241493065,6.088070194590796e+25,257.8447965114551,260,6.003799423061775e+25,262,6.074616264014022e+25,0.2909425406264385,0.6143180953157685,1.5582933512150654,1.861274537706753,1.551986772220966,0.3453186061187319,4999,0.9998,0.2873652660237066,0.1574556638967116,0.08517624891358401,0.019695244823223306
nakagami,42,27,5000,6,1250,1.0,1.0,75.0,25.0,275,0.055,0.22,127013.15860355285,29843547.731995676,8.670655442733822e+25,259.3805192843391,274,8.662308090403103e+25,276,8.654069390192545e+25,0.2884982060959649,0.5210733721033579,1.5432282982493275,1.8333593204712941,1.48809690184307,0.057338992611029926,4996,0.9992,0.2860342181778206,0.15590793792956611,0.08396218882691885,0.019297068173787815
nakagami,42,28,5000,6,1250,1.0,1.0,75.0,25.0,365,0.073,0.292,116397.0033736968,49295166.506956644,4.967590210150308e+25,256.9614576252866,364,4.92742977494972e+25,366,4.9600880239926455e+25,0.2844739954200264,0.5886657993594396,1.5407976196481667,1.8246070953542033,1.609854805480582,0.07126555710656546,4997,0.9994,0.28504263454237755,0.15581829609222608,0.08409079651286303,0.019426318728897836
nakagami,42,29,5000,6,1250,1.0,1.0,75.0,25.0,303,0.0606,0.2424,114039.5143975244,20441338.497723922,4.5786790233785234e+25,256.60740199487185,302,4.576478737664252e+25,304,4.56838773308483e+25,0.292678910547693,0.6558136423570963,1.5835483065363636,1.8934563494375298,1.6014777816629193,0.06320834199086961,1,0.0002,0.2885896003356126,0.15821277725822547,0.0856843200407389,0.01977528343700382
nakagami,42,30,5000,6,1250,1.0,1.0,75.0,25.0,224,0.0448,0.1792,124790.10760908811,29826639.844002843,7.779042307854928e+25,258.9092613349158,223,7.646417827390399e+25,225,7.757717318169684e+25,0.28963104512531157,0.5145065733727753,1.5488732037942217,1.8227152180438098,1.502466854246999,0.11385558311409971,4999,0.9998,0.2863908641126889,0.156321701166273,0.08406165592182833,0.019213620774464108
nakagami,42,31,5000,6,1250,1.0,1.0,75.0,25.0,251,0.0502,0.2008,115004.88788782126,26029207.37404191,4.783849446556002e+25,256.7977750343044,250,4.7582001086060346e+25,252,4.775214579461606e+25,0.2920138014300817,0.6329743589442541,1.5598482807159728,1.8846134099459553,1.6190853625428763,0.26790420422490113,4998,0.9996,0.28767129835941885,0.15753904534123303,0.08527085243265255,0.01986406251231158
nakagami,42,32,5000,6,1250,1.0,1.0,75.0,25.0,342,0.0684,0.2736,123163.67083831376,28541197.19417624,7.2198321389008174e+25,258.585271003402,341,7.186121188184178e+25,343,7.210392724723469e+25,0.29088924318847487,0.5873386542195841,1.5552771309748898,1.8381078860145594,1.5274544091104196,0.10432233252935075,4996,0.9992,0.2870760196284694,0.15656877565215083,0.08456155193695178,0.019618119800285074
nakagami,42,33,5000,6,1250,1.0,1.0,75.0,25.0,266,0.0532,0.2128,121573.02601604679,19819294.923697293,6.721669847905176e+25,258.27477177167344,265,6.645776588408044e+25,267,6.712131602090233e+25,0.29209522485733164,0.6148125617267377,1.5646443472320941,1.8651574218334837,1.5315837161868417,0.10896008800230272,4998,0.9996,0.2873233532466287,0.15737028189784105,0.08493683570991131,0.019852062470275763
nakagami,42,34,5000,6,1250,1.0,1.0,75.0,25.0,211,0.0422,0.1688,118883.68322121512,29281688.295030043,5.818739174586739e+25,257.6482889034748,210,5.780957611406395e+25,212,5.8076171150526065e+25,0.2858083487460135,0.5216957160481448,1.5351799560061168,1.8181653221574228,1.592693650980904,0.05301837591629481,3,0.0006,0.28516161698466275,0.1552791078541147,0.0835119427390674,0.01908958366610656
nakagami,42,35,5000,6,1250,1.0,1.0,75.0,25.0,228,0.0456,0.1824,104847.686762049,22710887.81349501,2.740318472671548e+25,254.37801038326413,227,2.7306871747323164e+25,229,2.7335717873794354e+25,0.287312483432033,0.593806410435564,1.5506264448259595,1.8207645410624493,1.7801143655035288,0.2804106329041036,4999,0.9998,0.28573868789617557,0.15621710905915528,0.0841375853234825,0.019577678150019113
nakagami,42,36,5000,6,1250,1.0,1.0,75.0,25.0,249,0.0498,0.1992,124715.14801032458,40085268.33771694,7.683143299258168e+25,258.85538933343855,248,7.624442113403039e+25,250,7.6650771393398705e+25,0.28689884584907926,0.5429507028564304,1.5505361432919906,1.8321127751794788,1.5056711155887883,0.051368950322050244,4993,0.9986,0.28580460563945603,0.15594397448257058,0.08392130117182377,0.01914956941601346
nakagami,42,37,5000,6,1250,1.0,1.0,75.0,25.0,307,0.0614,0.2456,122435.33190587898,44129664.02789715,6.85376665823674e+25,258.35929314455495,306,6.806147057049998e+25,308,6.835840964272359e+25,0.2886426998090408,0.5651736068693731,1.5679161871447318,1.8339082240365037,1.5259464605620838,0.21425152583487073,4999,0.9998,0.28666359189522583,0.15631769349663505,0.08419803311462569,0.01932913394520377
nakagami,42,38,5000,6,1250,1.0,1.0,75.0,25.0,155,0.031,0.124,101336.75287369084,38577501.68165659,2.162471444432473e+25,253.34950381289553,154,2.1608084444381996e+25,156,2.157158234273977e+25,0.28857017223949477,0.589550179397573,1.5795770387800494,1.8428534312706855,1.8086822815070909,0.4005016757137314,4999,0.9998,0.28650650001238637,0.15696342898305868,0.08435324891234944,0.019348808218276843
nakagami,42,39,5000,6,1250,1.0,1.0,75.0,25.0,264,0.0528,0.2112,108248.04258896054,28071700.80639883,3.302292858146193e+25,255.18815585291716,263,3.298105898288656e+25,265,3.2976331187986607e+25,0.28784276910526985,0.5533785371318549,1.5400225749940188,1.8245483889309917,1.7623372165338635,0.14757873964592916,4999,0.9998,0.28574455910580066,0.1554645469562547,0.08369930647057071,0.01933936242989449
nakagami,42,40,5000,6,1250,1.0,1.0,75.0,25.0,285,0.057,0.228,114831.78375022596,25840648.69317388,4.7359227695576606e+25,256.75404611572037,284,4.7009215389185365e+25,286,4.722030736039209e+25,0.2835383785462843,0.5590423324242109,1.5290737547919642,1.803589928532997,1.6509607313776322,0.0947545718698064,4996,0.9992,0.2841745103641586,0.15488600018301035,0.08348261946222357,0.019381999655542815
nakagami,42,41,5000,6,1250,1.0,1.0,75.0,25.0,310,0.062,0.248,122128.62927099701,28705656.19614492,6.846689086756295e+25,258.3548060667966,309,6.815395788151904e+25,311,6.836305351284671e+25,0.28544755576225633,0.5205629177889455,1.561326945964197,1.8070683757439874,1.5294729469655317,0.05234633020230248,4,0.0008,0.2852666040007785,0.15512030791030956,0.08331871205759447,0.01907664478642392
nakagami,42,42,5000,6,1250,1.0,1.0,75.0,25.0,181,0.0362,0.1448,118064.08813829412,33102665.23815863,5.555864267913853e+25,257.44751627199474,180,5.532830035339444e+25,182,5.542421532390845e+25,0.2924898748919336,0.6257131490831455,1.5799638141782435,1.8781316290446,1.5735771632535391,0.06269706867282654,4999,0.9998,0.2881444126389302,0.1576421453505007,0.08489744749065097,0.01975387204160489
nakagami,42,43,5000,6,1250,1.0,1.0,75.0,25.0,196,0.0392,0.1568,110692.08178652335,15107354.395083385,3.847527575903361e+25,255.85181741179213,195,3.799163518176406e+25,197,3.8362664254196613e+25,0.29094940853869655,0.6101701141725915,1.557829906151075,1.848858383838447,1.6888239828245184,0.1838496673934129,4998,0.9996,0.28734245268167896,0.15706212528972627,0.08455825057781245,0.01967831841813083
nakagami,42,44,5000,6,1250,1.0,1.0,75.0,25.0,277,0.0554,0.2216,120862.95004961966,27429174.49906391,6.443966826956594e+25,258.09153296038494,276,6.396921100378426e+25,278,6.429587186209662e+25,0.29454643131486824,0.6236795411733743,1.586534239411697,1.8771046121324821,1.5062512219017499,0.10456232195843196,4998,0.9996,0.2889485485759888,0.15843595858594642,0.08555117546492536,0.01970969823040987
nakagami,42,45,5000,6,1250,1.0,1.0,75.0,25.0,201,0.0402,0.1608,110577.9061420063,20770111.748402826,3.798890838409406e+25,255.79656814229224,200,3.7965122568427724e+25,202,3.7916685256222954e+25,0.29105761939936514,0.6382955940588333,1.5772799575241554,1.870097784219621,1.6850846145209368,0.10684148175465102,4999,0.9998,0.28826248599894655,0.15744593204221402,0.08492734147163884,0.019517622889975963
nakagami,42,46,5000,6,1250,1.0,1.0,75.0,25.0,246,0.0492,0.1968,118525.28841479734,22470311.592069946,5.76739833215494e+25,257.60979947506394,245,5.756712711116239e+25,247,5.759650607269072e+25,0.28745257035297994,0.6168288452364439,1.5603312968284573,1.8497877242448477,1.5749043620988943,0.25690536201389635,4999,0.9998,0.28625699708991703,0.1566359579707497,0.08467961928103601,0.019471853365576653
nakagami,42,47,5000,6,1250,1.0,1.0,75.0,25.0,193,0.0386,0.1544,95854.06206638216,16874276.101888545,1.6076529438530577e+25,252.0619230011058,192,1.6047616530695588e+25,194,1.6039127066702405e+25,0.2927094569201255,0.6632886143550446,1.5721127562420867,1.8579585190938586,1.93362145074145,0.19883114145010874,1,0.0002,0.28769896236033743,0.1575193874845251,0.08522367318358223,0.01997251179676517
nakagami,42,48,5000,6,1250,1.0,1.0,75.0,25.0,265,0.053,0.212,124854.73612257947,42510347.90583112,7.709562025284572e+25,258.8702970679222,264,7.6927428644929305e+25,266,7.692163607961399e+25,0.2895806121445395,0.525105701516629,1.565819085101686,1.8081445380316072,1.4897356688143935,0.07423939224702858,4999,0.9998,0.28720956510394957,0.15678800259522727,0.08412706951874976,0.019013680007287252
nakagami,42,49,5000,6,1250,1.0,1.0,75.0,25.0,332,0.0664,0.2656,110708.08845592964,25158567.415872425,3.784532596217253e+25,255.78012250172097,331,3.774065464574875e+25,333,3.7760777324681316e+25,0.2900048978967188,0.5815828171486161,1.5723897434916438,1.838581637045093,1.6533789044260332,0.14029958215244642,4999,0.9998,0.2868336048241946,0.15725990603935644,0.08494103637547659,0.01923626925633991
nakagami,42,50,5000,6,1250,1.0,1.0,75.0,25.0,214,0.0428,0.1712,114302.86824676706,28798377.42351098,4.587179778436334e+25,256.6154576111582,213,4.568485037891843e+25,215,4.575243192937242e+25,0.2894288044013851,0.5975857552348018,1.5628539762611786,1.8432968091598707,1.626690567687507,0.20307386272075378,4999,0.9998,0.2867409052992591,0.15689974261991915,0.08458796625212761,0.0194934561942752
nakagami,42,51,5000,6,1250,1.0,1.0,75.0,25.0,235,0.047,0.188,114356.19674198271,50170726.440010674,4.463473135406344e+25,256.49672925201537,234,4.421843687862365e+25,236,4.452343650057012e+25,0.2900932172715599,0.5940733341957893,1.5674878791570344,1.8218468868676796,1.6124819074628807,0.08734725233620305,3,0.0006,0.28751038170149756,0.15735636084571394,0.08460480639847032,0.01937370076042662
nakagami,42,52,5000,6,1250,1.0,1.0,75.0,25.0,294,0.0588,0.2352,115060.09670644811,30769742.916083597,4.740039391043105e+25,256.7578195079678,293,4.690491475498992e+25,295,4.7322186596377245e+25,0.28130284776106934,0.5139475814211496,1.5321726600609928,1.7771093082726237,1.6494785507204923,0.24490044954491585,4999,0.9998,0.28361107520809425,0.15419952534212977,0.08264514329606629,0.019122192196850286
nakagami,42,53,5000,6,1250,1.0,1.0,75.0,25.0,236,0.0472,0.1888,113029.93865711756,40406657.82576531,4.212953821745345e+25,256.2458669884413,235,4.204055697911375e+25,237,4.202696014178925e+25,0.2936877252489391,0.6357749633079812,1.5676759868453172,1.8801231562347176,1.6407685966871814,0.10539227905463289,4999,0.9998,0.2878614902662283,0.15791370181830477,0.08557497208988411,0.019937977868553256
nakagami,42,54,5000,6,1250,1.0,1.0,75.0,25.0,235,0.047,0.188,116255.37108805859,37455292.19597243,5.017786574810225e+25,257.0051218520629,234,5.006935185710606e+25,236,5.0166841475941395e+25,0.28798653948802483,0.5778972887901044,1.563021848836239,1.865197204100063,1.611182597922955,0.09024177682593675,2,0.0004,0.2865765286301537,0.1563278826708541,0.08424357659334401,0.01932001135122386
nakagami,42,55,5000,6,1250,1.0,1.0,75.0,25.0,204,0.0408,0.1632,112787.78134255859,33959762.01223987,4.2013507357482114e+25,256.233889386772,203,4.156391281745136e+25,205,4.194144149570837e+25,0.2850200700770687,0.5525428605526868,1.5473758976696743,1.7952327746878218,1.6725037671557534,0.10840164264626038,2,0.0004,0.2850929611203783,0.15518613880650556,0.0832144958289023,0.019188134324644297
nakagami,42,56,5000,6,1250,1.0,1.0,75.0,25.0,224,0.0448,0.1792,112808.80473777941,48305565.91608916,4.115798228233575e+25,256.14454075878376,223,4.094613254618318e+25,225,4.103568556000758e+25,0.2870043502599242,0.5589132391463665,1.5549713822428863,1.8268667123018698,1.678284990220431,0.1186205848746349,4997,0.9994,0.2861678696409156,0.15587362843566427,0.08368876390819285,0.01920378958325252
nakagami,42,57,5000,6,1250,1.0,1.0,75.0,25.0,238,0.0476,0.1904,120590.4514708542,31987329.77514279,6.3087718885816e+25,257.9994482454954,237,6.3025132564781106e+25,239,6.297633725701398e+25,0.2913813708668773,0.5904310421003862,1.566105075908515,1.8634878986131358,1.5378556194649322,0.06323597215012522,4995,0.999,0.28755574628610914,0.15714344419493995,0.08486148914920574,0.01946549557820917
nakagami,42,58,5000,6,1250,1.0,1.0,75.0,25.0,262,0.0524,0.2096,116191.16913693011,38874804.45569493,5.001226609773243e+25,256.99076533240805,261,4.995688690765029e+25,263,4.99242697284802e+25,0.2851923509782133,0.5831216060870869,1.5619202270803842,1.8426917694771963,1.5990973488934972,0.11428398375721516,1,0.0002,0.2860017128419991,0.1563691995564387,0.08424690212973089,0.019052949352223774
nakagami,42,59,5000,6,1250,1.0,1.0,75.0,25.0,239,0.0478,0.1912,113052.93239028702,40682684.620114565,4.2152231363947975e+25,256.2482056931426,238,4.2081457250884494e+25,240,4.205381633763791e+25,0.2869970433664824,0.5487555386824431,1.5394227210892306,1.8062290002943628,1.6655094538801767,0.23567046329236785,4999,0.9998,0.28556297786606827,0.15576862470178843,0.0838186223949921,0.019402599271107476
nakagami,42,60,5000,6,1250,1.0,1.0,75.0,25.0,269,0.0538,0.2152,124953.14398587393,35425964.16306828,7.80063421512142e+25,258.9212991357899,268,7.786645934802525e+25,270,7.779882382809414e+25,0.2932449001922846,0.5613720307260956,1.575255256361289,1.8422259936310705,1.479741684206637,0.057744952450517584,4997,0.9994,0.2875394414659134,0.1573654967499635,0.08483036335840874,0.019562488796736062
nakagami,42,61,5000,6,1250,1.0,1.0,75.0,25.0,201,0.0402,0.1608,123500.77831542221,28298173.05473612,7.339150741358381e+25,258.65645807915985,200,7.318662412654346e+25,202,7.315905267883672e+25,0.2939116386482028,0.5636424132821671,1.5739302472113443,1.816077794299328,1.4966722092461626,0.09573179590771574,4996,0.9992,0.28805603290368814,0.15748638844062718,0.08487612472069053,0.01936843771474558
nakagami,42,62,5000,6,1250,1.0,1.0,75.0,25.0,233,0.0466,0.1864,120096.42946036758,41998114.00231235,6.085067867986939e+25,257.8426542636688,232,6.046647270603828e+25,234,6.083156239877485e+25,0.2847540709611534,0.48322073515365305,1.527682695508693,1.8003261319895623,1.5987850955143494,0.10094105466376391,4999,0.9998,0.2849340168790468,0.15468641445889675,0.08290782752174458,0.018969514221158352
nakagami,42,63,5000,6,1250,1.0,1.0,75.0,25.0,288,0.0576,0.2304,115610.89832353599,37226960.40703858,4.8646583289754384e+25,256.87052342846624,287,4.835014023327854e+25,289,4.861072804850744e+25,0.2861939771029259,0.615155007343831,1.547500383112485,1.8300554575545143,1.6181224427787453,0.08911472857080027,4995,0.999,0.2855361281450649,0.15619330157148986,0.08449514352280312,0.019471863720084057
nakagami,42,64,5000,6,1250,1.0,1.0,75.0,25.0,339,0.0678,0.2712,121301.86377313927,37473794.809788726,6.520425689044736e+25,258.14275949776123,338,6.5157791942893036e+25,340,6.518172688611337e+25,0.29198374146052025,0.6026786477287576,1.5787570601960323,1.8530178221379452,1.5247050203867902,0.2021335070301482,4998,0.9996,0.28775759190555567,0.15743099857752588,0.08503627547446917,0.019602448252756362
nakagami,42,65,5000,6,1250,1.0,1.0,75.0,25.0,303,0.0606,0.2424,117779.30074214598,23964740.496192086,5.5417838938617776e+25,257.4364958612805,302,5.509547127557041e+25,304,5.530226077667113e+25,0.2898858142923489,0.5724841451408268,1.5682944178170486,1.8552652195969515,1.5672014081434926,0.12220272089909012,4999,0.9998,0.2869995226906296,0.15705531176320311,0.08470052956264461,0.01932101217746074
nakagami,42,66,5000,6,1250,1.0,1.0,75.0,25.0,193,0.0386,0.1544,116016.292917194,35082930.754595846,4.970304849080909e+25,256.96383026603235,192,4.957239065502119e+25,194,4.951371204472885e+25,0.2923267177203229,0.5857884633815716,1.562822176350452,1.8410613645464255,1.6058473818366237,0.11286407085160466,4998,0.9996,0.28720279581737296,0.1571056626714595,0.0847382798269267,0.019708333162042242
nakagami,42,67,5000,6,1250,1.0,1.0,75.0,25.0,311,0.0622,0.2488,119450.91676434646,34249802.50067193,5.954395705193892e+25,257.74837692734576,310,5.895734574314402e+25,312,5.938645063084439e+25,0.285230050399222,0.5468293619628367,1.5486777886421292,1.8275141017851664,1.5685094619287543,0.08074450498440124,1,0.0002,0.2853722632108002,0.1557861474280025,0.08382487687346604,0.019149136827147608
nakagami,42,68,5000,6,1250,1.0,1.0,75.0,25.0,257,0.0514,0.2056,131270.09100987113,52576496.454791665,1.0376535250884072e+26,260.1605236578515,256,1.0324590658223259e+26,258,1.0358832372420323e+26,0.28278133520369364,0.5401806891707801,1.5533095503654362,1.8232470767081317,1.4327409306535561,0.04806153459783036,4999,0.9998,0.28480348045204085,0.15513993169606133,0.08341006377404551,0.018931507714367468
nakagami,42,69,5000,6,1250,1.0,1.0,75.0,25.0,266,0.0532,0.2128,108817.77862361426,21036541.19970225,3.4434053768596675e+25,255.36988153279714,265,3.4244300781009683e+25,267,3.4345234788194963e+25,0.29191097048533754,0.5532975106570899,1.5727555666741633,1.8385268492909153,1.7137314077915122,0.27504262685287717,4999,0.9998,0.28780305733727957,0.15696319259465924,0.08431840105117124,0.019171430089460203
nakagami,42,70,5000,6,1250,1.0,1.0,75.0,25.0,253,0.0506,0.2024,119321.81411538605,31149323.120167386,5.944794760367374e+25,257.74136865518454,252,5.944418667817883e+25,254,5.932657835110936e+25,0.28837919955815844,0.5574644674006846,1.5542211452034387,1.862516411200585,1.5579804631021332,0.08787221259462066,2,0.0004,0.286370838784888,0.15665588844890893,0.08440815372501075,0.01924368511192803
nakagami,42,71,5000,6,1250,1.0,1.0,75.0,25.0,344,0.0688,0.2752,107239.39488222412,19366202.731181458,3.158102234201992e+25,254.99426184896822,343,3.1309147171392923e+25,345,3.1506917555116938e+25,0.2832090085704278,0.591492717198654,1.546378000880939,1.8395729298051378,1.7234751335211345,0.10152521748798443,1,0.0002,0.28449705125012303,0.15563354358273354,0.08388622407453615,0.01927939134799713
nakagami,42,72,5000,6,1250,1.0,1.0,75.0,25.0,230,0.046,0.184,121924.76098470122,38590468.871149264,6.706440714634171e+25,258.2649208974962,229,6.666005054717372e+25,231,6.69920921646264e+25,0.2849877585575885,0.5837392727737555,1.5564705293921532,1.8506877181327976,1.5407677178067303,0.07555523800177011,4997,0.9994,0.2855569676693779,0.15595039333846566,0.08386451728584576,0.01930338043631889
nakagami,42,73,5000,6,1250,1.0,1.0,75.0,25.0,236,0.0472,0.1888,119864.98197457487,34726463.426057994,6.083366211983338e+25,257.8414396130204,235,6.011646440466444e+25,237,6.080386681361524e+25,0.28536267624605,0.5169725206417147,1.54523941152731,1.7974959189298703,1.5819341764023211,0.07979832760981576,4996,0.9992,0.2848979229025806,0.1550536540759799,0.08314085397717229,0.01923854767727821
nakagami,42,74,5000,6,1250,1.0,1.0,75.0,25.0,307,0.0614,0.2456,115076.9139936568,36322440.04043754,4.739874412678564e+25,256.7576683479576,306,4.712817541274635e+25,308,4.728124465249092e+25,0.28702663716708415,0.5586503209714979,1.5578816094773933,1.8206103838276768,1.6172110717917132,0.12588561523701758,4998,0.9996,0.2863222353870282,0.15633963802338607,0.08413182901885467,0.019294129715940727
nakagami,42,75,5000,6,1250,1.0,1.0,75.0,25.0,183,0.0366,0.1464,122280.72106624454,27010190.51308954,6.9070305091123136e+25,258.39291374336807,182,6.863557963531836e+25,184,6.888022822422183e+25,0.28571251072343,0.5555828293751579,1.5435796823967642,1.8344112831594364,1.5444299761117912,0.05546152737659349,4998,0.9996,0.2853598576841225,0.1555525144908615,0.08376530459006425,0.019316605666890006
nakagami,42,76,5000,6,1250,1.0,1.0,75.0,25.0,381,0.0762,0.3048,122508.91598830294,31810412.88303259,6.961296713322418e+25,258.42690145212066,380,6.929949260637256e+25,382,6.951027238852008e+25,0.2882579622251931,0.5330672352372371,1.563736687007424,1.843950978746735,1.4945449059896445,0.15303044341830585,4999,0.9998,0.28589902632265807,0.15658076115831676,0.08441564471709279,0.01916548177707252
nakagami,42,77,5000,6,1250,1.0,1.0,75.0,25.0,267,0.0534,0.2136,101761.8665128761,20155077.6486171,2.2897818764742812e+25,253.59794113625736,266,2.274555054547035e+25,268,2.286696199244516e+25,0.2882991321644025,0.6183260695808913,1.560491088207675,1.831103475405561,1.8396186633120968,0.13086068214993452,4997,0.9994,0.28612269202811824,0.15623321528052808,0.0844583754891188,0.019474928864715284
nakagami,42,78,5000,6,1250,1.0,1.0,75.0,25.0,282,0.0564,0.2256,116504.44586604231,36875010.2742137,5.0664119401495915e+25,257.0470049853398,281,5.0596601981180985e+25,283,5.054835173781727e+25,0.29131480054310777,0.5683857032264014,1.5587404764949897,1.813897534413686,1.6059430702247972,0.04243790424967982,5,0.001,0.2873339591979088,0.1569839264987939,0.0844374665026338,0.019353926536068357
nakagami,42,79,5000,6,1250,1.0,1.0,75.0,25.0,243,0.0486,0.1944,124554.36020080736,36188360.84753547,7.664093437523572e+25,258.8446079084522,242,7.6390790400287475e+25,244,7.6502107669557985e+25,0.28425466267397415,0.5345347988814149,1.533026469529966,1.800036344946098,1.5204508472628648,0.059711043847991495,1,0.0002,0.2849046229145471,0.15533105396386543,0.08347500852121742,0.01913909968736408
nakagami,42,80,5000,6,1250,1.0,1.0,75.0,25.0,310,0.062,0.248,103096.1813560877,20056241.33514002,2.4836106143111577e+25,253.95083507240508,309,2.4735991018760064e+25,311,2.4809068437587473e+25,0.28543402831724035,0.5694277981677619,1.5376963286800331,1.8235428053243674,1.8180016753308188,0.1278679311820021,1,0.0002,0.28485030138096706,0.15555729282460556,0.08397023815516999,0.01943043503503973
nakagami,42,81,5000,6,1250,1.0,1.0,75.0,25.0,334,0.0668,0.2672,107411.59199816412,31856474.160731327,3.1273538979132986e+25,254.95177029696498,333,3.0869761012016854e+25,335,3.119504725381414e+25,0.2888823544253416,0.5733789003286013,1.559070112969811,1.8585835656683563,1.7403891759891759,0.1710633910290066,1,0.0002,0.286286932555882,0.1563691553022159,0.08439536248662917,0.019290647629023872
nakagami,42,82,5000,6,1250,1.0,1.0,75.0,25.0,246,0.0492,0.1968,125669.20689536375,31044111.832330275,8.140566656769214e+25,259.1065463674947,245,8.118073279107307e+25,247,8.128023690643265e+25,0.28442951029977226,0.5608152668731763,1.5519515694880988,1.8277657297613819,1.4938652853056509,0.04851711325705366,4999,0.9998,0.28504166054735314,0.1556181612476241,0.08386245741765447,0.019113056622273115
nakagami,42,83,5000,6,1250,1.0,1.0,75.0,25.0,238,0.0476,0.1904,117599.53668162788,26136366.05490803,5.458091418928773e+25,257.37040805500936,237,5.446640164792605e+25,239,5.447441654039156e+25,0.28732795039078696,0.520169338035819,1.556405783157703,1.829639066726237,1.5848855601183507,0.10489822774587933,1,0.0002,0.28559341673213623,0.1557678325092806,0.08372505846484742,0.019202740736964853
nakagami,42,84,5000,6,1250,1.0,1.0,75.0,25.0,312,0.0624,0.2496,119847.10240041176,32245406.68001144,6.079362780757856e+25,257.8385806030832,311,6.005542505090931e+25,313,6.071694236198245e+25,0.2875573598470189,0.5495360272878181,1.5487144683537446,1.833039627072906,1.565545133403478,0.07417990076757697,4999,0.9998,0.2853797684353713,0.1560236720618783,0.08446542821018138,0.019274918623152306
nakagami,42,85,5000,6,1250,1.0,1.0,75.0,25.0,189,0.0378,0.1512,123664.36168177632,64496046.09526197,7.077877231832299e+25,258.49903025382565,188,7.042646245270574e+25,190,7.075493726397812e+25,0.2851205321664399,0.4781365644110312,1.5609465002794443,1.7925436197737945,1.5063495605434036,0.15629630840210185,4999,0.9998,0.28482953327182164,0.15521799172783807,0.0831438880960665,0.018845447504491908
nakagami,42,86,5000,6,1250,1.0,1.0,75.0,25.0,190,0.038,0.152,131881.1403298224,68629777.40518208,1.0487174940514293e+26,260.2065851269456,189,1.0464888198559238e+26,191,1.0464393243725344e+26,0.2863403377490099,0.5339270151496861,1.5590366502622695,1.8255106956130867,1.4293155693321107,0.04208474461323464,4994,0.9988,0.28630360907217134,0.1559229099647201,0.08369854124095998,0.019036301693552974
nakagami,42,87,5000,6,1250,1.0,1.0,75.0,25.0,179,0.0358,0.1432,115353.34257050365,57586350.46524908,4.653861169080588e+25,256.67813423557175,178,4.633513748847426e+25,180,4.649630468576019e+25,0.2880279501401526,0.5950748234273258,1.5647895122297515,1.8320540556653022,1.6277118188893456,0.09588135351926352,4999,0.9998,0.2867987245366242,0.15627228073433683,0.0840650423277126,0.019558912480903717
nakagami,42,88,5000,6,1250,1.0,1.0,75.0,25.0,201,0.0402,0.1608,97479.77758537448,19195472.710001577,1.766966452395202e+25,252.47228304074986,200,1.7660867262999273e+25,202,1.761040863714501e+25,0.2891475789517625,0.5558414752328369,1.5596018254640565,1.823415882614105,1.9354145145742334,0.3317036054394549,1,0.0002,0.2865241084894701,0.15600663414384397,0.08370617236071426,0.019127589111705243
nakagami,42,89,5000,6,1250,1.0,1.0,75.0,25.0,237,0.0474,0.1896,120257.46880790115,30281787.267085943,6.227738260877706e+25,257.94330351769366,236,6.215288470695161e+25,238,6.2225480611003295e+25,0.28636057926104536,0.49062591689664636,1.5399423037580071,1.8080181862519429,1.572336018825291,0.1977165453741927,4999,0.9998,0.28539199915867036,0.1552007212165196,0.08316632719576415,0.0189423438964004
nakagami,42,90,5000,6,1250,1.0,1.0,75.0,25.0,220,0.044,0.176,113775.81678098519,25618906.022866998,4.468571755394216e+25,256.5016873613702,219,4.451329825861224e+25,221,4.457272390339022e+25,0.28709379372443605,0.5711598464596819,1.5638080823888343,1.790222938991475,1.6422408542992006,0.065720170831135,1,0.0002,0.28593269130269083,0.1559495396391024,0.08366460067373581,0.019380041985423438
nakagami,42,91,5000,6,1250,1.0,1.0,75.0,25.0,303,0.0606,0.2424,102508.6564438533,37965748.42273605,2.3280278893209936e+25,253.66988178772377,302,2.320126727436597e+25,304,2.3212150401483222e+25,0.28985913337675284,0.6504760878813238,1.574617884843782,1.88549019946074,1.78494614080171,0.13031557597538693,1,0.0002,0.28682620869154374,0.15767090801538972,0.08543469784786137,0.019655706763891567
nakagami,42,92,5000,6,1250,1.0,1.0,75.0,25.0,302,0.0604,0.2416,105683.30268091777,28582730.079856675,2.843761760776371e+25,254.53893210090757,301,2.8262557294737253e+25,303,2.840858603979163e+25,0.28848753641035174,0.5827788660827143,1.5526015059047586,1.8315751621093017,1.7717514315421978,0.14727331391897697,1,0.0002,0.2859968549020001,0.15607293186778387,0.08423275043935291,0.0196020992711709
nakagami,42,93,5000,6,1250,1.0,1.0,75.0,25.0,233,0.0466,0.1864,120055.2675412767,32641400.40623177,6.150894610987394e+25,257.8893828591519,232,6.149318251303129e+25,234,6.140730868334543e+25,0.29087127180581956,0.5578656199862982,1.5615506452175039,1.8513498545448461,1.5529768631641314,0.10872235036864542,4997,0.9994,0.28718052971325253,0.1568774092162148,0.08453626371837632,0.019577512340878102
nakagami,42,94,5000,6,1250,1.0,1.0,75.0,25.0,310,0.062,0.248,119232.43618778346,54968605.53069825,5.726120910721753e+25,257.57860514189395,309,5.683394971412037e+25,311,5.717112219345366e+25,0.29043059605224986,0.5821044661221991,1.5789683653193656,1.8376913433495146,1.5733224872961975,0.26797157996976617,4999,0.9998,0.28715133622981037,0.15653027304831227,0.08458822940018237,0.019450698208142058
nakagami,42,95,5000,6,1250,1.0,1.0,75.0,25.0,291,0.0582,0.2328,129463.90899320465,36165177.64369912,9.676149678944322e+25,259.8570257777963,290,9.645392340906555e+25,292,9.656632614825737e+25,0.2890527314474647,0.5507019771704152,1.5654800477894921,1.836361424827272,1.4418454938773555,0.21738010345629788,4999,0.9998,0.28681616015499956,0.15650814843014269,0.08413036741125664,0.01920418641676263
nakagami,42,96,5000,6,1250,1.0,1.0,75.0,25.0,242,0.0484,0.1936,107869.49831168322,28605229.728859916,3.2216148398076537e+25,255.08073617105873,241,3.219342985440315e+25,243,3.2153686591730835e+25,0.2888657465858246,0.6619045425424553,1.5627015453923156,1.8855968329719615,1.73019742475048,0.13372086067547562,4998,0.9996,0.2868151451542467,0.15699369953913783,0.08465609733190227,0.0200343947189955
nakagami,42,97,5000,6,1250,1.0,1.0,75.0,25.0,176,0.0352,0.1408,117332.15520211708,27426564.13755079,5.385345786423168e+25,257.31213594043317,175,5.288790345694157e+25,177,5.371145799076526e+25,0.2903335974189817,0.6282224881153559,1.5720572292968868,1.8642800058646236,1.5977245966983662,0.07743231841776987,4997,0.9994,0.2874488772810884,0.15687232346285823,0.08450744695179713,0.019699892246926212
nakagami,42,98,5000,6,1250,1.0,1.0,75.0,25.0,255,0.051,0.204,125695.26656246572,62679135.49060569,7.833827945787094e+25,258.93974028915216,254,7.799568667106387e+25,256,7.818500561970285e+25,0.2906564906700026,0.5681644466378781,1.5725595951604217,1.8663864397254564,1.4792165668578625,0.187280826030233,4999,0.9998,0.28721141734902117,0.15707800701583047,0.08469011807937293,0.01929076784340552
nakagami,42,99,5000,6,1250,1.0,1.0,75.0,25.0,165,0.033,0.132,112019.59099088189,27446334.099134214,4.06285170125426e+25,256.0883097036915,164,4.026331554654823e+25,166,4.058434067771566e+25,0.28682076266147416,0.5495673211937048,1.5518015732657433,1.8368714263356882,1.6819130374662992,0.11524762773466835,4999,0.9998,0.28553832775316634,0.1556939703492539,0.08370055191376002,0.019380599204420146
nakagami,42,0,5000,6,2500,1.0,1.0,50.0,50.0,385,0.077,0.154,332938.0459324986,186763955.09684688,2.829751596725348e+28,284.51748313649256,384,2.804615394240083e+28,386,2.8266358407999113e+28,0.2902345833812069,0.6488413465220814,1.572705123422526,1.864487080712418,1.8164778085937132,0.12459221375869267,1,0.0002,0.28701498360278194,0.15732922986199338,0.08510145090479641,0.019644043280352203
nakagami,42,1,5000,6,2500,1.0,1.0,50.0,50.0,441,0.0882,0.1764,383682.42976069415,122400718.09849729,6.735611255551666e+28,288.2837701399625,440,6.723890595653738e+28,442,6.722533785426201e+28,0.29345566057209993,0.5767303203840296,1.571956621796418,1.8483867036723296,1.5724620596838357,0.13024507520887085,4998,0.9996,0.2873591855188165,0.15738625658800745,0.08495285880338138,0.019741737560937597
nakagami,42,2,5000,6,2500,1.0,1.0,50.0,50.0,291,0.0582,0.1164,383404.6463485176,100965813.98608242,6.721157922875189e+28,288.27444099868495,290,6.687955896190303e+28,292,6.710190145315124e+28,0.2872725173480201,0.5439049058700739,1.550167065533851,1.8157606211874322,1.6048618725567243,0.13334377026116284,4997,0.9994,0.28564795163211787,0.15568289249008874,0.08359515435672345,0.019269498062995223
nakagami,42,3,5000,6,2500,1.0,1.0,50.0,50.0,369,0.0738,0.1476,383067.3871446505,231670469.80176574,6.578548762015685e+28,288.18130098148595,368,6.572216259401363e+28,370,6.571933212135245e+28,0.2924080613530204,0.6355246948782646,1.5700903888968345,1.8523270174129485,1.579128345215958,0.05630121015179279,4989,0.9978,0.28746404114016233,0.1577793807242432,0.08572711710063077,0.019808664315244386
nakagami,42,4,5000,6,2500,1.0,1.0,50.0,50.0,450,0.09,0.18,398880.8502040716,185563166.62237462,8.453144863623886e+28,289.27018311650846,449,8.444175323573778e+28,451,8.441832686346234e+28,0.28307293255580424,0.5407717485142256,1.5529329372392553,1.8340550023980446,1.5347351630365564,0.09784163710592542,4997,0.9994,0.28507606394160345,0.15516116181528222,0.0832395200461028,0.018967623129379396
nakagami,42,5,5000,6,2500,1.0,1.0,50.0,50.0,302,0.0604,0.1208,365692.1209891807,180965200.2432981,4.996169920845218e+28,286.98637200404767,301,4.913632122101179e+28,303,4.994057026340817e+28,0.29308068081546973,0.6005181041879316,1.5647642052189958,1.8653131740244309,1.6595171477978639,0.12362740572654074,4999,0.9998,0.28755833858578117,0.1572433355654196,0.08488157357368398,0.0198333533125584
nakagami,42,6,5000,6,2500,1.0,1.0,50.0,50.0,281,0.0562,0.1124,382701.9614432039,181888713.47672623,6.577256643399805e+28,288.1804478828434,280,6.57386663342076e+28,282,6.564963998338598e+28,0.28478696243983215,0.5630340207515248,1.5428953809494803,1.8158114152590599,1.6155161923641188,0.10809507742945179,4999,0.9998,0.28515843147146824,0.15530505392087746,0.08342735836923187,0.019223755619327584
nakagami,42,7,5000,6,2500,1.0,1.0,50.0,50.0,381,0.0762,0.1524,354121.0911554067,135351054.52113608,4.1438430766050956e+28,286.1740330072973,380,4.141954794386023e+28,382,4.135247605410485e+28,0.29354323871905535,0.6326462474488631,1.5837909051339825,1.8650627838814635,1.6829597944539378,0.23457643158824393,4998,0.9996,0.28835822770184405,0.1581399015735754,0.08519294500592493,0.019630811322487386
nakagami,42,8,5000,6,2500,1.0,1.0,50.0,50.0,377,0.0754,0.1508,404065.4916151846,178933046.31295022,9.141715279878527e+28,289.61027690995843,376,9.113649042211747e+28,378,9.12153631612997e+28,0.28876437880381883,0.5107312184320487,1.5625007423193003,1.8055602031400153,1.4997585255600465,0.3129382939528518,4999,0.9998,0.2866102258580843,0.15616867533885878,0.08376415310189084,0.018916370698428296
nakagami,42,9,5000,6,2500,1.0,1.0,50.0,50.0,272,0.0544,0.1088,369371.61813204776,162880373.98158297,5.3244993593077245e+28,287.26278779113295,271,5.3185179909562895e+28,273,5.315453018454365e+28,0.2871303836845201,0.5533026544221485,1.557031039392745,1.852011043909851,1.6588581010942154,0.3025448606734198,4998,0.9996,0.2860137003041032,0.15598587166126573,0.0838879319252007,0.019167228901597378
nakagami,42,10,5000,6,2500,1.0,1.0,50.0,50.0,368,0.0736,0.1472,387477.9736669448,100710552.06933637,7.166059822659564e+28,288.5528042935932,367,7.151081267124432e+28,369,7.16403947652547e+28,0.2845083500783923,0.5845900898136811,1.5589458793957292,1.8494602833289058,1.5755137750366537,0.07529764894341717,4997,0.9994,0.2851136527015154,0.15566462682449034,0.08380410079016502,0.019396862855239887
nakagami,42,11,5000,6,2500,1.0,1.0,50.0,50.0,407,0.0814,0.1628,399371.445023815,144111867.5904072,8.55521450625177e+28,289.3223090314814,406,8.533673763822924e+28,408,8.538013880732501e+28,0.29104785257450855,0.5461837256311511,1.5652946225408046,1.82519162149839,1.5372710948484691,0.19600542921331066,4999,0.9998,0.2868194331704951,0.15623400661445386,0.08430241744969957,0.019343740685062102
nakagami,42,12,5000,6,2500,1.0,1.0,50.0,50.0,302,0.0604,0.1208,388474.17308806395,210821123.62036452,7.179075400844855e+28,288.5606851469247,301,7.173389905557956e+28,303,7.168692415779837e+28,0.2886357713446156,0.5726099911592084,1.5667958742200534,1.8345481923801077,1.5527570336833927,0.10568759998167954,4998,0.9996,0.2864288296465404,0.15684606574007343,0.08448347427325363,0.019293951211969564
nakagami,42,13,5000,6,2500,1.0,1.0,50.0,50.0,341,0.0682,0.1364,389636.0146512094,190069757.17954192,7.32078475390085e+28,288.64557637891903,340,7.280967857428594e+28,342,7.306984948300666e+28,0.28738025577520504,0.5359201650990943,1.5576060649501136,1.8391014836684494,1.5563024569388006,0.17352480219399924,4998,0.9996,0.285544438997083,0.15614003619008798,0.08403791438498796,0.019241640912846872
nakagami,42,14,5000,6,2500,1.0,1.0,50.0,50.0,463,0.0926,0.1852,378462.2705901898,174565573.02719986,6.154343996523881e+28,287.89181767442284,462,6.0979326286305464e+28,464,6.1423918299826645e+28,0.291574229099467,0.5649796379894364,1.5667875627600516,1.8420734252083977,1.6071660542957937,0.2673724982661594,4998,0.9996,0.2868741863896592,0.15671528662271036,0.08452988605055434,0.019524021514276603
nakagami,42,15,5000,6,2500,1.0,1.0,50.0,50.0,347,0.0694,0.1388,382245.0297763946,175035607.07223293,6.537529800761209e+28,288.15413681573483,346,6.521466389648016e+28,348,6.5310289859961975e+28,0.28624978356891556,0.5753365312032921,1.543182478560064,1.8327886509663434,1.6244512895632717,0.1180421944747474,4999,0.9998,0.2856127747783055,0.15553444058939841,0.08390355396232624,0.019354158123246774
nakagami,42,16,5000,6,2500,1.0,1.0,50.0,50.0,243,0.0486,0.0972,396019.5918840825,174359260.67114538,8.106385308862177e+28,289.0882724257564,242,8.012901490843884e+28,244,8.099761977991543e+28,0.28763673373836535,0.5105753934467606,1.533050849922097,1.8323818806960919,1.5685801078986605,0.36814541134997736,4999,0.9998,0.28545866196001507,0.15542188878213478,0.08370312962255992,0.019452346320593096
nakagami,42,17,5000,6,2500,1.0,1.0,50.0,50.0,310,0.062,0.124,379999.1725324785,319209450.9752711,6.20156623657819e+28,287.925013865952,309,6.194930341074931e+28,311,6.189230589956321e+28,0.284861687120383,0.629191056406179,1.5586673275541516,1.8577537225798024,1.6061634519762904,0.16724302873245334,4998,0.9996,0.2858598098207834,0.15621405589539214,0.08442883564484381,0.01947688062508023
nakagami,42,18,5000,6,2500,1.0,1.0,50.0,50.0,302,0.0604,0.1208,382489.59110191546,138677150.20911703,6.5971030130680354e+28,288.1935326559595,301,6.589941253377624e+28,303,6.588637277969156e+28,0.2916682499960954,0.6357335206530853,1.5579941252881004,1.8643299162904463,1.5828714784700475,0.1381785503153572,4999,0.9998,0.2873032435867695,0.1575055485006118,0.08514831062234778,0.01995971953573587
nakagami,42,19,5000,6,2500,1.0,1.0,50.0,50.0,166,0.0332,0.0664,367900.5178952053,138786218.20999888,5.206066892878042e+28,287.16509744069253,165,5.1986128441681075e+28,167,5.203636960775998e+28,0.291234264916547,0.5963535234459193,1.563483617955696,1.8434032094445312,1.6402688885763488,0.10246871650297207,4999,0.9998,0.287286953742763,0.1568231584593798,0.08416541525634491,0.019691942347842543
nakagami,42,20,5000,6,2500,1.0,1.0,50.0,50.0,360,0.072,0.144,356526.8484315717,149635740.63777688,4.30941744864623e+28,286.3441856576678,359,4.283629049915215e+28,361,4.3049246195840165e+28,0.28867187679239625,0.5588027178195829,1.554057894893533,1.8382472137821617,1.710826634738616,0.19164412920830465,4998,0.9996,0.2865283686118822,0.15629196075173743,0.08405508466053946,0.019352818811678954
nakagami,42,21,5000,6,2500,1.0,1.0,50.0,50.0,324,0.0648,0.1296,335381.66811053647,171960417.63245243,2.967629637905424e+28,284.72409699757117,323,2.9626194629242417e+28,325,2.9615208424923673e+28,0.2901606305342704,0.6519839233260654,1.5687200290361811,1.851037906300494,1.809207384382435,0.11750245993014068,1,0.0002,0.28777129317258004,0.15702044760983472,0.08487013998232001,0.0196460980321511
nakagami,42,22,5000,6,2500,1.0,1.0,50.0,50.0,227,0.0454,0.0908,339407.0726395638,146537694.41267085,3.1999684445227056e+28,285.05145695683274,226,3.1995442170533327e+28,228,3.194358298824453e+28,0.28620877138356016,0.574370298746467,1.5374657322572625,1.797571386427428,1.8299231392105546,0.32320580365643403,4999,0.9998,0.2852602495073124,0.15520238840222944,0.08325684433457349,0.019496989619226385
nakagami,42,23,5000,6,2500,1.0,1.0,50.0,50.0,347,0.0694,0.1388,351391.1135859759,194633863.24691373,3.9188150835486044e+28,285.93154770982784,346,3.9078068508737994e+28,348,3.9146283889939946e+28,0.2904934378700737,0.6005094394056425,1.5669891341798274,1.8373626607199938,1.723713376043874,0.07983091347076196,3,0.0006,0.2867485270898046,0.15686692741709946,0.08462429572316503,0.019567851505251525
nakagami,42,24,5000,6,2500,1.0,1.0,50.0,50.0,353,0.0706,0.1412,355310.55300907866,137729265.7679971,4.224130509664544e+28,286.25737327790796,352,4.220008074559615e+28,354,4.216410336222622e+28,0.2907115840467183,0.6186644917604448,1.5749849442657045,1.8309307128108918,1.6947417181255167,0.3690762911113641,4999,0.9998,0.2878557753513931,0.15715922654486472,0.08467020769046413,0.01942524571342573
nakagami,42,25,5000,6,2500,1.0,1.0,50.0,50.0,326,0.0652,0.1304,374590.87906832795,162986829.29086977,5.790267760536082e+28,287.6269864736034,325,5.782544576445768e+28,327,5.7835985353608e+28,0.2833679452567455,0.5305122537728018,1.5301652304800788,1.8068948344380278,1.6580630899236795,0.09871456096368725,4997,0.9994,0.2843724067956782,0.15495883318622936,0.08355637851770417,0.019098464240637058
nakagami,42,26,5000,6,2500,1.0,1.0,50.0,50.0,428,0.0856,0.1712,389558.90948781907,154769465.285183,7.3522066358112825e+28,288.66417704516726,427,7.349816975959039e+28,429,7.343353769381566e+28,0.2909425406264385,0.6143180953157685,1.5582933512150654,1.861274537706753,1.551986772220966,0.3453186061187319,4999,0.9998,0.2873652660237066,0.1574556638967116,0.08517624891358401,0.019695244823223306
nakagami,42,27,5000,6,2500,1.0,1.0,50.0,50.0,310,0.062,0.124,415172.13921432535,223919291.1504054,1.0701767883382852e+29,290.29455527084957,309,1.0661047781993326e+29,311,1.0685174994249852e+29,0.2884982060959649,0.5210733721033579,1.5432282982493275,1.8333593204712941,1.48809690184307,0.057338992611029926,4996,0.9992,0.2860342181778206,0.15590793792956611,0.08396218882691885,0.019297068173787815
nakagami,42,28,5000,6,2500,1.0,1.0,50.0,50.0,365,0.073,0.146,382903.5626319818,258382851.55549455,6.541311389466443e+28,288.15664823571365,364,6.488620341069551e+28,366,6.532621370395547e+28,0.2844739954200264,0.5886657993594396,1.5407976196481667,1.8246070953542033,1.609854805480582,0.07126555710656546,4997,0.9994,0.28504263454237755,0.15581829609222608,0.08409079651286303,0.019426318728897836
nakagami,42,29,5000,6,2500,1.0,1.0,50.0,50.0,464,0.0928,0.1856,372252.8214756962,138692366.6629177,5.5902237761033585e+28,287.47429192999425,463,5.573047439337454e+28,465,5.585000724751219e+28,0.292678910547693,0.6558136423570963,1.5835483065363636,1.8934563494375298,1.6014777816629193,0.06320834199086961,1,0.0002,0.2885896003356126,0.15821277725822547,0.0856843200407389,0.01977528343700382
nakagami,42,30,5000,6,2500,1.0,1.0,50.0,50.0,346,0.0692,0.1384,407882.2020495587,203338874.3903379,9.655057917734556e+28,289.84754883322773,345,9.597712379830457e+28,347,9.633833757282452e+28,0.28963104512531157,0.5145065733727753,1.5488732037942217,1.8227152180438098,1.502466854246999,0.11385558311409971,4999,0.9998,0.2863908641126889,0.156321701166273,0.08406165592182833,0.019213620774464108
nakagami,42,31,5000,6,2500,1.0,1.0,50.0,50.0,363,0.0726,0.1452,374301.0808761864,161744796.08864012,5.768988029965215e+28,287.61099637844353,362,5.7443150932621615e+28,364,5.762578718743777e+28,0.2920138014300817,0.6329743589442541,1.5598482807159728,1.8846134099459553,1.6190853625428763,0.26790420422490113,4998,0.9996,0.28767129835941885,0.15753904534123303,0.08527085243265255,0.01986406251231158
nakagami,42,32,5000,6,2500,1.0,1.0,50.0,50.0,342,0.0684,0.1368,402946.62517924065,163565721.36665848,9.00467213231785e+28,289.54467904416254,341,8.957260243692492e+28,343,8.994308811977944e+28,0.29088924318847487,0.5873386542195841,1.5552771309748898,1.8381078860145594,1.5274544091104196,0.10432233252935075,4996,0.9992,0.2870760196284694,0.15656877565215083,0.08456155193695178,0.019618119800285074
nakagami,42,33,5000,6,2500,1.0,1.0,50.0,50.0,279,0.0558,0.1116,396490.6706851579,157847941.80276015,8.1718381031691e+28,289.1231975399605,278,8.110702697682323e+28,280,8.164555821082496e+28,0.29209522485733164,0.6148125617267377,1.5646443472320941,1.8651574218334837,1.5315837161868417,0.10896008800230272,4998,0.9996,0.2873233532466287,0.15737028189784105,0.08493683570991131,0.019852062470275763
nakagami,42,34,5000,6,2500,1.0,1.0,50.0,50.0,361,0.0722,0.1444,388714.1564921622,128827795.98213667,7.274634610974574e+28,288.61811184541426,360,7.247048135469519e+28,362,7.266580972141583e+28,0.2858083487460135,0.5216957160481448,1.5351799560061168,1.8181653221574228,1.592693650980904,0.05301837591629481,3,0.0006,0.28516161698466275,0.1552791078541147,0.0835119427390674,0.01908958366610656
nakagami,42,35,5000,6,2500,1.0,1.0,50.0,50.0,447,0.0894,0.1788,342715.7205672528,61468144.9747006,3.440660859563374e+28,285.36641867018227,446,3.4199471303498432e+28,448,3.4354790314843587e+28,0.287312483432033,0.593806410435564,1.5506264448259595,1.8207645410624493,1.7801143655035288,0.2804106329041036,4999,0.9998,0.28573868789617557,0.15621710905915528,0.0841375853234825,0.019577678150019113
nakagami,42,36,5000,6,2500,1.0,1.0,50.0,50.0,424,0.0848,0.1696,406876.87614091556,300418183.90671086,9.415464745345294e+28,289.7384176156539,423,9.395465604873736e+28,425,9.405473207639577e+28,0.28689884584907926,0.5429507028564304,1.5505361432919906,1.8321127751794788,1.5056711155887883,0.051368950322050244,4993,0.9986,0.28580460563945603,0.15594397448257058,0.08392130117182377,0.01914956941601346
nakagami,42,37,5000,6,2500,1.0,1.0,50.0,50.0,369,0.0738,0.1476,399018.70889373025,229881835.98931232,8.41925203473178e+28,289.2527351054746,368,8.379407298776098e+28,370,8.403221672571435e+28,0.2886426998090408,0.5651736068693731,1.5679161871447318,1.8339082240365037,1.5259464605620838,0.21425152583487073,4999,0.9998,0.28666359189522583,0.15631769349663505,0.08419803311462569,0.01932913394520377
nakagami,42,38,5000,6,2500,1.0,1.0,50.0,50.0,345,0.069,0.138,330469.40429762605,287203616.2696201,2.6616250673441995e+28,284.25146878091454,344,2.653775726565958e+28,346,2.655860203510765e+28,0.28857017223949477,0.589550179397573,1.5795770387800494,1.8428534312706855,1.8086822815070909,0.4005016757137314,4999,0.9998,0.28650650001238637,0.15696342898305868,0.08435324891234944,0.019348808218276843
nakagami,42,39,5000,6,2500,1.0,1.0,50.0,50.0,264,0.0528,0.1056,352401.61318270874,114211805.9464841,4.037819965784259e+28,286.0614695115802,263,4.028832822989168e+28,265,4.032129769790887e+28,0.28784276910526985,0.5533785371318549,1.5400225749940188,1.8245483889309917,1.7623372165338635,0.14757873964592916,4999,0.9998,0.28574455910580066,0.1554645469562547,0.08369930647057071,0.01933936242989449
nakagami,42,40,5000,6,2500,1.0,1.0,50.0,50.0,318,0.0636,0.1272,377869.0254536323,136582700.44537657,6.126204650882456e+28,287.8719150067565,317,6.112815568493092e+28,319,6.116060584153213e+28,0.2835383785462843,0.5590423324242109,1.5290737547919642,1.803589928532997,1.6509607313776322,0.0947545718698064,4996,0.9992,0.2841745103641586,0.15488600018301035,0.08348261946222357,0.019381999655542815
nakagami,42,41,5000,6,2500,1.0,1.0,50.0,50.0,441,0.0882,0.1764,400449.49049620394,182776308.91509688,8.656590356516639e+28,289.37346866504964,440,8.636527093033516e+28,442,8.639042050332928e+28,0.28544755576225633,0.5205629177889455,1.561326945964197,1.8070683757439874,1.5294729469655317,0.05234633020230248,4,0.0008,0.2852666040007785,0.15512030791030956,0.08331871205759447,0.01907664478642392
nakagami,42,42,5000,6,2500,1.0,1.0,50.0,50.0,375,0.075,0.15,380949.3885276531,248620812.5954004,6.354345847952706e+28,288.03070848478205,374,6.338511280325799e+28,376,6.350457591692394e+28,0.2924898748919336,0.6257131490831455,1.5799638141782435,1.8781316290446,1.5735771632535391,0.06269706867282654,4999,0.9998,0.2881444126389302,0.1576421453505007,0.08489744749065097,0.01975387204160489
nakagami,42,43,5000,6,2500,1.0,1.0,50.0,50.0,318,0.0636,0.1272,358547.2742743322,125313474.07449324,4.46997545918722e+28,286.50305138798865,317,4.450132896589322e+28,319,4.463787562441654e+28,0.29094940853869655,0.6101701141725915,1.557829906151075,1.848858383838447,1.6888239828245184,0.1838496673934129,4998,0.9996,0.28734245268167896,0.15706212528972627,0.08455825057781245,0.01967831841813083
nakagami,42,44,5000,6,2500,1.0,1.0,50.0,50.0,391,0.0782,0.1564,393430.51259927644,204070669.62386686,7.756103026486894e+28,288.89643569300114,390,7.640960417494213e+28,392,7.744445442373543e+28,0.29454643131486824,0.6236795411733743,1.586534239411697,1.8771046121324821,1.5062512219017499,0.10456232195843196,4998,0.9996,0.2889485485759888,0.15843595858594642,0.08555117546492536,0.01970969823040987
nakagami,42,45,5000,6,2500,1.0,1.0,50.0,50.0,300,0.06,0.12,357960.24016361573,196635350.58918047,4.380320740183555e+28,286.415059120091,299,4.326306072396172e+28,301,4.377103570743224e+28,0.29105761939936514,0.6382955940588333,1.5772799575241554,1.870097784219621,1.6850846145209368,0.10684148175465102,4999,0.9998,0.28826248599894655,0.15744593204221402,0.08492734147163884,0.019517622889975963
nakagami,42,46,5000,6,2500,1.0,1.0,50.0,50.0,352,0.0704,0.1408,387141.9522864022,204736988.25366288,7.041060636540852e+28,288.47638084412233,351,7.028554589577546e+28,353,7.030235228014677e+28,0.28745257035297994,0.6168288452364439,1.5603312968284573,1.8497877242448477,1.5749043620988943,0.25690536201389635,4999,0.9998,0.28625699708991703,0.1566359579707497,0.08467961928103601,0.019471853365576653
nakagami,42,47,5000,6,2500,1.0,1.0,50.0,50.0,370,0.074,0.148,312237.63702019356,116724136.61952826,1.9415730765102175e+28,282.8815374107207,369,1.9382208826905286e+28,371,1.9404256027477166e+28,0.2927094569201255,0.6632886143550446,1.5721127562420867,1.8579585190938586,1.93362145074145,0.19883114145010874,1,0.0002,0.28769896236033743,0.1575193874845251,0.08522367318358223,0.01997251179676517
nakagami,42,48,5000,6,2500,1.0,1.0,50.0,50.0,265,0.053,0.106,404864.96897118987,184902091.52074686,9.232602500858653e+28,289.65324137910903,264,9.209084373067597e+28,266,9.214011331036205e+28,0.2895806121445395,0.525105701516629,1.565819085101686,1.8081445380316072,1.4897356688143935,0.07423939224702858,4999,0.9998,0.28720956510394957,0.15678800259522727,0.08412706951874976,0.019013680007287252
nakagami,42,49,5000,6,2500,1.0,1.0,50.0,50.0,475,0.095,0.19,363377.60902107554,188277124.82855654,4.802833832142964e+28,286.8149756123156,474,4.786532773215259e+28,476,4.793583668006255e+28,0.2900048978967188,0.5815828171486161,1.5723897434916438,1.838581637045093,1.6533789044260332,0.14029958215244642,4999,0.9998,0.2868336048241946,0.15725990603935644,0.08494103637547659,0.01923626925633991
nakagami,42,50,5000,6,2500,1.0,1.0,50.0,50.0,411,0.0822,0.1644,371765.01750609477,209920993.1205323,5.506365053003485e+28,287.408650002374,410,5.4919530131715695e+28,412,5.4992242968192175e+28,0.2894288044013851,0.5975857552348018,1.5628539762611786,1.8432968091598707,1.626690567687507,0.20307386272075378,4999,0.9998,0.2867409052992591,0.15689974261991915,0.08458796625212761,0.0194934561942752
nakagami,42,51,5000,6,2500,1.0,1.0,50.0,50.0,423,0.0846,0.1692,371070.5210185448,179083705.992051,5.466835297252769e+28,287.3773598982867,422,5.4188217400657446e+28,424,5.455360032386542e+28,0.2900932172715599,0.5940733341957893,1.5674878791570344,1.8218468868676796,1.6124819074628807,0.08734725233620305,3,0.0006,0.28751038170149756,0.15735636084571394,0.08460480639847032,0.01937370076042662
nakagami,42,52,5000,6,2500,1.0,1.0,50.0,50.0,296,0.0592,0.1184,377148.65847124177,163172059.94079366,6.031623828509391e+28,287.80434248263424,295,6.021752690390121e+28,297,6.024452181423376e+28,0.28130284776106934,0.5139475814211496,1.5321726600609928,1.7771093082726237,1.6494785507204923,0.24490044954491585,4999,0.9998,0.28361107520809425,0.15419952534212977,0.08264514329606629,0.019122192196850286
nakagami,42,53,5000,6,2500,1.0,1.0,50.0,50.0,315,0.063,0.126,368042.67542533687,198452949.90281984,5.1872958811838185e+28,287.149410206754,314,5.173270453482162e+28,316,5.1835477448937e+28,0.2936877252489391,0.6357749633079812,1.5676759868453172,1.8801231562347176,1.6407685966871814,0.10539227905463289,4999,0.9998,0.2878614902662283,0.15791370181830477,0.08557497208988411,0.019937977868553256
nakagami,42,54,5000,6,2500,1.0,1.0,50.0,50.0,397,0.0794,0.1588,377637.3990791486,153740050.97553825,6.088146311400888e+28,287.8448508092916,396,6.055961349240143e+28,398,6.079705137265092e+28,0.28798653948802483,0.5778972887901044,1.563021848836239,1.865197204100063,1.611182597922955,0.09024177682593675,2,0.0004,0.2865765286301537,0.1563278826708541,0.08424357659334401,0.01932001135122386
nakagami,42,55,5000,6,2500,1.0,1.0,50.0,50.0,308,0.0616,0.1232,368179.45257728436,212593818.4503103,5.191134591285692e+28,287.1526228903969,307,5.180848005165723e+28,309,5.181387310588728e+28,0.2850200700770687,0.5525428605526868,1.5473758976696743,1.7952327746878218,1.6725037671557534,0.10840164264626038,2,0.0004,0.2850929611203783,0.15518613880650556,0.0832144958289023,0.019188134324644297
nakagami,42,56,5000,6,2500,1.0,1.0,50.0,50.0,286,0.0572,0.1144,364688.55096134736,159983191.48323,4.932205346404387e+28,286.93041149625606,285,4.901795984130466e+28,287,4.923493154369538e+28,0.2870043502599242,0.5589132391463665,1.5549713822428863,1.8268667123018698,1.678284990220431,0.1186205848746349,4997,0.9994,0.2861678696409156,0.15587362843566427,0.08368876390819285,0.01920378958325252
nakagami,42,57,5000,6,2500,1.0,1.0,50.0,50.0,405,0.081,0.162,394308.50683115853,185623538.44133914,7.877252041828682e+28,288.96374741448017,404,7.8539808790316094e+28,406,7.861872444693806e+28,0.2913813708668773,0.5904310421003862,1.566105075908515,1.8634878986131358,1.5378556194649322,0.06323597215012522,4995,0.999,0.28755574628610914,0.15714344419493995,0.08486148914920574,0.01946549557820917
nakagami,42,58,5000,6,2500,1.0,1.0,50.0,50.0,355,0.071,0.142,379040.19203743717,207128576.6500897,6.193106589946914e+28,287.9190855474353,354,6.192288802506958e+28,356,6.18509473912145e+28,0.2851923509782133,0.5831216060870869,1.5619202270803842,1.8426917694771963,1.5990973488934972,0.11428398375721516,1,0.0002,0.2860017128419991,0.1563691995564387,0.08424690212973089,0.019052949352223774
nakagami,42,59,5000,6,2500,1.0,1.0,50.0,50.0,324,0.0648,0.1296,369800.6686526606,172025031.7512812,5.3475335087207405e+28,287.28153514628684,323,5.344483890620005e+28,325,5.339549027681841e+28,0.2869970433664824,0.5487555386824431,1.5394227210892306,1.8062290002943628,1.6655094538801767,0.23567046329236785,4999,0.9998,0.28556297786606827,0.15576862470178843,0.0838186223949921,0.019402599271107476
nakagami,42,60,5000,6,2500,1.0,1.0,50.0,50.0,402,0.0804,0.1608,407565.4768056587,142989384.01425502,9.672838198106137e+28,289.85553923195926,401,9.663014721851632e+28,403,9.661956192720154e+28,0.2932449001922846,0.5613720307260956,1.575255256361289,1.8422259936310705,1.479741684206637,0.057744952450517584,4997,0.9994,0.2875394414659134,0.1573654967499635,0.08483036335840874,0.019562488796736062
nakagami,42,61,5000,6,2500,1.0,1.0,50.0,50.0,406,0.0812,0.1624,402222.8868936042,114463028.48366286,8.956359631850665e+28,289.5213152382978,405,8.951087253551635e+28,407,8.944850152598225e+28,0.2939116386482028,0.5636424132821671,1.5739302472113443,1.816077794299328,1.4966722092461626,0.09573179590771574,4996,0.9992,0.28805603290368814,0.15748638844062718,0.08487612472069053,0.01936843771474558
nakagami,42,62,5000,6,2500,1.0,1.0,50.0,50.0,246,0.0492,0.0984,390565.18043941323,167818434.33699262,7.454960111443984e+28,288.7244532405647,245,7.445803554354893e+28,247,7.439518944336547e+28,0.2847540709611534,0.48322073515365305,1.527682695508693,1.8003261319895623,1.5987850955143494,0.10094105466376391,4999,0.9998,0.2849340168790468,0.15468641445889675,0.08290782752174458,0.018969514221158352
nakagami,42,63,5000,6,2500,1.0,1.0,50.0,50.0,401,0.0802,0.1604,379306.40006367833,222247879.7819277,6.20652028972816e+28,287.9284817947996,400,6.199619539564078e+28,402,6.1989210590889445e+28,0.2861939771029259,0.615155007343831,1.547500383112485,1.8300554575545143,1.6181224427787453,0.08911472857080027,4995,0.999,0.2855361281450649,0.15619330157148986,0.08449514352280312,0.019471863720084057
nakagami,42,64,5000,6,2500,1.0,1.0,50.0,50.0,340,0.068,0.136,395332.751449398,171028770.45241463,8.01773713811725e+28,289.04051813783235,339,8.01672282785368e+28,341,8.00400339097043e+28,0.29198374146052025,0.6026786477287576,1.5787570601960323,1.8530178221379452,1.5247050203867902,0.2021335070301482,4998,0.9996,0.28775759190555567,0.15743099857752588,0.08503627547446917,0.019602448252756362
nakagami,42,65,5000,6,2500,1.0,1.0,50.0,50.0,352,0.0704,0.1408,385125.4871737227,120555726.37577996,6.892647538320998e+28,288.38386071026326,351,6.872715589453391e+28,353,6.890433961548525e+28,0.2898858142923489,0.5724841451408268,1.5682944178170486,1.8552652195969515,1.5672014081434926,0.12220272089909012,4999,0.9998,0.2869995226906296,0.15705531176320311,0.08470052956264461,0.01932101217746074
nakagami,42,66,5000,6,2500,1.0,1.0,50.0,50.0,312,0.0624,0.1248,376208.0763407734,136013284.42265934,5.969524968568851e+28,287.7593977304939,311,5.968911908456125e+28,313,5.959074473039599e+28,0.2923267177203229,0.5857884633815716,1.562822176350452,1.8410613645464255,1.6058473818366237,0.11286407085160466,4998,0.9996,0.28720279581737296,0.1571056626714595,0.0847382798269267,0.019708333162042242
nakagami,42,67,5000,6,2500,1.0,1.0,50.0,50.0,311,0.0622,0.1244,391083.2263853916,214039568.90490443,7.472490096661363e+28,288.7346534813846,310,7.39593352614234e+28,312,7.458489370831471e+28,0.285230050399222,0.5468293619628367,1.5486777886421292,1.8275141017851664,1.5685094619287543,0.08074450498440124,1,0.0002,0.2853722632108002,0.1557861474280025,0.08382487687346604,0.019149136827147608
nakagami,42,68,5000,6,2500,1.0,1.0,50.0,50.0,387,0.0774,0.1548,430843.27466139547,373197433.2352439,1.3197113806901388e+29,291.2047896190348,386,1.3063693417056376e+29,388,1.317535445299293e+29,0.28278133520369364,0.5401806891707801,1.5533095503654362,1.8232470767081317,1.4327409306535561,0.04806153459783036,4999,0.9998,0.28480348045204085,0.15513993169606133,0.08341006377404551,0.018931507714367468
nakagami,42,69,5000,6,2500,1.0,1.0,50.0,50.0,319,0.0638,0.1276,352446.54057233874,168580464.63714704,4.006831860325246e+28,286.02801118408485,318,3.97930371624836e+28,320,4.001785104772621e+28,0.29191097048533754,0.5532975106570899,1.5727555666741633,1.8385268492909153,1.7137314077915122,0.27504262685287717,4999,0.9998,0.28780305733727957,0.15696319259465924,0.08431840105117124,0.019171430089460203
nakagami,42,70,5000,6,2500,1.0,1.0,50.0,50.0,336,0.0672,0.1344,389509.9532429465,130356172.20818722,7.367836213942771e+28,288.6733996298528,335,7.3416032162558216e+28,337,7.357888185085813e+28,0.28837919955815844,0.5574644674006846,1.5542211452034387,1.862516411200585,1.5579804631021332,0.08787221259462066,2,0.0004,0.286370838784888,0.15665588844890893,0.08440815372501075,0.01924368511192803
nakagami,42,71,5000,6,2500,1.0,1.0,50.0,50.0,413,0.0826,0.1652,354358.8547352675,117716548.13057452,4.169952274211163e+28,286.20131084430506,412,4.161408417712535e+28,414,4.169901653225039e+28,0.2832090085704278,0.591492717198654,1.546378000880939,1.8395729298051378,1.7234751335211345,0.10152521748798443,1,0.0002,0.28449705125012303,0.15563354358273354,0.08388622407453615,0.01927939134799713
nakagami,42,72,5000,6,2500,1.0,1.0,50.0,50.0,300,0.06,0.12,396620.48535152996,286334541.65647954,8.06594514431263e+28,289.0665526408825,299,8.039849709364749e+28,301,8.051945935597907e+28,0.2849877585575885,0.5837392727737555,1.5564705293921532,1.8506877181327976,1.5407677178067303,0.07555523800177011,4997,0.9994,0.2855569676693779,0.15595039333846566,0.08386451728584576,0.01930338043631889
nakagami,42,73,5000,6,2500,1.0,1.0,50.0,50.0,237,0.0474,0.0948,390317.97259393946,199096832.17906874,7.399925576459925e+28,288.69227351907284,236,7.398716273995337e+28,238,7.389439505423942e+28,0.28536267624605,0.5169725206417147,1.54523941152731,1.7974959189298703,1.5819341764023211,0.07979832760981576,4996,0.9992,0.2848979229025806,0.1550536540759799,0.08314085397717229,0.01923854767727821
nakagami,42,74,5000,6,2500,1.0,1.0,50.0,50.0,316,0.0632,0.1264,375953.67881206906,246619934.8402382,5.867067084666186e+28,287.68421054013805,315,5.858221775947828e+28,317,5.856975111001894e+28,0.28702663716708415,0.5586503209714979,1.5578816094773933,1.8206103838276768,1.6172110717917132,0.12588561523701758,4998,0.9996,0.2863222353870282,0.15633963802338607,0.08413182901885467,0.019294129715940727
nakagami,42,75,5000,6,2500,1.0,1.0,50.0,50.0,395,0.079,0.158,398074.24581702804,83108415.56240399,8.437275629646418e+28,289.2620223690846,394,8.39920992236334e+28,396,8.419905184507714e+28,0.28571251072343,0.5555828293751579,1.5435796823967642,1.8344112831594364,1.5444299761117912,0.05546152737659349,4998,0.9996,0.2853598576841225,0.1555525144908615,0.08376530459006425,0.019316605666890006
nakagami,42,76,5000,6,2500,1.0,1.0,50.0,50.0,401,0.0802,0.1604,404764.940948006,219996669.2760689,9.200547267552976e+28,289.6381366084659,400,9.11626680267422e+28,402,9.197605694233665e+28,0.2882579622251931,0.5330672352372371,1.563736687007424,1.843950978746735,1.4945449059896445,0.15303044341830585,4999,0.9998,0.28589902632265807,0.15658076115831676,0.08441564471709279,0.01916548177707252
nakagami,42,77,5000,6,2500,1.0,1.0,50.0,50.0,388,0.0776,0.1552,332680.7575344611,139760093.47289565,2.838361552264815e+28,284.53067715347123,387,2.8290737721524368e+28,389,2.8330546426401273e+28,0.2882991321644025,0.6183260695808913,1.560491088207675,1.831103475405561,1.8396186633120968,0.13086068214993452,4997,0.9994,0.28612269202811824,0.15623321528052808,0.0844583754891188,0.019474928864715284
nakagami,42,78,5000,6,2500,1.0,1.0,50.0,50.0,282,0.0564,0.1128,378808.3712021836,194585661.73812887,6.173907616508638e+28,287.90560126613406,281,6.166592260645524e+28,283,6.162041832371981e+28,0.29131480054310777,0.5683857032264014,1.5587404764949897,1.813897534413686,1.6059430702247972,0.04243790424967982,5,0.001,0.2873339591979088,0.1569839264987939,0.0844374665026338,0.019353926536068357
nakagami,42,79,5000,6,2500,1.0,1.0,50.0,50.0,288,0.0576,0.1152,406285.37683780916,192100063.11994374,9.436272721173815e+28,289.7480048409882,287,9.362008693289752e+28,289,9.43332352199614e+28,0.28425466267397415,0.5345347988814149,1.533026469529966,1.800036344946098,1.5204508472628648,0.059711043847991495,1,0.0002,0.2849046229145471,0.15533105396386543,0.08347500852121742,0.01913909968736408
nakagami,42,80,5000,6,2500,1.0,1.0,50.0,50.0,358,0.0716,0.1432,339342.5503225026,97081230.34399213,3.2168090145705835e+28,285.0742527713439,357,3.208947021263096e+28,359,3.2115579879573136e+28,0.28543402831724035,0.5694277981677619,1.5376963286800331,1.8235428053243674,1.8180016753308188,0.1278679311820021,1,0.0002,0.28485030138096706,0.15555729282460556,0.08397023815516999,0.01943043503503973
nakagami,42,81,5000,6,2500,1.0,1.0,50.0,50.0,334,0.0668,0.1336,351348.9645606645,176767133.7281782,3.9274392096080355e+28,285.94109471589513,333,3.8760513590688107e+28,335,3.920444868841967e+28,0.2888823544253416,0.5733789003286013,1.559070112969811,1.8585835656683563,1.7403891759891759,0.1710633910290066,1,0.0002,0.286286932555882,0.1563691553022159,0.08439536248662917,0.019290647629023872
nakagami,42,82,5000,6,2500,1.0,1.0,50.0,50.0,373,0.0746,0.1492,410943.57340820954,189179502.7417481,1.0115751725324964e+29,290.04998161751394,372,1.0097644411592947e+29,374,1.0101811529899954e+29,0.28442951029977226,0.5608152668731763,1.5519515694880988,1.8277657297613819,1.4938652853056509,0.04851711325705366,4999,0.9998,0.28504166054735314,0.1556181612476241,0.08386245741765447,0.019113056622273115
nakagami,42,83,5000,6,2500,1.0,1.0,50.0,50.0,422,0.0844,0.1688,385873.4356428188,193143881.09183052,6.90688974388969e+28,288.3928252332879,421,6.885125019518461e+28,423,6.8942777675673205e+28,0.28732795039078696,0.520169338035819,1.556405783157703,1.829639066726237,1.5848855601183507,0.10489822774587933,1,0.0002,0.28559341673213623,0.1557678325092806,0.08372505846484742,0.019202740736964853
nakagami,42,84,5000,6,2500,1.0,1.0,50.0,50.0,375,0.075,0.15,393335.645803502,105912922.57817294,7.835256794595082e+28,288.9405323470991,374,7.793037204591615e+28,376,7.821837856684331e+28,0.2875573598470189,0.5495360272878181,1.5487144683537446,1.833039627072906,1.565545133403478,0.07417990076757697,4999,0.9998,0.2853797684353713,0.1560236720618783,0.08446542821018138,0.019274918623152306
nakagami,42,85,5000,6,2500,1.0,1.0,50.0,50.0,371,0.0742,0.1484,405289.0717500347,219150397.44929102,9.27100733008441e+28,289.67126924449724,370,9.23935331137851e+28,372,9.251851136440551e+28,0.2851205321664399,0.4781365644110312,1.5609465002794443,1.7925436197737945,1.5063495605434036,0.15629630840210185,4999,0.9998,0.28482953327182164,0.15521799172783807,0.0831438880960665,0.018845447504491908
nakagami,42,86,5000,6,2500,1.0,1.0,50.0,50.0,294,0.0588,0.1176,427096.6419540537,412818502.9131346,1.2487375165457064e+29,290.9647115967455,293,1.2260524580061612e+29,295,1.2464023971583687e+29,0.2863403377490099,0.5339270151496861,1.5590366502622695,1.8255106956130867,1.4293155693321107,0.04208474461323464,4994,0.9988,0.28630360907217134,0.1559229099647201,0.08369854124095998,0.019036301693552974
nakagami,42,87,5000,6,2500,1.0,1.0,50.0,50.0,333,0.0666,0.1332,372693.524236145,157154146.91132942,5.626920749801672e+28,287.50270798543687,332,5.6245755630135555e+28,334,5.6229987380255365e+28,0.2880279501401526,0.5950748234273258,1.5647895122297515,1.8320540556653022,1.6277118188893456,0.09588135351926352,4999,0.9998,0.2867987245366242,0.15627228073433683,0.0840650423277126,0.019558912480903717
nakagami,42,88,5000,6,2500,1.0,1.0,50.0,50.0,374,0.0748,0.1496,315634.4325125886,82701049.56634508,2.08491617479603e+28,283.1908859861176,373,2.0816521237751707e+28,375,2.0813685006203517e+28,0.2891475789517625,0.5558414752328369,1.5596018254640565,1.823415882614105,1.9354145145742334,0.3317036054394549,1,0.0002,0.2865241084894701,0.15600663414384397,0.08370617236071426,0.019127589111705243
nakagami,42,89,5000,6,2500,1.0,1.0,50.0,50.0,278,0.0556,0.1112,392960.6780491895,163876755.0759298,7.739799949572237e+28,288.8872973562867,277,7.735787070778028e+28,279,7.723205305745272e+28,0.28636057926104536,0.49062591689664636,1.5399423037580071,1.8080181862519429,1.572336018825291,0.1977165453741927,4999,0.9998,0.28539199915867036,0.1552007212165196,0.08316632719576415,0.0189423438964004
nakagami,42,90,5000,6,2500,1.0,1.0,50.0,50.0,464,0.0928,0.1856,369819.20083945635,147008192.86641046,5.371377293616432e+28,287.30085658944256,463,5.364061735609528e+28,465,5.364912180415905e+28,0.28709379372443605,0.5711598464596819,1.5638080823888343,1.790222938991475,1.6422408542992006,0.065720170831135,1,0.0002,0.28593269130269083,0.1559495396391024,0.08366460067373581,0.019380041985423438
nakagami,42,91,5000,6,2500,1.0,1.0,50.0,50.0,468,0.0936,0.1872,336333.5356003192,145513061.05635878,3.029619407179825e+28,284.81388074131553,467,3.0290020464555546e+28,469,3.025047251407709e+28,0.28985913337675284,0.6504760878813238,1.574617884843782,1.88549019946074,1.78494614080171,0.13031557597538693,1,0.0002,0.28682620869154374,0.15767090801538972,0.08543469784786137,0.019655706763891567
nakagami,42,92,5000,6,2500,1.0,1.0,50.0,50.0,392,0.0784,0.1568,346998.0391477356,233349063.34437263,3.6067358576730254e+28,285.5711433756217,391,3.606457818913756e+28,393,3.6044087667694665e+28,0.28848753641035174,0.5827788660827143,1.5526015059047586,1.8315751621093017,1.7717514315421978,0.14727331391897697,1,0.0002,0.2859968549020001,0.15607293186778387,0.08423275043935291,0.0196020992711709
nakagami,42,93,5000,6,2500,1.0,1.0,50.0,50.0,317,0.0634,0.1268,390852.2830549771,182903210.56833902,7.464542245118747e+28,288.73003180243967,316,7.4527975638810315e+28,318,7.446426576289503e+28,0.29087127180581956,0.5578656199862982,1.5615506452175039,1.8513498545448461,1.5529768631641314,0.10872235036864542,4997,0.9994,0.28718052971325253,0.1568774092162148,0.08453626371837632,0.019577512340878102
nakagami,42,94,5000,6,2500,1.0,1.0,50.0,50.0,310,0.062,0.124,386476.17751650995,230553823.43386987,6.939792220722536e+28,288.41346467753914,309,6.889324366367132e+28,311,6.9296098587986325e+28,0.29043059605224986,0.5821044661221991,1.5789683653193656,1.8376913433495146,1.5733224872961975,0.26797157996976617,4999,0.9998,0.28715133622981037,0.15653027304831227,0.08458822940018237,0.019450698208142058
nakagami,42,95,5000,6,2500,1.0,1.0,50.0,50.0,291,0.0582,0.1164,420912.4575947436,150082413.70279497,1.1723868262531024e+29,290.6907092976151,290,1.1684599931299167e+29,292,1.170202694197199e+29,0.2890527314474647,0.5507019771704152,1.5654800477894921,1.836361424827272,1.4418454938773555,0.21738010345629788,4999,0.9998,0.28681616015499956,0.15650814843014269,0.08413036741125664,0.01920418641676263
nakagami,42,96,5000,6,2500,1.0,1.0,50.0,50.0,269,0.0538,0.1076,350149.38118570205,168335417.62450707,3.8553998337673607e+28,285.860694243051,268,3.852934913155924e+28,270,3.8500563609057407e+28,0.2888657465858246,0.6619045425424553,1.5627015453923156,1.8855968329719615,1.73019742475048,0.13372086067547562,4998,0.9996,0.2868151451542467,0.15699369953913783,0.08465609733190227,0.0200343947189955
nakagami,42,97,5000,6,2500,1.0,1.0,50.0,50.0,322,0.0644,0.1288,379649.29623268027,196671689.98803344,6.259250092877206e+28,287.96522304450986,321,6.217351948242865e+28,323,6.245207491895759e+28,0.2903335974189817,0.6282224881153559,1.5720572292968868,1.8642800058646236,1.5977245966983662,0.07743231841776987,4997,0.9994,0.2874488772810884,0.15687232346285823,0.08450744695179713,0.019699892246926212
nakagami,42,98,5000,6,2500,1.0,1.0,50.0,50.0,422,0.0844,0.1688,408776.10030647484,268203342.2114596,9.705952006547284e+28,289.8703813950933,421,9.685682088676704e+28,423,9.698117548509847e+28,0.2906564906700026,0.5681644466378781,1.5725595951604217,1.8663864397254564,1.4792165668578625,0.187280826030233,4999,0.9998,0.28721141734902117,0.15707800701583047,0.08469011807937293,0.01929076784340552
nakagami,42,99,5000,6,2500,1.0,1.0,50.0,50.0,348,0.0696,0.1392,363813.86846878,124433096.5644783,4.883879216073646e+28,286.8876491480574,347,4.875296360521988e+28,349,4.880908733509235e+28,0.28682076266147416,0.5495673211937048,1.5518015732657433,1.8368714263356882,1.6819130374662992,0.11524762773466835,4999,0.9998,0.28553832775316634,0.1556939703492539,0.08370055191376002,0.019380599204420146
