data_profile,N,L,K,off_pct,active_pct,best_fixed_T,best_fixed_u_g_mean,recommended_band_low,recommended_band_high,recommended_band_width,best_tested_T_median,best_tested_T_p05,best_tested_T_p95,best_tested_T_std,best_tested_T_cv,best_tested_T_over_N_mean,best_tested_T_over_K_mean,best_formula,best_formula_T,best_formula_fraction
gaussian,1000,10,250,75.0,25.0,55,4.893507727242103e+24,53,58,6,48.0,23.85,76.05,17.70169198099151,0.3608172030369243,0.04906,0.19624,T_0p075NL_over_Lp2,62,0.8999028246549345
gaussian,1000,10,500,50.0,50.0,79,6.704738230500107e+29,72,82,11,69.0,36.0,107.05,20.37526724122938,0.2894214096765536,0.0704,0.1408,T_0p075N,75,0.923854525652988
lognormal,1000,10,250,75.0,25.0,38,1083003649068726.8,38,38,1,41.0,24.8,65.05,14.536512718675068,0.3483468180847129,0.04173,0.16692,T_0p05NL_over_Lp2,42,0.712633813588912
lognormal,1000,10,500,50.0,50.0,41,4.086467501039519e+17,41,42,2,58.5,32.0,92.0,18.327158739825094,0.3121641754356174,0.05871,0.11742,T_0p075NL_over_Lp2,62,0.6956369632924089
nakagami,1000,10,250,75.0,25.0,50,2.7422416527270428e+25,43,55,13,51.0,29.85,83.1,16.897540314698727,0.3201504417335871,0.05278,0.21112,T_0p05N,50,0.928331846259996
nakagami,1000,10,500,50.0,50.0,79,6.937836305590131e+30,71,86,16,73.5,45.0,113.05,21.78105932810765,0.2918148355855794,0.07464,0.14928,T_0p075N,75,0.9434104723359616
rayleigh,1000,10,250,75.0,25.0,53,3.917752529759816e+24,50,58,9,46.0,23.95,74.05,16.631098410611198,0.3461206745184432,0.0480499999999999,0.1921999999999999,T_0p05N,50,0.9038747372833864
rayleigh,1000,10,500,50.0,50.0,78,5.419536919578326e+29,65,88,24,71.5,45.95,110.0,21.047286828194338,0.2881611011527154,0.07304,0.14608,T_0p075N,75,0.918877528802321
rician,1000,10,250,75.0,25.0,139,1.449861891150467e+18,137,143,7,138.5,37.95,246.0,63.643692507267325,0.4518864847150477,0.1408399999999999,0.5633599999999999,T_0p15NL_over_Lp2,125,0.7768857667955724
rician,1000,10,500,50.0,50.0,183,5.217921222163352e+23,171,192,22,171.0,81.85,314.6,69.06221686262177,0.3819601618418327,0.18081,0.36162,T_0p15NL_over_Lp2,125,0.8636026501911962
thin_tail,1000,10,250,75.0,25.0,40,1.8096773990576e+21,39,41,3,39.5,19.0,67.1,15.36210738910334,0.3671631785158541,0.0418399999999999,0.1673599999999999,T_0p05NL_over_Lp2,42,0.8036751732310913
thin_tail,1000,10,500,50.0,50.0,67,2.5061431920950653e+25,66,72,7,65.5,35.95,103.1,20.56353544259814,0.3098784726129919,0.0663599999999999,0.1327199999999999,T_0p075N,75,0.8281683193052752
twdp,1000,10,250,75.0,25.0,48,4.343542480124467e+25,38,57,20,45.0,26.0,70.24999999999999,14.58521113451512,0.3148113778224718,0.04633,0.18532,T_0p05N,50,0.9384002769568452
twdp,1000,10,500,50.0,50.0,63,1.0857593321015075e+31,55,72,18,64.0,40.9,90.39999999999998,16.73620644174199,0.2574008988271608,0.06502,0.13004,T_0p075NL_over_Lp2,62,0.9512904300961323
gaussian,1000,2,250,75.0,25.0,36,14102768.732141009,30,48,19,36.0,18.0,68.05,15.34801339429684,0.4008360771558328,0.03829,0.15316,T_0p075NL_over_Lp2,38,0.9613908651173596
gaussian,1000,2,500,50.0,50.0,56,89944407.33977963,36,69,34,48.0,28.8,80.1,16.69632512642446,0.3275073583056975,0.05098,0.10196,T_0p05N,50,0.9611035600359688
lognormal,1000,2,250,75.0,25.0,31,188027.8705056509,30,32,3,34.5,17.95,62.0,13.53201964067284,0.3794733494299731,0.03566,0.14264,T_0p075NL_over_Lp2,38,0.9076576786509768
lognormal,1000,2,500,50.0,50.0,55,540301.8604345364,50,61,12,48.0,20.0,83.05,18.52110726013469,0.3728831741520977,0.04967,0.09934,T_0p05N,50,0.9058886193831974
nakagami,1000,2,250,75.0,25.0,45,26221187.104793902,35,61,27,42.5,20.85,70.05,16.280992201665935,0.3717121507229666,0.0438,0.1752,T_0p05N,50,0.9694841066212464
nakagami,1000,2,500,50.0,50.0,59,215092648.44135883,45,79,35,57.0,31.9,95.05,19.79163173840618,0.3286554589572597,0.06022,0.12044,T_0p125NL_over_Lp2,62,0.9742791986270858
rayleigh,1000,2,250,75.0,25.0,36,13492459.225031007,29,50,22,35.0,18.95,64.05,14.458785033551909,0.3776125629028966,0.03829,0.15316,T_0p075NL_over_Lp2,38,0.9643212864562922
rayleigh,1000,2,500,50.0,50.0,47,86230008.540242,40,68,29,49.5,28.95,75.0,15.572885008075652,0.3025035937854634,0.05148,0.10296,T_0p05N,50,0.9647064685306548
rician,1000,2,250,75.0,25.0,68,6947225.553955488,49,89,41,69.0,30.0,157.45,41.11314272894381,0.508700108004749,0.08082,0.32328,T_0p075N,75,0.9402727567375108
rician,1000,2,500,50.0,50.0,87,63971805.64336943,67,112,46,88.0,51.0,131.14999999999998,24.13375815798863,0.2646535602367434,0.0911899999999999,0.1823799999999999,T_0p075N,75,0.9659128779999274
thin_tail,1000,2,250,75.0,25.0,47,3724414.216549127,38,54,17,40.0,21.0,68.29999999999998,14.801211389134965,0.3529981251880507,0.0419299999999999,0.1677199999999999,T_0p05N,50,0.9429310600065808
thin_tail,1000,2,500,50.0,50.0,54,18567152.88191617,47,65,19,53.5,29.85,89.29999999999998,18.598020422517116,0.3360075957094329,0.05535,0.1107,T_0p05N,50,0.9497559378674916
twdp,1000,2,250,75.0,25.0,35,40760206.15576282,25,50,26,35.0,17.95,59.05,12.836072120191108,0.3490908925806665,0.03677,0.14708,T_0p075NL_over_Lp2,38,0.9765585658050864
twdp,1000,2,500,50.0,50.0,42,338339446.1699816,33,66,34,45.0,25.0,76.19999999999999,15.780617186532304,0.3309693201873386,0.04768,0.09536,T_0p075NL_over_Lp2,38,0.9749471481755616
gaussian,1000,4,250,75.0,25.0,42,2874650662505.625,38,53,16,42.0,20.95,69.05,14.192226496547075,0.3333856353428958,0.04257,0.17028,T_0p05N,50,0.9459649355986216
gaussian,1000,4,500,50.0,50.0,55,194580318171097.1,46,67,22,57.5,34.9,94.1,19.246962242274897,0.3225567662523026,0.05967,0.11934,T_0p05N,50,0.951352559151038
lognormal,1000,4,250,75.0,25.0,34,426375318.6093282,33,38,6,38.0,15.85,66.0,14.833159685738782,0.3826924583523937,0.0387599999999999,0.1550399999999999,T_0p15K,38,0.8322987474533297
lognormal,1000,4,500,50.0,50.0,50,4394152305.013708,50,50,1,51.5,27.85,82.1,17.55765107043397,0.3223953556818577,0.0544599999999999,0.1089199999999999,T_0p05N,50,0.8403494977769962
nakagami,1000,4,250,75.0,25.0,46,8072820014004.215,38,59,22,48.0,26.95,72.54999999999997,15.781666898683742,0.3263371980703834,0.04836,0.19344,T_0p05N,50,0.9561394886252198
nakagami,1000,4,500,50.0,50.0,58,792812087024522.8,51,79,29,62.0,37.0,99.74999999999996,22.420057758600667,0.3410413410191766,0.0657399999999999,0.1314799999999999,T_0p10NL_over_Lp2,67,0.9623188875063896
rayleigh,1000,4,250,75.0,25.0,43,2797090969672.3154,35,53,19,44.0,18.0,75.05,17.352565088525534,0.3868159850317774,0.04486,0.17944,T_0p05N,50,0.9417105629324404
rayleigh,1000,4,500,50.0,50.0,61,190017113648361.38,52,70,19,60.0,33.9,92.05,18.049793641619576,0.2922097076512802,0.06177,0.12354,T_0p10NL_over_Lp2,67,0.943938231797427
rician,1000,4,250,75.0,25.0,136,64589146463.21143,123,144,22,135.0,43.95,228.89999999999995,57.49942380036288,0.4169344050494009,0.1379099999999999,0.5516399999999999,T_0p10N,100,0.8692437502080936
rician,1000,4,500,50.0,50.0,135,8320814707424.354,117,146,30,136.0,77.95,210.5,43.52058725651017,0.3192297165444888,0.13633,0.27266,T_0p10N,100,0.9308802310556292
thin_tail,1000,4,250,75.0,25.0,46,152039059279.1136,37,51,15,42.5,18.95,66.1,14.92945025272146,0.3473580794025468,0.0429799999999999,0.1719199999999999,T_0p05N,50,0.9045499867727578
thin_tail,1000,4,500,50.0,50.0,63,5347205663528.292,54,67,14,59.5,32.9,95.1,20.25478120385806,0.3271120995455113,0.06192,0.12384,T_0p10NL_over_Lp2,67,0.9167174874348488
twdp,1000,4,250,75.0,25.0,39,13386587860910.867,30,52,23,36.0,17.95,68.0,14.76604075559727,0.3823418113826326,0.03862,0.15448,T_0p15K,38,0.9640525283373376
twdp,1000,4,500,50.0,50.0,56,1324776467501723.5,42,71,30,52.0,31.0,84.0,16.675788412903277,0.3078417650526726,0.0541699999999999,0.1083399999999999,T_0p05N,50,0.9665019682038776
gaussian,1000,6,250,75.0,25.0,51,1.065455787720453e+17,41,55,15,46.5,21.95,84.0,17.42410961741219,0.3662065913705798,0.04758,0.19032,T_0p05N,50,0.9272238614348356
gaussian,1000,6,500,50.0,50.0,67,8.665858234004737e+19,51,79,29,63.0,39.9,100.1,19.27691873613612,0.2895301702633842,0.0665799999999999,0.1331599999999999,T_0p075NL_over_Lp2,56,0.9342321060422484
lognormal,1000,6,250,75.0,25.0,38,179092293855.9329,36,38,3,35.5,16.95,66.0,14.70773863507153,0.3957949040654341,0.03716,0.14864,T_0p05NL_over_Lp2,38,0.7661127449434102
lognormal,1000,6,500,50.0,50.0,54,6487144957696.301,54,55,2,56.0,30.95,89.14999999999999,18.79620636557744,0.3204262933102188,0.05866,0.11732,T_0p075NL_over_Lp2,56,0.7686852598009227
nakagami,1000,6,250,75.0,25.0,50,3.862805767444071e+17,41,57,17,46.0,28.95,79.29999999999998,16.430997436786264,0.3360809457309524,0.04889,0.19556,T_0p05N,50,0.9527002014717694
nakagami,1000,6,500,50.0,50.0,71,4.941399490483604e+20,57,88,32,72.5,41.0,100.15,19.66449911013564,0.2735739998627662,0.07188,0.14376,T_0p075N,75,0.9527012766630012
rayleigh,1000,6,250,75.0,25.0,48,9.392921869444478e+16,36,56,21,47.5,25.95,79.05,17.040581390944798,0.3455105715925547,0.04932,0.19728,T_0p05N,50,0.9254059278503304
rayleigh,1000,6,500,50.0,50.0,69,7.5835359040442e+19,55,76,22,62.5,38.0,102.29999999999998,19.974731512335755,0.3054240292406078,0.0654,0.1308,T_0p075N,75,0.931496860594948
rician,1000,6,250,75.0,25.0,157,62840131371344.93,148,167,20,149.5,53.0,247.0,64.75790112083435,0.4331342460091923,0.14951,0.59804,T_0p125NL_over_Lp2,94,0.8175012940527365
rician,1000,6,500,50.0,50.0,150,1.1648993827887714e+17,140,167,28,169.0,93.95,253.3,52.742119905453286,0.3099014037572906,0.17019,0.34038,T_0p15NL_over_Lp2,112,0.8960924719686418
thin_tail,1000,6,250,75.0,25.0,40,1058932220624049.2,40,42,3,43.5,17.95,76.0,17.14347064799266,0.3898015154159314,0.0439799999999999,0.1759199999999999,T_0p05N,50,0.8617870378303085
thin_tail,1000,6,500,50.0,50.0,66,2.75263458739713e+17,58,72,15,66.5,38.9,102.1,20.036391134557384,0.2956964453151915,0.06776,0.13552,T_0p075N,75,0.8755830765602254
twdp,1000,6,250,75.0,25.0,36,6.020972581679057e+17,31,62,32,39.5,17.0,75.05,18.019548868219243,0.4164443926096427,0.04327,0.17308,T_0p05NL_over_Lp2,38,0.9437508812059416
twdp,1000,6,500,50.0,50.0,65,7.932668907247185e+20,55,79,25,64.0,36.85,94.05,18.328569629037197,0.2808115463311965,0.06527,0.13054,T_0p075N,75,0.957791689669236
gaussian,1000,8,250,75.0,25.0,44,1.071026220934093e+21,41,50,10,43.0,22.95,75.05,15.967931878764029,0.3623311068473798,0.0440699999999999,0.1762799999999999,T_0p05N,50,0.917260853788174
gaussian,1000,8,500,50.0,50.0,74,1.0638656064788555e+25,50,79,30,64.0,37.95,99.05,18.6777672621486,0.2902076951856526,0.0643599999999999,0.1287199999999999,T_0p075N,75,0.928160151484028
lognormal,1000,8,250,75.0,25.0,45,16927087193757.877,45,45,1,41.0,18.85,76.29999999999998,18.52003828780649,0.4316019176836748,0.04291,0.17164,T_0p15K,38,0.6935474388992787
lognormal,1000,8,500,50.0,50.0,46,2378510988208366.0,45,46,2,59.0,25.95,91.05,20.360337259813093,0.3473867473095562,0.05861,0.11722,T_0p075NL_over_Lp2,60,0.709502843322721
nakagami,1000,8,250,75.0,25.0,47,5.133518062212667e+21,42,55,14,45.5,25.95,78.05,16.391901794619333,0.3454563075789111,0.04745,0.1898,T_0p05N,50,0.937774468873886
nakagami,1000,8,500,50.0,50.0,73,8.916466713951615e+25,55,91,37,75.5,41.9,108.39999999999998,21.877000052866737,0.2967177546842091,0.0737299999999999,0.1474599999999999,T_0p075N,75,0.9441720662524378
rayleigh,1000,8,250,75.0,25.0,42,1.0657216659241372e+21,36,50,15,43.5,23.0,78.1,17.38724425049187,0.3728767799805247,0.0466299999999999,0.1865199999999999,T_0p05N,50,0.9122936002353196
rayleigh,1000,8,500,50.0,50.0,67,1.084833940220873e+25,66,78,13,65.0,37.0,102.25,20.826311543940093,0.3045227598178109,0.0683899999999999,0.1367799999999999,T_0p075N,75,0.9287211852545824
rician,1000,8,250,75.0,25.0,176,1.6228476950985062e+16,158,177,20,164.0,48.95,245.05,62.26016691142406,0.3942263465549551,0.15793,0.6317200000000001,T_0p15NL_over_Lp2,120,0.7852749277813595
rician,1000,8,500,50.0,50.0,151,4.29536481784017e+20,138,180,43,161.0,103.85,259.15,50.177462847156576,0.2913906088685051,0.1722,0.3444,T_0p15NL_over_Lp2,120,0.8751691495364088
thin_tail,1000,8,250,75.0,25.0,47,2.8059890311207235e+18,47,48,2,41.0,18.95,75.05,16.329733678789804,0.3790560278270614,0.04308,0.17232,T_0p15K,38,0.8392944638497346
thin_tail,1000,8,500,50.0,50.0,62,5.329829698884265e+21,62,62,1,63.5,35.95,98.05,19.09820182978788,0.2952264929631764,0.06469,0.12938,T_0p075NL_over_Lp2,60,0.8573658259902021
twdp,1000,8,250,75.0,25.0,49,8.209267569164243e+21,46,56,11,48.0,22.0,69.05,16.69709646324864,0.352036611074186,0.04743,0.18972,T_0p05N,50,0.9399009258674154
twdp,1000,8,500,50.0,50.0,61,1.4530587765707643e+26,51,76,26,59.5,36.85,101.1,19.54021752719506,0.3097197262196078,0.06309,0.12618,T_0p075NL_over_Lp2,60,0.9495123774996996
gaussian,2000,10,500,75.0,25.0,102,3.217490095232929e+30,97,124,28,99.0,57.9,145.34999999999997,26.82672420019133,0.2681063781750083,0.05003,0.20012,T_0p05N,100,0.9416702853119908
gaussian,2000,10,1000,50.0,50.0,132,4.1417558413237925e+35,123,152,30,138.5,91.95,200.2,32.06208623495006,0.2252816626963888,0.07116,0.14232,T_0p075NL_over_Lp2,125,0.9495464871486178
lognormal,2000,10,500,75.0,25.0,68,3.7088265122897945e+19,68,69,2,78.5,39.95,118.15,24.062903676267613,0.306027008473453,0.0393149999999999,0.1572599999999999,T_0p05NL_over_Lp2,83,0.7459472315575717
lognormal,2000,10,1000,50.0,50.0,158,1.5040896876938548e+22,158,158,1,108.0,73.95,167.05,31.111276334337603,0.2699225779484435,0.05763,0.11526,T_0p05N,100,0.7624918162330409
nakagami,2000,10,500,75.0,25.0,94,2.141925678792129e+31,76,114,39,94.0,60.95,139.05,26.07450668737376,0.2669653597560536,0.0488349999999999,0.1953399999999999,T_0p05N,100,0.950510610125446
nakagami,2000,10,1000,50.0,50.0,164,4.973205240239957e+36,126,183,58,153.0,100.95,204.4,34.469044815675566,0.2324121422404124,0.074155,0.14831,T_0p10NL_over_Lp2,167,0.9580718173913606
rayleigh,2000,10,500,75.0,25.0,103,2.98485777300368e+30,84,118,35,95.5,53.85,152.14999999999998,30.03253959197314,0.3086274749971548,0.048655,0.19462,T_0p05N,100,0.9313931972769482
rayleigh,2000,10,1000,50.0,50.0,144,3.778845430212177e+35,130,168,39,139.5,86.9,189.05,32.452574565966195,0.2345008639783669,0.0691949999999999,0.1383899999999999,T_0p075N,150,0.9433113410345354
rician,2000,10,500,75.0,25.0,307,9.524690133108695e+23,271,329,59,309.5,149.75,490.15,111.46622942860452,0.3473875071792455,0.160435,0.64174,T_0p15NL_over_Lp2,250,0.8314809351434083
rician,2000,10,1000,50.0,50.0,321,3.9172863817069925e+29,293,378,86,358.5,206.85,570.9499999999999,106.95768775406924,0.2910017351491477,0.183775,0.36755,T_0p15NL_over_Lp2,250,0.8902892794787161
thin_tail,2000,10,500,75.0,25.0,84,8.965570526551905e+26,83,86,4,80.0,39.9,135.2,28.20058026482305,0.3294460311311104,0.0427999999999999,0.1711999999999999,T_0p05NL_over_Lp2,83,0.8663746930592012
thin_tail,2000,10,1000,50.0,50.0,135,1.1990159498321907e+31,133,136,4,132.5,83.9,174.0,29.82983896921492,0.2291606281725045,0.0650849999999999,0.1301699999999999,T_0p075N,150,0.8758852090218237
twdp,2000,10,500,75.0,25.0,103,3.702011252614177e+31,85,121,37,94.5,55.8,136.0,25.82735805773452,0.2706986485455877,0.0477049999999999,0.1908199999999999,T_0p05N,100,0.9552325445091552
twdp,2000,10,1000,50.0,50.0,132,8.661147757458579e+36,110,148,39,127.0,84.9,176.1,26.69979003435772,0.2064948958573683,0.0646499999999999,0.1292999999999999,T_0p075NL_over_Lp2,125,0.9661596531444944
gaussian,2000,2,500,75.0,25.0,79,185066725.15878803,56,99,44,73.5,38.0,114.1,22.697608114984583,0.3045841131908827,0.03726,0.14904,T_0p075NL_over_Lp2,75,0.97031527299163
gaussian,2000,2,1000,50.0,50.0,97,1178884908.4907477,77,139,63,97.5,52.9,148.2,28.691117127435135,0.2884689033524547,0.04973,0.09946,T_0p05N,100,0.9732824248610684
lognormal,2000,2,500,75.0,25.0,79,1909751.81117582,76,86,11,73.0,34.9,109.05,21.655372347645088,0.2921663835354167,0.03706,0.14824,T_0p075NL_over_Lp2,75,0.930991096156736
lognormal,2000,2,1000,50.0,50.0,99,5591656.430720291,92,117,26,105.5,60.85,151.45,27.826475293732894,0.2637080676055051,0.05276,0.10552,T_0p05N,100,0.9397823983404922
nakagami,2000,2,500,75.0,25.0,92,373684524.36270666,65,121,57,89.5,53.9,138.05,25.67735118029824,0.2817661711872955,0.0455649999999999,0.1822599999999999,T_0p05N,100,0.9811764040522892
nakagami,2000,2,1000,50.0,50.0,129,3050958494.5600176,89,159,71,116.5,80.7,171.14999999999998,28.030149712930413,0.2321529709535399,0.06037,0.12074,T_0p125NL_over_Lp2,125,0.9825325021435292
rayleigh,2000,2,500,75.0,25.0,80,181816144.88952827,59,103,45,76.0,43.95,118.1,22.19430038764389,0.2815463705143206,0.039415,0.15766,T_0p075NL_over_Lp2,75,0.9735129929196332
rayleigh,2000,2,1000,50.0,50.0,105,1157933625.4502358,79,135,57,106.5,66.95,150.29999999999998,29.04488167500689,0.2701095664001385,0.053765,0.10753,T_0p05N,100,0.975033001462122
rician,2000,2,500,75.0,25.0,143,97942861.25355989,113,195,83,144.0,69.75,253.35,53.56029265692028,0.3646285836811239,0.073445,0.29378,T_0p075N,150,0.9633764385768698
rician,2000,2,1000,50.0,50.0,165,900464270.1031244,132,216,85,176.5,115.75,257.25,45.88470839665938,0.2552837899001857,0.08987,0.17974,T_0p075N,150,0.9758297353672016
thin_tail,2000,2,500,75.0,25.0,89,43519380.66046462,75,109,35,82.0,48.85,124.1,25.324980680439747,0.3076033120422659,0.041165,0.16466,T_0p05N,100,0.9611190120764532
thin_tail,2000,2,1000,50.0,50.0,123,219714382.19042748,98,149,52,121.0,76.9,168.05,29.8470850310124,0.2430544383632931,0.0614,0.1228,T_0p125NL_over_Lp2,125,0.9673445256578264
twdp,2000,2,500,75.0,25.0,83,591933822.5768226,45,108,64,71.5,38.9,108.15,22.156785220630077,0.313435920506862,0.035345,0.14138,T_0p075NL_over_Lp2,75,0.9800889651281794
twdp,2000,2,1000,50.0,50.0,92,4918695447.38457,66,131,66,90.0,54.9,133.1,24.361801528979207,0.268420025660855,0.04538,0.09076,T_0p05N,100,0.9838626459093336
gaussian,2000,4,500,75.0,25.0,82,602202575766513.2,70,116,47,83.0,45.0,128.29999999999998,25.65713321570601,0.2953169108621779,0.04344,0.17376,T_0p05N,100,0.9607447295940952
gaussian,2000,4,1000,50.0,50.0,129,4.090014823203458e+16,107,146,40,124.0,88.7,173.29999999999998,26.372667209775653,0.2089089607871962,0.06312,0.12624,T_0p10NL_over_Lp2,133,0.9650425271022928
lognormal,2000,4,500,75.0,25.0,90,35645562756.07243,88,93,6,79.5,39.0,124.2,28.370583356709464,0.3538802963291688,0.040085,0.16034,T_0p05N,100,0.8722586197042083
lognormal,2000,4,1000,50.0,50.0,106,375907300551.2973,96,114,19,108.5,63.75,170.14999999999998,32.18916782479046,0.2856942205093677,0.0563349999999999,0.1126699999999999,T_0p05N,100,0.8871738887398664
nakagami,2000,4,500,75.0,25.0,92,1698751398153266.2,73,131,59,93.0,57.8,152.0,28.80646672628432,0.2974645469463477,0.04842,0.19368,T_0p05N,100,0.9705321279842154
nakagami,2000,4,1000,50.0,50.0,135,1.6687117002040352e+17,112,174,63,138.0,89.9,179.1,28.912300342779904,0.2081369256553157,0.0694549999999999,0.1389099999999999,T_0p10NL_over_Lp2,133,0.9772956512621
rayleigh,2000,4,500,75.0,25.0,81,560771129322192.5,71,106,36,82.0,47.95,130.0,25.553230241156903,0.2940871244234883,0.043445,0.17378,T_0p15K,75,0.9561075842372604
rayleigh,2000,4,1000,50.0,50.0,123,3.792276379575175e+16,104,149,46,124.0,75.95,171.25,28.821377798117464,0.2383310824288221,0.060465,0.12093,T_0p10NL_over_Lp2,133,0.965992416200486
rician,2000,4,500,75.0,25.0,284,13040300842442.855,243,301,59,247.5,124.25,442.3,99.54303419408944,0.3918245786029892,0.127025,0.5081,T_0p10N,200,0.9114810728098074
rician,2000,4,1000,50.0,50.0,280,1696640720680954.5,210,310,101,266.5,171.6,384.3,70.51428969014047,0.2628776084481825,0.13412,0.26824,T_0p10N,200,0.9484242895431848
thin_tail,2000,4,500,75.0,25.0,85,23650983818998.47,78,91,14,85.0,50.85,134.2,25.956332794160502,0.294322857400618,0.0440949999999999,0.1763799999999999,T_0p05N,100,0.929612435604485
thin_tail,2000,4,1000,50.0,50.0,135,819014189034633.9,120,146,27,129.0,83.95,174.1,30.3211497343376,0.2369580316844139,0.06398,0.12796,T_0p10NL_over_Lp2,133,0.9470693962962602
twdp,2000,4,500,75.0,25.0,78,2954081257070026.0,63,108,46,80.5,45.9,125.05,24.101793805575237,0.294823165817434,0.040875,0.1635,T_0p15K,75,0.9729300807264012
twdp,2000,4,1000,50.0,50.0,118,2.907551555043039e+17,88,144,57,117.0,70.9,165.34999999999997,29.350332539888203,0.2548214320184772,0.05759,0.11518,T_0p05N,100,0.9742144585744076
gaussian,2000,6,500,75.0,25.0,93,3.176726967639496e+20,80,115,36,93.0,52.0,147.05,27.24110641636787,0.2906338036527032,0.046865,0.18746,T_0p05N,100,0.9488253194270506
gaussian,2000,6,1000,50.0,50.0,135,2.4926278417363103e+23,107,150,44,128.0,84.0,194.25,30.77792072314834,0.2401148441500104,0.06409,0.12818,T_0p075NL_over_Lp2,112,0.9545060084465198
lognormal,2000,6,500,75.0,25.0,77,103168043861486.2,77,78,2,75.0,44.9,120.05,22.97046632596568,0.2952881646222609,0.038895,0.15558,T_0p05NL_over_Lp2,75,0.8220245380613861
lognormal,2000,6,1000,50.0,50.0,121,3769963877461817.5,120,126,7,111.5,61.9,166.2,32.33277725232531,0.2882736916220159,0.05608,0.11216,T_0p05N,100,0.840829522186739
nakagami,2000,6,500,75.0,25.0,95,1.2515002585401367e+21,81,125,45,96.0,57.9,139.05,25.6289293612125,0.2639980362712453,0.04854,0.19416,T_0p075NL_over_Lp2,112,0.9652728155198392
nakagami,2000,6,1000,50.0,50.0,140,1.5635328310541833e+24,111,172,62,134.0,95.75,188.2,30.759470907430288,0.2235751628683695,0.06879,0.13758,T_0p075N,150,0.9719044436280336
rayleigh,2000,6,500,75.0,25.0,87,2.851384894239432e+20,70,112,43,91.0,50.0,128.2,24.64836339763389,0.2721771576593848,0.04528,0.18112,T_0p075NL_over_Lp2,112,0.9453422873355568
rayleigh,2000,6,1000,50.0,50.0,126,2.231521788799428e+23,110,152,43,127.0,78.95,186.05,31.42649593041908,0.2408898967531739,0.06523,0.13046,T_0p075NL_over_Lp2,112,0.9530536295529656
rician,2000,6,500,75.0,25.0,317,1.855890589783337e+17,270,338,69,286.5,97.0,487.2,122.22596188034584,0.4210187795127479,0.145155,0.58062,T_0p15NL_over_Lp2,225,0.8675312634283088
rician,2000,6,1000,50.0,50.0,333,3.5124211013281337e+20,272,358,87,311.5,189.5,460.6,82.49107695852793,0.2594875022287761,0.15895,0.3179,T_0p15NL_over_Lp2,225,0.9194963243873876
thin_tail,2000,6,500,75.0,25.0,87,2.271089882767104e+18,83,94,12,88.0,51.95,143.2,28.087964279629404,0.3031293360633434,0.04633,0.18532,T_0p05N,100,0.897301180976953
thin_tail,2000,6,1000,50.0,50.0,157,5.584012838593419e+20,149,162,14,133.5,78.8,196.15,36.97316936002718,0.2730057547074295,0.067715,0.13543,T_0p075N,150,0.9055628563092256
twdp,2000,6,500,75.0,25.0,97,2.1849664382667928e+21,68,115,48,87.0,53.95,123.1,23.005805152332112,0.2560753022298765,0.0449199999999999,0.1796799999999999,T_0p05N,100,0.9661396646807994
twdp,2000,6,1000,50.0,50.0,114,2.738417048079729e+24,97,148,52,119.5,76.95,167.05,26.604038198830803,0.2203597962298583,0.060365,0.12073,T_0p075NL_over_Lp2,112,0.9733214301396595
gaussian,2000,8,500,75.0,25.0,98,4.716893618918957e+25,89,107,19,94.0,60.9,137.25,25.428090328960565,0.2688242978006191,0.047295,0.18918,T_0p05N,100,0.9476874764770136
gaussian,2000,8,1000,50.0,50.0,139,4.573704629797313e+29,111,159,49,137.0,85.8,191.54999999999995,33.980474191256164,0.2493247794501149,0.0681449999999999,0.1362899999999999,T_0p075N,150,0.9511957254020154
lognormal,2000,8,500,75.0,25.0,95,1.3784596343096158e+17,94,96,3,88.5,46.9,128.1,25.89180869649236,0.2956023369847284,0.043795,0.17518,T_0p05N,100,0.7811228625881725
lognormal,2000,8,1000,50.0,50.0,125,1.988435779836619e+19,125,125,1,115.5,76.95,163.39999999999998,29.615543284572784,0.2542543207810163,0.05824,0.11648,T_0p075NL_over_Lp2,120,0.8343176696474718
nakagami,2000,8,500,75.0,25.0,89,2.536846496535664e+26,79,122,44,107.0,62.9,157.1,29.65868295706124,0.2829217109325693,0.052415,0.20966,T_0p05N,100,0.9549940023461808
nakagami,2000,8,1000,50.0,50.0,151,4.27785556942298e+30,131,175,45,149.0,96.8,197.3,31.269044298045493,0.2107362467855876,0.0741899999999999,0.1483799999999999,T_0p10NL_over_Lp2,160,0.9646954976945012
rayleigh,2000,8,500,75.0,25.0,91,5.149842461651802e+25,88,101,14,94.0,60.8,140.1,25.90698981379584,0.2639799247380868,0.04907,0.19628,T_0p05N,100,0.9496946126205466
rayleigh,2000,8,1000,50.0,50.0,131,4.933011892845715e+29,113,152,40,132.0,90.8,196.0,30.71984190826325,0.2288767837003669,0.06711,0.13422,T_0p075N,150,0.9499671142865926
rician,2000,8,500,75.0,25.0,252,7.252465806964442e+20,248,274,27,308.0,124.0,474.5,112.33041584198077,0.3643188007718378,0.154165,0.61666,T_0p10N,200,0.8402211669995381
rician,2000,8,1000,50.0,50.0,330,1.9898800708088757e+25,279,396,118,321.5,212.8,548.15,100.61166669302062,0.2943066363219465,0.17093,0.34186,T_0p15NL_over_Lp2,240,0.9032684757394452
thin_tail,2000,8,500,75.0,25.0,88,6.597071279331252e+22,86,92,7,82.0,50.95,132.39999999999998,27.490492387681453,0.3214886257476488,0.042755,0.17102,T_0p05NL_over_Lp2,80,0.8825211125084921
thin_tail,2000,8,1000,50.0,50.0,152,1.1946677434883186e+26,149,155,7,133.0,78.85,191.05,34.14546866427565,0.2554077991194229,0.066845,0.13369,T_0p075N,150,0.9000335088795716
twdp,2000,8,500,75.0,25.0,85,4.158409471865511e+26,78,98,21,82.0,48.85,134.29999999999998,27.976315740716156,0.3162952599289559,0.0442249999999999,0.1768999999999999,T_0p05NL_over_Lp2,80,0.9582655144933336
twdp,2000,8,1000,50.0,50.0,129,6.98399136637945e+30,113,158,46,134.0,78.7,176.29999999999998,29.674699287065703,0.2263689014193737,0.065545,0.13109,T_0p075NL_over_Lp2,120,0.9655288748943888
gaussian,500,10,125,75.0,25.0,22,4.655585008510845e+18,21,22,2,21.5,9.0,46.05,11.45577354327273,0.4821453511478422,0.04752,0.19008,T_0p05N,25,0.8616778014273494
gaussian,500,10,250,50.0,50.0,34,7.147073539075438e+23,33,38,6,32.0,18.0,54.1,12.208442185883529,0.3631303446128355,0.06724,0.13448,T_0p075N,38,0.8823422823490062
lognormal,500,10,125,75.0,25.0,3,432880598446.0323,3,3,1,18.0,6.95,37.05,9.713907555664711,0.4842426498337345,0.0401199999999999,0.1604799999999999,T_0p05NL_over_Lp2,21,0.625011298488093
lognormal,500,10,250,50.0,50.0,3,79462844079585.5,3,3,1,27.5,12.0,48.0,11.418976762522565,0.4156889975435953,0.05494,0.10988,T_0p075NL_over_Lp2,31,0.6288921663386237
nakagami,500,10,125,75.0,25.0,24,2.89978618490647e+19,21,27,7,27.0,9.95,46.05,10.905026178767107,0.398575518229792,0.05472,0.21888,T_0p05N,25,0.8991882036904231
nakagami,500,10,250,50.0,50.0,38,8.289579137448917e+24,33,41,9,35.0,21.0,58.05,11.708906219134429,0.3177450805735258,0.0737,0.1474,T_0p075N,38,0.9164959977863328
rayleigh,500,10,125,75.0,25.0,24,6.097150324822354e+18,22,26,5,22.0,8.95,43.05,10.71049235397918,0.4547979768144025,0.0471,0.1884,T_0p05NL_over_Lp2,21,0.8590265794683897
rayleigh,500,10,250,50.0,50.0,30,8.867955160620272e+23,30,34,5,30.5,14.0,51.05,12.54536817420129,0.3952541957845397,0.06348,0.12696,T_0p075NL_over_Lp2,31,0.8817005826776184
rician,500,10,125,75.0,25.0,62,3483942127031.8306,60,66,7,77.0,22.0,124.0,34.43339200323553,0.4495807808230256,0.15318,0.61272,T_0p15NL_over_Lp2,62,0.7162878786228789
rician,500,10,250,50.0,50.0,64,8.363489152854831e+17,62,68,7,76.0,37.95,155.1,39.0046617260506,0.4498807580859354,0.1734,0.3468,T_0p15NL_over_Lp2,62,0.8186811069467166
thin_tail,500,10,125,75.0,25.0,20,4840027899776520.0,20,20,1,20.0,7.95,41.1,10.11586912137598,0.4828577146241519,0.0418999999999999,0.1675999999999999,T_0p05NL_over_Lp2,21,0.7489177120940704
thin_tail,500,10,250,50.0,50.0,29,6.856941842836039e+19,29,30,2,30.0,11.0,55.05,13.303770256220718,0.4175696878914224,0.06372,0.12744,T_0p075NL_over_Lp2,31,0.7649711015937227
twdp,500,10,125,75.0,25.0,28,4.4070067593166684e+19,20,30,11,24.5,7.95,44.19999999999999,11.171301616104536,0.4415534235614441,0.0506,0.2024,T_0p05N,25,0.8912984772312228
twdp,500,10,250,50.0,50.0,35,1.2394448972207596e+25,28,40,13,30.5,16.0,57.0,12.175530187779724,0.361613608190666,0.06734,0.13468,T_0p075N,38,0.913349190088217
gaussian,500,2,125,75.0,25.0,21,1038599.2720315726,16,25,10,18.5,7.95,33.05,9.038436442954795,0.4772141733344665,0.03788,0.15152,T_0p075NL_over_Lp2,19,0.9400427140442648
gaussian,500,2,250,50.0,50.0,24,6665609.171393262,21,28,8,23.0,8.95,38.05,10.227710428344196,0.4261546011810082,0.048,0.096,T_0p05N,25,0.9476441471404702
lognormal,500,2,125,75.0,25.0,21,22554.99080961878,18,22,5,18.0,6.95,30.05,8.049411798574496,0.4334632094008883,0.03714,0.14856,T_0p075NL_over_Lp2,19,0.8711119256998547
lognormal,500,2,250,50.0,50.0,22,65855.51214312644,21,26,6,23.5,10.9,44.1,10.925847400277078,0.43949506839409,0.04972,0.09944,T_0p05N,25,0.8870980118694779
nakagami,500,2,125,75.0,25.0,19,1976039.2885493324,15,29,15,21.0,8.0,38.1,9.155359417336168,0.420742620281993,0.0435199999999999,0.1740799999999999,T_0p075NL_over_Lp2,19,0.9592124571547208
nakagami,500,2,250,50.0,50.0,27,16221886.925332325,22,38,17,27.5,13.95,50.05,11.105554165971787,0.3751876407422901,0.0592,0.1184,T_0p125NL_over_Lp2,31,0.9608281301964848
rayleigh,500,2,125,75.0,25.0,20,1074419.178065149,16,24,9,18.5,5.95,32.0,8.441695458983476,0.4558150895779415,0.03704,0.14816,T_0p075NL_over_Lp2,19,0.9453019316437448
rayleigh,500,2,250,50.0,50.0,24,6865281.668156752,19,32,14,23.0,10.9,45.1,10.218200240825984,0.4179223002382815,0.0489,0.0978,T_0p05N,25,0.9521830875662646
rician,500,2,125,75.0,25.0,34,505928.1194131685,24,36,13,39.0,12.95,98.49999999999996,26.582374353368557,0.6033221596316058,0.0881199999999999,0.3524799999999999,T_0p125NL_over_Lp2,31,0.9079225877965462
rician,500,2,250,50.0,50.0,34,4590263.722001207,29,56,28,40.0,16.0,88.0,20.646128602297967,0.4801425256348364,0.086,0.172,T_0p075N,38,0.9414022157255044
thin_tail,500,2,125,75.0,25.0,20,303333.70219304244,18,23,6,19.0,6.0,33.099999999999994,8.144130935027302,0.4383278221220292,0.03716,0.14864,T_0p075NL_over_Lp2,19,0.9278914867252414
thin_tail,500,2,250,50.0,50.0,23,1501484.509958247,20,27,8,24.0,12.95,43.1,10.429968476665806,0.3871554742637641,0.05388,0.10776,T_0p05N,25,0.9348385374626494
twdp,500,2,125,75.0,25.0,21,2800113.6957272924,14,28,15,18.0,6.0,34.05,8.53101294209438,0.4646521210291057,0.03672,0.14688,T_0p075NL_over_Lp2,19,0.9633882721139008
twdp,500,2,250,50.0,50.0,25,23337229.4275814,18,34,17,23.0,9.95,37.05,8.44432748457014,0.3658720747214099,0.04616,0.09232,T_0p05N,25,0.9672700008039178
gaussian,500,4,125,75.0,25.0,21,14608495200.529148,18,25,8,20.5,7.95,37.0,8.935973151348216,0.4331542972054395,0.0412599999999999,0.1650399999999999,T_0p05N,25,0.9079203078847756
gaussian,500,4,250,50.0,50.0,30,995988800093.5931,24,37,14,28.5,14.0,51.0,11.732588647167187,0.3875979070752292,0.06054,0.12108,T_0p10NL_over_Lp2,33,0.9225032229298292
lognormal,500,4,125,75.0,25.0,16,5190174.745855382,16,16,1,18.5,5.0,32.0,7.933632538284418,0.4318798333306705,0.0367399999999999,0.1469599999999999,T_0p15K,19,0.7825849836018726
lognormal,500,4,250,50.0,50.0,26,52078590.47580896,26,27,2,25.0,10.95,46.0,10.60433968722335,0.3994101577108606,0.0531,0.1062,T_0p05N,25,0.8064353082812734
nakagami,500,4,125,75.0,25.0,22,39732759334.60945,18,31,14,23.5,11.0,44.05,11.077408988522086,0.4446972697118461,0.04982,0.19928,T_0p05N,25,0.9374392412970028
nakagami,500,4,250,50.0,50.0,30,3987371415117.2783,27,40,14,31.5,15.0,54.05,12.064289067618976,0.3744347941532891,0.06444,0.12888,T_0p10NL_over_Lp2,33,0.9474156317592805
rayleigh,500,4,125,75.0,25.0,21,14020231430.909737,15,25,11,17.5,7.0,34.099999999999994,8.683264991297394,0.4587039086792073,0.03786,0.15144,T_0p05NL_over_Lp2,17,0.9123347724890396
rayleigh,500,4,250,50.0,50.0,26,958693456081.6776,22,34,13,27.0,12.9,50.0,11.406342378898088,0.4013491336698834,0.05684,0.11368,T_0p05N,25,0.9249277628242176
rician,500,4,125,75.0,25.0,40,295909304.7924207,37,44,8,52.0,15.95,110.05,31.802005844876764,0.5609808757254677,0.11338,0.4535200000000001,T_0p125NL_over_Lp2,42,0.8284766054283398
rician,500,4,250,50.0,50.0,65,36726249945.92918,64,72,9,65.5,33.95,117.2,28.74355439384488,0.4258304354643685,0.135,0.27,T_0p125NL_over_Lp2,42,0.8854729275772749
thin_tail,500,4,125,75.0,25.0,21,1172308182.940873,19,22,4,19.0,7.0,41.14999999999999,10.010822426582424,0.4803657594329379,0.04168,0.16672,T_0p15K,19,0.8670315391700807
thin_tail,500,4,250,50.0,50.0,27,40582442384.62558,25,28,4,29.0,12.95,50.0,12.392976179508237,0.4010671902753475,0.0618,0.1236,T_0p10NL_over_Lp2,33,0.8680622250201933
twdp,500,4,125,75.0,25.0,18,54472392816.6772,14,27,14,20.0,6.0,39.0,10.418025365934396,0.4958603220340026,0.04202,0.16808,T_0p05NL_over_Lp2,17,0.9405037244326871
twdp,500,4,250,50.0,50.0,33,5567593486561.063,24,37,14,27.0,11.95,50.0,11.442098416008148,0.3981245099515709,0.0574799999999999,0.1149599999999999,T_0p10NL_over_Lp2,33,0.9550447789370072
gaussian,500,6,125,75.0,25.0,21,31737884119055.73,19,23,5,21.0,7.0,43.1,11.173634189917845,0.4799671043779143,0.04656,0.18624,T_0p05NL_over_Lp2,19,0.892386739071637
gaussian,500,6,250,50.0,50.0,38,2.659559325075115e+16,33,40,8,33.0,14.95,50.1,11.540197641988703,0.353343467299103,0.06532,0.13064,T_0p075N,38,0.909947382105161
lognormal,500,6,125,75.0,25.0,17,280787543.72531104,17,17,1,17.0,6.95,35.05,9.516062975067712,0.51410388844234,0.03702,0.14808,T_0p05NL_over_Lp2,19,0.6831002057844011
lognormal,500,6,250,50.0,50.0,32,9879611687.301931,32,34,3,27.0,10.95,49.05,12.017243503155848,0.433835505529092,0.0554,0.1108,T_0p075NL_over_Lp2,28,0.693310941006677
nakagami,500,6,125,75.0,25.0,18,114706373784622.28,16,27,12,22.0,8.0,43.05,10.970460797113772,0.4580568182510969,0.0479,0.1916,T_0p05NL_over_Lp2,19,0.908910451689406
nakagami,500,6,250,50.0,50.0,37,1.526572523814672e+17,29,39,11,31.0,16.0,55.1,12.780489391682506,0.3914391850438746,0.0653,0.1306,T_0p075N,38,0.9291330055315132
rayleigh,500,6,125,75.0,25.0,20,34413144597141.29,19,23,5,22.0,8.95,43.05,10.442120416269807,0.445292981504043,0.0469,0.1876,T_0p05N,25,0.8962993847563142
rayleigh,500,6,250,50.0,50.0,29,2.8302383062944464e+16,25,35,11,31.0,16.9,53.05,12.01120688811457,0.3702591519147525,0.06488,0.12976,T_0p075NL_over_Lp2,28,0.9071806047361036
rician,500,6,125,75.0,25.0,69,22349894524.87662,66,69,4,69.0,21.95,123.05,32.46937795909409,0.4502756616155053,0.14422,0.5768800000000001,T_0p15NL_over_Lp2,56,0.7722108751162099
rician,500,6,250,50.0,50.0,75,36506787055872.7,65,78,14,75.5,31.9,148.14999999999998,34.49488177522672,0.4388103520573301,0.15722,0.31444,T_0p15NL_over_Lp2,56,0.8530662276521391
thin_tail,500,6,125,75.0,25.0,15,553239113102.2224,15,17,3,18.5,5.95,35.05,9.687412430363414,0.5032422041747229,0.0385,0.154,T_0p05NL_over_Lp2,19,0.8285236724827773
thin_tail,500,6,250,50.0,50.0,35,139530912896708.1,35,35,1,32.0,13.95,51.1,12.265991417514748,0.3797520562698064,0.0646,0.1292,T_0p075N,38,0.8269090801377559
twdp,500,6,125,75.0,25.0,20,167530168475761.56,17,27,11,21.0,7.0,35.05,8.871080013507973,0.4120334423366452,0.04306,0.17224,T_0p05N,25,0.9292116813798552
twdp,500,6,250,50.0,50.0,27,2.2270521450843955e+17,24,32,9,27.0,12.95,54.0,11.582745788456206,0.3999566915903386,0.0579199999999999,0.1158399999999999,T_0p075NL_over_Lp2,28,0.938770911171646
gaussian,500,8,125,75.0,25.0,25,2.1699334945048984e+16,23,26,4,22.0,8.95,47.05,11.465380477548466,0.4749536237592571,0.0482799999999999,0.1931199999999999,T_0p05N,25,0.8761189272359666
gaussian,500,8,250,50.0,50.0,32,2.4226125138263648e+20,31,32,2,32.0,16.95,56.1,12.390363639179888,0.356147273330839,0.06958,0.13916,T_0p075NL_over_Lp2,30,0.8928830134890419
lognormal,500,8,125,75.0,25.0,15,5270798011.147643,14,16,3,19.0,7.0,33.0,8.43456093592418,0.4356694698307944,0.03872,0.15488,T_0p05NL_over_Lp2,20,0.6571600792001493
lognormal,500,8,250,50.0,50.0,22,515719382421.7772,22,22,1,27.0,8.95,50.1,11.6619037896906,0.4256169266310438,0.0547999999999999,0.1095999999999999,T_0p075NL_over_Lp2,30,0.6971645408145387
nakagami,500,8,125,75.0,25.0,31,9.085983380058272e+16,30,31,2,24.5,8.95,52.0,13.075766003017051,0.4973665273114132,0.05258,0.21032,T_0p075NL_over_Lp2,30,0.8948663765921205
nakagami,500,8,250,50.0,50.0,40,1.7584242650613198e+21,36,46,11,35.5,18.0,54.1,11.549786827365072,0.3260809380961342,0.07084,0.14168,T_0p10NL_over_Lp2,40,0.923174129583551
rayleigh,500,8,125,75.0,25.0,19,1.976242261495085e+16,18,21,4,23.0,7.95,44.05,10.953432191221014,0.4490952107921694,0.0487799999999999,0.1951199999999999,T_0p075NL_over_Lp2,30,0.8718700113071759
rayleigh,500,8,250,50.0,50.0,36,2.15813716782606e+20,32,40,9,32.0,14.9,50.05,11.772502630359366,0.3645866407667812,0.06458,0.12916,T_0p075N,38,0.898594978118581
rician,500,8,125,75.0,25.0,87,431235778879.3937,87,92,6,72.5,24.95,124.0,33.35474918102808,0.4458594998132345,0.14962,0.59848,T_0p15NL_over_Lp2,60,0.719601654400565
rician,500,8,250,50.0,50.0,87,9658908197802230.0,85,90,6,89.5,32.95,160.14999999999998,38.79781702700045,0.4212117796873352,0.18422,0.36844,legacy_T100,100,0.832631117143292
thin_tail,500,8,125,75.0,25.0,18,118035613526238.95,18,18,1,21.5,8.0,39.05,10.012739360182582,0.4498085965940063,0.0445199999999999,0.1780799999999999,T_0p15K,19,0.7696687766023236
thin_tail,500,8,250,50.0,50.0,30,2.256666566709024e+17,29,32,4,32.0,13.95,53.1,12.988557512773552,0.3981777287790788,0.0652399999999999,0.1304799999999999,T_0p075N,38,0.8043499316457158
twdp,500,8,125,75.0,25.0,19,1.3847886443881384e+17,15,22,8,21.0,8.95,43.24999999999999,12.742611247862088,0.5454884951995758,0.04672,0.18688,T_0p15K,19,0.9066381453657129
twdp,500,8,250,50.0,50.0,36,2.6339045957276486e+21,30,39,10,31.0,15.0,53.05,11.66200772776387,0.3617248054517329,0.06448,0.12896,T_0p075NL_over_Lp2,30,0.9255441005348488
gaussian,5000,10,1250,75.0,25.0,247,1.7699742392041185e+38,205,283,79,239.0,174.75,327.7999999999999,52.75196008613607,0.2138130677940015,0.049344,0.197376,T_0p05N,250,0.9637999541847232
gaussian,5000,10,2500,50.0,50.0,338,2.136443455225045e+43,296,405,110,332.5,247.0,428.65,58.339046473475584,0.1720865062195085,0.067802,0.135604,T_0p075N,375,0.9669734636081294
lognormal,5000,10,1250,75.0,25.0,248,1.5154148397427398e+26,248,250,3,205.5,131.5,306.0,50.093915838556725,0.23691787664849,0.042288,0.169152,T_0p05NL_over_Lp2,208,0.835831160421008
lognormal,5000,10,2500,50.0,50.0,279,7.707286414694581e+28,279,280,2,307.0,215.9,411.2,57.82277346611049,0.1883232590740961,0.061408,0.122816,T_0p075NL_over_Lp2,312,0.8654022516879106
nakagami,5000,10,1250,75.0,25.0,255,1.3123052154589487e+39,218,296,79,251.5,177.95,329.35,48.75359194226336,0.1915059782475581,0.0509159999999999,0.2036639999999999,T_0p05N,250,0.9773312409044296
nakagami,5000,10,2500,50.0,50.0,391,2.925030979663018e+44,308,449,142,374.5,274.95,477.75,60.62193739010073,0.1623207684421793,0.074694,0.149388,T_0p075N,375,0.9759782288739
rayleigh,5000,10,1250,75.0,25.0,250,1.7378460055029897e+38,208,293,86,242.5,181.75,358.15,55.75557316891236,0.2218950657416817,0.0502539999999999,0.2010159999999999,T_0p05N,250,0.9623195258301552
rayleigh,5000,10,2500,50.0,50.0,340,2.090178413125496e+43,308,394,87,336.0,255.8,448.45,57.88588914075832,0.1680091981794808,0.068908,0.137816,T_0p075N,375,0.9638705170477772
rician,5000,10,1250,75.0,25.0,696,5.814091455355705e+31,618,737,120,821.5,393.3,1234.55,272.34794590076064,0.3319211547564479,0.164104,0.6564160000000001,T_0p15NL_over_Lp2,625,0.8959463932772885
rician,5000,10,2500,50.0,50.0,864,2.3385324414611457e+37,768,974,207,889.5,628.65,1213.75,188.38371972807485,0.2079933309721269,0.181144,0.362288,T_0p15NL_over_Lp2,625,0.9207641874772594
thin_tail,5000,10,1250,75.0,25.0,248,1.925382816561067e+34,206,253,48,222.5,158.75,302.0,47.74109891123711,0.2123147687949707,0.044972,0.179888,T_0p05NL_over_Lp2,208,0.9188632560358092
thin_tail,5000,10,2500,50.0,50.0,341,2.4036485657639614e+38,321,365,45,331.0,234.4,462.25,65.62859917980141,0.1979209239717766,0.066318,0.132636,T_0p075N,375,0.9224329026335822
twdp,5000,10,1250,75.0,25.0,233,2.5791621527807762e+39,208,292,85,237.0,165.85,331.15,47.90392215232232,0.1988622282050825,0.048178,0.192712,T_0p05N,250,0.9732465081349868
twdp,5000,10,2500,50.0,50.0,331,5.6588736732895495e+44,265,398,134,311.5,244.85,412.15,54.19314038369122,0.1720690280479162,0.06299,0.12598,T_0p075NL_over_Lp2,312,0.9768085919479128
gaussian,5000,2,1250,75.0,25.0,204,6270711669.956089,140,263,124,196.5,128.65,265.35,47.76834990373074,0.2434304127999324,0.039246,0.156984,T_0p075NL_over_Lp2,188,0.982241648397235
gaussian,5000,2,2500,50.0,50.0,256,40002389206.422615,198,342,145,260.5,185.85,367.1,53.07353770044356,0.2031445215511121,0.052252,0.104504,T_0p05N,250,0.986874009082368
lognormal,5000,2,1250,75.0,25.0,187,34421513.82710865,163,234,72,187.5,125.0,272.0,42.86909366804006,0.2259598021718324,0.037944,0.151776,T_0p075NL_over_Lp2,188,0.962880767172258
lognormal,5000,2,2500,50.0,50.0,277,100660378.19047809,221,308,88,261.5,181.75,358.45,56.95168606331638,0.2173562554893381,0.052404,0.104808,T_0p05N,250,0.9615601703107436
nakagami,5000,2,1250,75.0,25.0,217,12630660328.712114,160,313,154,220.5,149.0,317.25,50.370003699893374,0.2226692175407514,0.045242,0.180968,T_0p05N,250,0.98820999344128
nakagami,5000,2,2500,50.0,50.0,322,103255783492.52742,228,409,182,298.0,234.9,397.25,49.55828728259117,0.1627102478251729,0.060916,0.121832,T_0p125NL_over_Lp2,312,0.99126680829002
rayleigh,5000,2,1250,75.0,25.0,221,6339790096.176392,151,268,118,202.0,137.9,258.2,40.157462795622656,0.2004065415491698,0.040076,0.160304,T_0p075NL_over_Lp2,188,0.9823977886027796
rayleigh,5000,2,2500,50.0,50.0,240,40403571722.14578,205,334,130,249.5,191.6,346.25,50.13047219430754,0.1920119204623393,0.052216,0.104432,T_0p05N,250,0.9861643356996348
rician,5000,2,1250,75.0,25.0,378,3300327028.831537,232,474,243,346.0,228.55,572.0499999999998,122.42338193516974,0.3277558950930867,0.0747039999999999,0.2988159999999999,T_0p075N,375,0.9783591458941228
rician,5000,2,2500,50.0,50.0,435,30237355346.717724,304,571,268,422.0,306.95,559.4,79.32955109395034,0.1867852207246129,0.0849419999999999,0.1698839999999999,T_0p075N,375,0.9859744582879464
thin_tail,5000,2,1250,75.0,25.0,211,1283734406.2684543,174,254,81,210.0,136.65,294.1,45.78634064761007,0.2160446404360405,0.042386,0.169544,T_0p075NL_over_Lp2,188,0.9740942591361754
thin_tail,5000,2,2500,50.0,50.0,294,6394222943.325867,231,359,129,284.0,200.5,387.05,56.02082585336394,0.1969236004406775,0.056896,0.113792,T_0p125NL_over_Lp2,312,0.979565998878
twdp,5000,2,1250,75.0,25.0,178,21119516458.6022,125,264,140,181.0,115.8,252.45,41.36493781946349,0.2280945013480203,0.03627,0.14508,T_0p075NL_over_Lp2,188,0.9903701364625522
twdp,5000,2,2500,50.0,50.0,233,175045276567.51276,163,332,170,233.0,174.95,315.15,42.57859636820909,0.1791651435649446,0.0475299999999999,0.0950599999999999,T_0p05N,250,0.9903708436143932
gaussian,5000,4,1250,75.0,25.0,230,6.922807280212179e+17,176,280,105,210.0,151.85,309.69999999999993,47.80865058446087,0.2179460730509704,0.043872,0.175488,T_0p05N,250,0.9747698309601516
gaussian,5000,4,2500,50.0,50.0,309,4.6219146334866506e+19,246,383,138,301.5,217.0,410.05,56.61185941357717,0.1849577215550744,0.061216,0.122432,T_0p10NL_over_Lp2,333,0.9798787811749384
lognormal,5000,4,1250,75.0,25.0,186,14635242395957.455,177,226,50,195.5,126.0,286.35,48.684040070394296,0.2456804605893939,0.0396319999999999,0.1585279999999999,T_0p15K,188,0.9179760220950764
lognormal,5000,4,2500,50.0,50.0,282,151123994882391.97,249,296,48,280.5,178.7,400.05,65.12962986896737,0.2320257565691748,0.0561399999999999,0.1122799999999999,T_0p05N,250,0.9209139823496628
nakagami,5000,4,1250,75.0,25.0,228,2.2202628767787968e+18,189,309,121,236.5,162.95,320.35,49.40829174267506,0.2078161587494219,0.04755,0.1902,T_0p05N,250,0.983448827678536
nakagami,5000,4,2500,50.0,50.0,358,2.1438704565302837e+20,258,435,178,329.0,253.0,423.15,60.376930506392405,0.1812032728283085,0.06664,0.13328,T_0p10NL_over_Lp2,333,0.9849753991852392
rayleigh,5000,4,1250,75.0,25.0,218,6.426497400538956e+17,182,275,94,222.0,153.0,307.29999999999995,45.833271625302814,0.2018286653983126,0.045418,0.181672,T_0p05N,250,0.9768799920478723
rayleigh,5000,4,2500,50.0,50.0,314,4.298145805540641e+19,243,368,126,297.5,212.9,409.1,58.22656896411923,0.1908442116162544,0.06102,0.12204,T_0p10NL_over_Lp2,333,0.978748411239392
rician,5000,4,1250,75.0,25.0,567,1.61080115956262e+16,424,659,236,562.5,307.45,1053.85,215.83894365002715,0.3602900222845863,0.119814,0.4792560000000001,T_0p10N,500,0.9526628423930804
rician,5000,4,2500,50.0,50.0,575,2.073367942690989e+18,485,752,268,603.5,440.95,788.55,113.87442135257524,0.1859174226164493,0.1224999999999999,0.2449999999999999,T_0p10N,500,0.9717934662924388
thin_tail,5000,4,1250,75.0,25.0,206,2.1241266069973828e+16,180,259,80,220.0,147.8,321.2,53.74387444541043,0.2351000631907717,0.04572,0.18288,T_0p05N,250,0.9570067716213354
thin_tail,5000,4,2500,50.0,50.0,318,7.304171796212596e+17,284,391,108,330.0,227.65,440.9,67.45642738805249,0.2045932103607791,0.065942,0.131884,T_0p10NL_over_Lp2,333,0.9679536473705868
twdp,5000,4,1250,75.0,25.0,228,3.6593607913716326e+18,156,283,128,201.5,141.9,287.74999999999994,45.435858886206525,0.2198899428263394,0.041326,0.165304,T_0p15K,188,0.982464887946812
twdp,5000,4,2500,50.0,50.0,279,3.5785009015489364e+20,215,369,155,274.0,212.9,369.25,49.76145114646497,0.1778465015956575,0.05596,0.11192,T_0p05N,250,0.9848452369162124
gaussian,5000,6,1250,75.0,25.0,241,1.251514410805252e+25,186,285,100,224.5,161.95,322.54999999999995,47.824657644230754,0.208649961363949,0.0458419999999999,0.1833679999999999,T_0p05N,250,0.9711988210865105
gaussian,5000,6,2500,50.0,50.0,320,9.713907759929754e+27,261,399,139,319.5,233.9,439.05,60.38751877865512,0.1845076805849708,0.065458,0.130916,T_0p075NL_over_Lp2,281,0.9710791956832882
lognormal,5000,6,1250,75.0,25.0,189,1.0625236417319612e+18,189,192,4,195.0,132.0,304.4,50.99141936134793,0.251710037325244,0.0405159999999999,0.1620639999999999,T_0p05NL_over_Lp2,188,0.8868628661454262
lognormal,5000,6,2500,50.0,50.0,308,3.721718801722682e+19,298,313,16,294.0,185.85,389.65,65.47443868573538,0.2245120141471569,0.0583259999999999,0.1166519999999999,T_0p075NL_over_Lp2,281,0.893915771910821
nakagami,5000,6,1250,75.0,25.0,277,5.164453657952473e+25,207,323,117,256.5,178.85,339.05,49.65134602018521,0.1921343008288259,0.051684,0.206736,T_0p05N,250,0.9780330821974292
nakagami,5000,6,2500,50.0,50.0,342,6.390647236732007e+28,286,435,150,347.5,263.1,450.65,60.165599755503095,0.1723251410766543,0.0698279999999999,0.1396559999999999,T_0p075N,375,0.9807541714469596
rayleigh,5000,6,1250,75.0,25.0,225,1.2373566657982794e+25,194,276,83,232.5,161.8,318.05,50.810023468293,0.2158363003623168,0.047082,0.188328,T_0p05N,250,0.9706071107446336
rayleigh,5000,6,2500,50.0,50.0,319,9.566597671939694e+27,265,391,127,309.5,238.8,390.05,51.50805664155753,0.1651058006909559,0.0623939999999999,0.1247879999999999,T_0p075NL_over_Lp2,281,0.9718033731294228
rician,5000,6,1250,75.0,25.0,617,8.965035028885916e+21,563,681,119,692.5,384.15,1222.0,251.00529190767384,0.3468840407789854,0.14472,0.57888,T_0p15NL_over_Lp2,562,0.9222896988977553
rician,5000,6,2500,50.0,50.0,738,1.630964133962916e+25,583,929,347,756.0,524.9,1045.15,167.30352595800184,0.2164536581035822,0.154586,0.309172,T_0p15NL_over_Lp2,562,0.9483049649852862
thin_tail,5000,6,1250,75.0,25.0,208,7.154688389946886e+22,189,242,54,207.0,144.95,303.45,52.467282734822064,0.2419854383120656,0.0433639999999999,0.1734559999999999,T_0p05N,250,0.9419545246298328
thin_tail,5000,6,2500,50.0,50.0,311,1.7501574374567155e+25,285,373,89,330.5,234.7,432.1,61.72304629912918,0.1855049027714037,0.0665459999999999,0.1330919999999999,T_0p075N,375,0.948662580766823
twdp,5000,6,1250,75.0,25.0,229,9.995621465022883e+25,177,284,108,218.0,164.9,307.05,44.70009038926074,0.1971164192320886,0.045354,0.181416,T_0p05N,250,0.980221667525378
twdp,5000,6,2500,50.0,50.0,311,1.2340672416429378e+29,241,380,140,307.5,220.0,402.35,56.33648547752687,0.1815666026734784,0.062056,0.124112,T_0p075NL_over_Lp2,281,0.9821775686850206
gaussian,5000,8,1250,75.0,25.0,242,7.067271491808233e+31,194,291,98,242.0,154.0,330.1,55.454318264147965,0.228658742636269,0.048504,0.194016,T_0p05N,250,0.9623242805133444
gaussian,5000,8,2500,50.0,50.0,386,6.726613224038391e+35,281,412,132,326.0,229.8,444.05,63.16035308657008,0.1886002958779601,0.066978,0.133956,T_0p075N,375,0.9679330195088012
lognormal,5000,8,1250,75.0,25.0,217,1.5926808547278566e+22,217,218,2,198.0,127.75,283.05,47.84812990445432,0.2374950608252063,0.0402939999999999,0.1611759999999999,T_0p05NL_over_Lp2,200,0.8666490916838886
lognormal,5000,8,2500,50.0,50.0,311,2.074190248059668e+24,310,313,4,295.0,215.85,417.25,60.40306618078592,0.2002953416479952,0.060314,0.120628,T_0p075NL_over_Lp2,300,0.882908626317817
nakagami,5000,8,1250,75.0,25.0,256,4.329319406205832e+32,206,312,107,263.0,185.5,371.15,55.00622095212817,0.207531488217801,0.0530099999999999,0.2120399999999999,T_0p05N,250,0.9755015333545652
nakagami,5000,8,2500,50.0,50.0,358,7.104375683040708e+36,300,438,139,360.0,267.0,446.35,59.402550705361385,0.1663657388264196,0.071412,0.142824,T_0p075N,375,0.9792188108396448
rayleigh,5000,8,1250,75.0,25.0,251,6.3776849748233725e+31,210,287,78,244.0,158.4,326.4,52.20191083618966,0.2152922457878898,0.0484939999999999,0.1939759999999999,T_0p05N,250,0.9661956183072328
rayleigh,5000,8,2500,50.0,50.0,343,6.003274166953193e+35,287,400,114,336.5,246.4,443.25,61.79950884051824,0.1817365353345632,0.06801,0.13602,T_0p075N,375,0.96916839435325
rician,5000,8,1250,75.0,25.0,745,1.242808972255128e+27,524,829,306,773.0,344.8,1219.45,268.84442649340093,0.3393386344046158,0.158452,0.633808,T_0p15NL_over_Lp2,600,0.9043649612579008
rician,5000,8,2500,50.0,50.0,816,3.3757748249137367e+31,710,969,260,812.0,551.55,1124.35,178.357798095329,0.2177830666511948,0.163794,0.3275880000000001,T_0p15NL_over_Lp2,600,0.932171215338354
thin_tail,5000,8,1250,75.0,25.0,236,5.657881663876832e+28,222,255,34,226.0,151.85,309.1,49.97351217587092,0.2192205306890284,0.045592,0.182368,T_0p05N,250,0.9245700872226452
thin_tail,5000,8,2500,50.0,50.0,319,9.982455059427414e+31,296,388,93,325.0,250.5,454.2,63.312050650533806,0.1888671638044681,0.067044,0.134088,T_0p075NL_over_Lp2,300,0.9369901340517244
twdp,5000,8,1250,75.0,25.0,223,8.141638162627931e+32,171,288,118,223.0,162.85,322.65,50.15903898520377,0.2176191547798332,0.046098,0.184392,T_0p05N,250,0.976414035147954
twdp,5000,8,2500,50.0,50.0,319,1.3293114666301518e+37,269,389,121,306.0,231.45,415.35,59.17692698061202,0.1887500860570682,0.062704,0.125408,T_0p075NL_over_Lp2,300,0.9813575208714268
