data_profile,generator_seed,sample,N,L,K,sigma,P,off_pct,active_pct,best_tested_T,best_tested_u_bf,best_tested_u_i,best_tested_u_g_value,best_tested_u_g_db,prev_T,prev_T_u_g,next_T,next_T_u_g,row_power_cv,row_power_skew3,row_power_p95_p50,row_power_p99_p50,row_power_max_p95,log_power_gap_max,log_power_gap_rank,log_power_gap_rank_pct,tail_mass_p80,tail_mass_p90,tail_mass_p95,tail_mass_p99
lognormal,42,0,1000,2,250,1.0,1.0,75.0,25.0,54,330.2237358464835,174.90605968353586,27504.056024752812,44.393967439858,53,25921.645069516875,55,26754.879391589966,3.026914043998464,15.697218793982035,10.28078281060449,21.8701318837237,16.996120233997495,1.6617399479026318,2,0.002,0.7219196362102023,0.56037444963749,0.4184945163571765,0.1953329134888238
lognormal,42,1,1000,2,250,1.0,1.0,75.0,25.0,76,651.3853968433001,184.1482850934628,103056.84194459293,50.130768298866414,75,94919.02150858707,77,101142.19650114178,2.1988806595702766,6.4699358919268235,10.908751610838813,30.88296985365068,8.298988594684483,1.6496142777008913,999,0.999,0.7212785063035068,0.5679727195295313,0.42972889168684725,0.16125380525646177
lognormal,42,2,1000,2,250,1.0,1.0,75.0,25.0,17,1360.3933829257792,6345.8849812452,460024.06948021625,56.62780555527155,16,447434.7787237392,18,445789.4940099058,1.7001820243573413,4.7850153950069885,9.481488103213543,17.376425601851164,5.072959337028462,0.48660188232901724,999,0.999,0.6772536046151394,0.4955640086163698,0.337873653004795,0.12031586235369028
lognormal,42,3,1000,2,250,1.0,1.0,75.0,25.0,43,643.9208826524969,2161.1922676357804,103148.53010555031,50.13463043539447,42,99977.13104177537,44,100390.29012330077,2.1798306761744555,7.833425898888278,9.059894819877135,26.08438547978949,10.075731476555406,0.5780920844535267,993,0.993,0.6992665851199505,0.5390950159486629,0.3968361594801834,0.16952908607198014
lognormal,42,4,1000,2,250,1.0,1.0,75.0,25.0,25,515.0752681070167,897.2257514932636,64444.722923968824,48.091873608076384,24,58725.01531853767,26,62979.051004002285,2.2204082419213607,14.242526990352767,8.555197115228001,17.332848648075174,14.424405597802302,1.164133568770076,1,0.001,0.6721492613132094,0.49461649623234605,0.34802336673706963,0.14639484632221464
lognormal,42,5,1000,2,250,1.0,1.0,75.0,25.0,22,1112.4816215178262,10782.384073837444,305083.2059024781,54.84418301432555,21,302940.4569747584,23,293889.65837916103,1.9458942670361392,5.2703465855584,10.908881055585647,24.266347450288308,5.202285293793373,0.8917737454269492,998,0.998,0.711900331750476,0.5423648702366033,0.38668547186693464,0.14360244380883155
lognormal,42,6,1000,2,250,1.0,1.0,75.0,25.0,25,491.5777081834502,239.33950619596462,59653.44217913778,47.75635508798881,24,59310.54518532057,26,58006.34531678767,2.5686288189614777,9.984415664420506,9.513162988678884,34.737467553240045,14.145762845639037,0.46998153386828306,1,0.001,0.7196325205719221,0.5595981926723298,0.425866736208696,0.20984507838517344
lognormal,42,7,1000,2,250,1.0,1.0,75.0,25.0,28,1403.4469505244256,27255.450759043768,478119.4637851894,56.795364237678356,27,444134.0006734698,29,477928.1399615413,1.7495328565893133,4.528399058830125,10.132054787988979,21.682917911872604,4.814721534212081,0.2807523940415182,997,0.997,0.684246474664008,0.506573607024024,0.35290217645124833,0.12521514290967703
lognormal,42,8,1000,2,250,1.0,1.0,75.0,25.0,62,1003.5355498434071,6080.460467053851,248300.7034812203,53.94977949991855,61,234543.8183705316,63,244219.30024703717,1.8923857828585064,6.5101455971877655,9.052477683068377,19.577125008589594,6.718454258519454,0.5080381884253882,998,0.998,0.6800107270981705,0.5022608449642574,0.3589437769195357,0.14224030299579146
lognormal,42,9,1000,2,250,1.0,1.0,75.0,25.0,32,1311.619255107101,1134.96012675542,423805.9532614801,56.27167053012933,31,421210.8128941086,33,412553.18585610425,1.7562349198580431,4.42731749580184,9.743984297910758,23.648340849332957,5.081193938134546,1.004602152465166,999,0.999,0.6912329909953592,0.5126180937597267,0.3557212822754032,0.12256762517222385
lognormal,42,10,1000,2,250,1.0,1.0,75.0,25.0,20,377.9766377893364,1262.5407125862716,35463.31214863482,45.49779294736424,19,32483.72023807975,21,34635.37783194409,2.6911638265325815,11.955628226619904,9.109993294950964,27.620493232912615,16.424506403586104,0.7061514879039504,1,0.001,0.7190218891695686,0.566387693956324,0.4314195450138112,0.20766798334882375
lognormal,42,11,1000,2,250,1.0,1.0,75.0,25.0,39,1057.1989537373202,5519.093527520693,268333.59012558835,54.286750412633836,38,265620.93795992294,40,267879.0825453332,2.0483669329997443,5.1842286271513816,10.267098554673485,29.402713468907297,5.286379238174597,0.33086464001446014,997,0.997,0.7187153361479025,0.5562617921903871,0.4086127408881673,0.1585673173019223
lognormal,42,12,1000,2,250,1.0,1.0,75.0,25.0,27,463.56250392374534,260.02040921685807,53403.32730138522,47.27568316646795,26,50417.712194949396,28,52687.31459165489,2.381026991944147,11.916229342016294,9.45068457626008,23.89027487565591,14.173782125613574,1.3021261407767035,999,0.999,0.7063759540062508,0.5383192178933333,0.3937740835725948,0.17508334447062532
lognormal,42,13,1000,2,250,1.0,1.0,75.0,25.0,38,975.3895781992802,9243.554172571845,233811.8511837023,53.68866520398292,37,229302.42385153618,39,228748.74612775544,1.9400231160910704,5.993320067987536,9.606216078948247,22.831921597970684,6.671410139794008,0.3130969788433289,993,0.993,0.6941903470630375,0.5204143075755344,0.37138001570724505,0.14910534820861837
lognormal,42,14,1000,2,250,1.0,1.0,75.0,25.0,47,432.1799880215123,801.2855171486182,46689.0067256575,46.69214634732808,46,46676.807564388895,48,45303.54886912787,2.4363614761721397,10.364304572987155,11.93238414411415,27.345584365935952,12.485337613624644,1.117877767789647,999,0.999,0.7364885619700925,0.5751963360873992,0.42460639976634035,0.1747597929052871
lognormal,42,15,1000,2,250,1.0,1.0,75.0,25.0,31,1279.620804981451,5076.8671842934755,405268.98271676345,56.07743366262226,30,397706.57337051164,32,400634.6158876451,1.837341144883059,5.174696502206285,9.918015405709388,21.92853215321698,5.180193743668978,2.0593148267005876,999,0.999,0.6900806775159886,0.5127348147154251,0.3605749161441742,0.13673657974428202
lognormal,42,16,1000,2,250,1.0,1.0,75.0,25.0,18,1054.5740290451452,2210.970488023053,277422.84746415814,54.43142225010546,17,269220.53064389055,19,268224.2275114076,1.8158113019775493,5.450180576548701,11.172911601379134,22.81201942174724,5.915408822240987,0.47423280875838003,999,0.999,0.6939300692214326,0.5125263280308585,0.35694493171975145,0.12639272904270848
lognormal,42,17,1000,2,250,1.0,1.0,75.0,25.0,22,807.6226403139608,1438.0089055593446,163133.77226580578,52.12543878823045,21,150354.48188965296,23,159840.40433362903,2.010075630914806,7.00087462219434,9.673375578465214,23.26806713565372,8.381720325090667,0.6417480641943863,1,0.001,0.7014902087918797,0.5264029016741884,0.37239994868017834,0.15538801311244627
lognormal,42,18,1000,2,250,1.0,1.0,75.0,25.0,23,1353.5157000826237,10173.585622702612,454156.6301756772,56.57205658781347,22,408785.8684427007,24,440576.8807892673,1.7204846321740301,4.688742625149312,9.382675708269364,18.570122557695072,4.44863210862292,0.3932243017351555,3,0.003,0.6768440446795735,0.5019880574037,0.3462441548801388,0.12080146183474129
lognormal,42,19,1000,2,250,1.0,1.0,75.0,25.0,39,893.679820589542,8807.761714475557,194140.43296740824,52.88115993842479,38,172605.6464655164,40,192069.4628814282,2.254408910859011,6.094016946474454,10.301170917582468,33.67156137440107,6.57592675524017,0.5400425840550298,999,0.999,0.7212834834810948,0.5666324616655636,0.43304939044883434,0.18120619602766883
lognormal,42,20,1000,2,250,1.0,1.0,75.0,25.0,43,1011.1027090289091,2017.4444212310925,255297.08820401563,54.07045861478203,42,246633.2688438869,44,252891.2594633974,1.9185401027288567,5.703052458172811,9.803972892048968,22.514451551448005,5.875687446786038,1.1445939359795272,999,0.999,0.6938684520808743,0.526295429882619,0.37798895439323543,0.1388312305021269
lognormal,42,21,1000,2,250,1.0,1.0,75.0,25.0,31,472.4719265696247,294.77906531432654,54610.50877409152,47.37276222621447,30,53266.29267915531,32,53004.48975907133,2.562567232327008,8.809059617954377,8.983125677814433,34.3404840618771,13.057013185861672,0.6191525534637599,999,0.999,0.7220108973230097,0.5729923737483325,0.44248288076840575,0.21370922904663378
lognormal,42,22,1000,2,250,1.0,1.0,75.0,25.0,36,745.5143536906894,586.590554086437,139397.2812037606,51.4425430339098,35,121891.17855069214,37,137419.24337125366,2.0711467541745363,7.401516935092705,10.230456075263561,28.820074269830116,9.534813129050535,0.7743927950441314,1,0.001,0.7039878059211347,0.5245074636450126,0.3820400410601716,0.15896022574802085
lognormal,42,23,1000,2,250,1.0,1.0,75.0,25.0,35,983.9029287836903,10100.245382578993,237685.98610786957,53.76003576614855,34,229548.5464899277,36,233141.47217843207,2.2008964260560835,6.5989672478585994,9.96758730601032,29.674406440668214,6.769854012346967,0.29433624286550675,999,0.999,0.7156949708156151,0.5468530461593218,0.4060245626276247,0.18336421704999992
lognormal,42,24,1000,2,250,1.0,1.0,75.0,25.0,28,889.3073407412073,81.06759239806976,198185.9305302306,52.970728201292374,27,167465.36996923495,29,193709.12464936174,2.0897270399969963,6.00216964606029,10.529159878387976,28.720781033256028,6.965529662623074,0.36369702852231095,2,0.002,0.7166243368510611,0.5538037903028852,0.4032677022967485,0.1583930290910491
lognormal,42,25,1000,2,250,1.0,1.0,75.0,25.0,53,948.402446425241,16205.967806970579,217343.98361413344,53.371476228137354,52,207936.06725870373,54,214991.82734865707,1.9576291647229518,6.877335131858322,8.85233896407436,23.94944352320319,8.368663888266541,0.33322577700091216,998,0.998,0.6836965399613582,0.5037174871749899,0.3596228380649209,0.15346492807137233
lognormal,42,26,1000,2,250,1.0,1.0,75.0,25.0,29,570.5141777764699,335.01152843404884,81137.03311657222,49.09219123103842,28,77141.5481884227,30,80506.22271070456,2.4561793723588865,9.472893379671035,8.45402836189102,24.709045605243894,12.50647240060992,0.5310498637751315,3,0.003,0.7075010224425244,0.5492913986965734,0.4122584860026251,0.19447109230420254
lognormal,42,27,1000,2,250,1.0,1.0,75.0,25.0,26,1413.891763733266,13745.410895821546,494258.8182224607,56.93954426435262,25,470411.78172043676,27,479843.84626269684,1.8418365804278152,5.207984863833914,9.980694646159977,22.03297575231122,4.773997459930448,0.37150311084379445,4,0.004,0.6960214358231079,0.5141165927022432,0.3585795114664892,0.1369005150606804
lognormal,42,28,1000,2,250,1.0,1.0,75.0,25.0,31,808.5564833076602,5552.626437290302,160848.36712819245,52.064166564669904,30,157762.69417208788,32,158345.37350450447,1.9715625821955611,8.398056885930657,8.873420184637041,18.299605963066725,9.299100442245052,0.3758471400580862,2,0.002,0.6840862899349898,0.49967325093300524,0.34806518883048376,0.14023429146077876
lognormal,42,29,1000,2,250,1.0,1.0,75.0,25.0,16,1746.8829004659187,21594.212693086625,753194.845475952,58.76907339240258,15,730238.6152053002,17,748149.7253130381,1.7548276963229539,4.092204775969504,10.71671970289182,22.45805662849241,3.694421066911857,0.6696312713816202,999,0.999,0.7010365502969773,0.5150931333769954,0.36040195835302324,0.1264871661589696
lognormal,42,30,1000,2,250,1.0,1.0,75.0,25.0,36,1508.4098930947134,15551.888286456855,554568.2657751024,57.43955014190493,35,519071.22385570436,37,536101.9315632508,1.7284142311972877,3.957125610422647,10.05085174208279,22.713606464545247,4.191507140739483,1.2256734106754479,999,0.999,0.6966870844512897,0.5167042122240862,0.35705751715260103,0.11606839578068623
lognormal,42,31,1000,2,250,1.0,1.0,75.0,25.0,22,1003.0756953200635,4905.305714813732,249906.2019319212,53.97777034163218,21,234864.65841985683,23,244688.17529282643,1.946176155902975,6.661517433746295,10.270178840914076,20.043016082159507,7.089991925378538,0.2609096116777753,1,0.001,0.6937593355820183,0.5119379155249756,0.3573318320424276,0.15102294748586018
lognormal,42,32,1000,2,250,1.0,1.0,75.0,25.0,24,2003.2535831412897,19089.18078670575,993897.0099666393,59.97341384074866,23,923237.8327511469,25,979047.3618403273,1.6259581907043106,3.6607433752691727,10.635622206077146,21.24252757035208,3.276662414136879,0.33003769772430047,987,0.987,0.6804118953200371,0.49621533288124264,0.3326005586978588,0.11101900280271927
lognormal,42,33,1000,2,250,1.0,1.0,75.0,25.0,66,825.8855396012747,7583.655776565624,166498.0323791561,52.21409105518469,65,161266.99980352476,67,163462.16395568004,2.1203178191754515,6.30360042523864,9.850941501014173,31.778425694326028,7.977740248969668,0.4111464952302377,999,0.999,0.7060494861803646,0.5420319046864753,0.4047306823678459,0.16841130535379248
lognormal,42,34,1000,2,250,1.0,1.0,75.0,25.0,31,1062.564838265402,23049.926333535706,270656.542971696,54.324185303820244,30,256039.7994258692,32,263094.5516082602,2.010215318501758,5.054920051113249,11.5888080252947,30.155560348611957,5.504453028125598,0.5151687349339191,997,0.997,0.7213955965831391,0.5541415979796422,0.40278804847998767,0.14786892430476
lognormal,42,35,1000,2,250,1.0,1.0,75.0,25.0,34,1220.5960764530605,31899.882735901396,356458.9296936264,55.52009498746276,33,351768.78115701623,35,350389.8169156838,1.8268295635126872,4.678993113915317,9.61053984497992,25.263105085949807,5.236255763421844,0.8623895769705889,999,0.999,0.6918110392073712,0.5210464226526317,0.3703810665239359,0.13097310932937148
lognormal,42,36,1000,2,250,1.0,1.0,75.0,25.0,62,810.7155488291273,1722.1423106866885,162377.2030280586,52.10525056345527,61,155061.26838874843,63,161511.80911491855,2.126606494195236,6.185268305288351,10.04614295197249,26.14645055601884,7.328828822408938,0.7153882991202742,993,0.993,0.7108585820363895,0.550450678184779,0.4108535253043405,0.17201241603579367
lognormal,42,37,1000,2,250,1.0,1.0,75.0,25.0,15,975.8430391643213,4333.3206969036355,235718.1238137973,53.72392975692424,14,214160.9544290954,16,228166.1900392973,1.840485282825035,6.038780151315967,10.72694720290722,20.684167048325243,6.5896380383397375,0.48334905711727366,1,0.001,0.6866035286243992,0.5089708491827004,0.35339500173922556,0.13486883865257163
lognormal,42,38,1000,2,250,1.0,1.0,75.0,25.0,18,416.8014292436985,4597.333128064038,40642.35915128332,46.08978909331164,17,39936.74745119321,19,39448.28566887871,2.821594165279607,13.080618823177932,10.399425771145971,23.91378675376422,16.693852006356988,0.9201213296845001,999,0.999,0.7242716713560121,0.5615569115255085,0.418674670429029,0.21877178602801997
lognormal,42,39,1000,2,250,1.0,1.0,75.0,25.0,47,473.7773810537811,6394.8148523045675,53378.937856464225,47.27369927869138,46,51360.4893011204,48,52052.28227746177,2.3227059369138887,10.799591859735493,10.15398871706945,24.91060952794227,12.916009182916195,0.9334540984367582,1,0.001,0.7114944733244685,0.5477776893959697,0.402023010725672,0.1662983418470173
lognormal,42,40,1000,2,250,1.0,1.0,75.0,25.0,34,668.7554158119831,1615.831854079577,111656.40932843302,50.47883657600731,33,107986.43246899334,35,109144.88228846352,2.0348628786509546,9.132941160019877,8.743801953246319,20.95396540311884,10.646176090662175,0.708902205530098,998,0.998,0.6813093713060072,0.504977188602436,0.36006167778727277,0.1492690229684171
lognormal,42,41,1000,2,250,1.0,1.0,75.0,25.0,42,436.9829747361175,616.526119793976,47865.94846357251,46.8002666887783,41,45973.38619246108,43,47001.13958591988,2.6587441379304373,14.738112937805042,7.622022089286609,19.689254595099737,19.98299509323883,0.9708152491246823,1,0.001,0.6858743560171029,0.5173651769345546,0.3867939524833543,0.19822447936995377
lognormal,42,42,1000,2,250,1.0,1.0,75.0,25.0,39,529.0382966314129,927.5697691800374,70016.14834074829,48.451982161067015,38,67120.62039855425,40,69326.11353162477,2.4442302012184673,9.31765700905593,8.952704560143438,25.392510683080218,12.30322039088149,0.345585933921462,1,0.001,0.7085078943639437,0.5509902338059673,0.4137451051954141,0.19784948694677332
lognormal,42,43,1000,2,250,1.0,1.0,75.0,25.0,35,397.5638919441299,755.2008433180047,39400.63610155996,45.955032333272854,34,37751.77396942977,36,38958.387849251834,2.6694530108977634,14.6592422599156,10.324969751017774,24.628321025302558,17.209922034385528,1.1124929025635248,1,0.001,0.7101542240691714,0.5480311827968153,0.4011717401279046,0.19244940277319988
lognormal,42,44,1000,2,250,1.0,1.0,75.0,25.0,61,597.1125198544671,522.677867719411,89471.27724296539,49.51683637137786,60,85366.75128544802,62,88004.59413826505,2.4438244877916593,7.978272759433698,10.264217549089961,30.82863516546906,10.561138820675719,0.6461991557926208,999,0.999,0.7291769022119107,0.5705692351271991,0.4299795469761644,0.20584042264311733
lognormal,42,45,1000,2,250,1.0,1.0,75.0,25.0,38,793.6725286388793,7141.723814271573,154167.4856758396,51.879927895351926,37,149746.89015110265,39,152738.00940586254,1.9811264498751278,7.348482752543465,10.148016390429428,23.140050231290346,8.554469280062964,0.5017499155371787,2,0.002,0.7025899614237954,0.5240940779671204,0.36694198264400785,0.13900463506406557
lognormal,42,46,1000,2,250,1.0,1.0,75.0,25.0,16,467.65016831084864,1566.5574627480337,54358.624371717015,47.35268457712189,15,50640.854884979235,17,53263.158322058895,2.3000186655239037,13.670172340943871,9.987823694222119,20.23872332983009,14.308924665262015,1.359448052278263,1,0.001,0.691972054766146,0.5151830526130097,0.37165339418595006,0.1559173543509793
lognormal,42,47,1000,2,250,1.0,1.0,75.0,25.0,45,1070.1427093305588,5293.083392675243,283757.9726918941,54.529480726591615,44,280283.356016289,46,277281.3767192191,1.866068952727534,6.338287303990786,8.769154050524643,21.787668236694103,7.57989088996569,1.139130848401681,999,0.999,0.6764430045230206,0.4927927912681542,0.34992598783692563,0.14164262644955372
lognormal,42,48,1000,2,250,1.0,1.0,75.0,25.0,25,1252.2992075881177,4507.535340202935,391055.3826843491,55.92238268114362,24,344548.61029110453,26,380609.3740841742,1.928010495495168,5.520441884814896,9.057973107337109,21.671179019462393,5.378644734271008,0.3470609449123483,997,0.997,0.6814658230800927,0.5192306341366596,0.3746326918578504,0.15781015062492842
lognormal,42,49,1000,2,250,1.0,1.0,75.0,25.0,37,831.8952983773929,2441.278403258077,172449.6129325128,52.36662223919632,36,157662.0746231285,38,170420.80663155898,2.0414911871327894,5.540991394247196,11.864660585418052,26.826294836231167,6.304932925619627,0.5318604964336053,997,0.997,0.7288650094730006,0.5622034943522929,0.4038082644193411,0.14933384544699568
lognormal,42,50,1000,2,250,1.0,1.0,75.0,25.0,55,515.7504648700868,259.12134128718344,65590.3687289548,48.16840072379399,54,64635.58388047684,56,64352.88553322588,2.4472026302107133,10.022453377337092,8.914373322659461,25.879361258409855,14.228064401577553,1.4761215179328335,999,0.999,0.7163279685287364,0.5533248975834875,0.420228304707659,0.1864381137743548
lognormal,42,51,1000,2,250,1.0,1.0,75.0,25.0,21,452.46081443737773,5618.934636226727,48723.17319380609,46.87735564839993,20,43666.03220684084,22,47957.714848194126,2.4894721003562457,11.907783179895125,10.711605960993335,24.980613953001335,14.044170492152208,0.6147784166427861,1,0.001,0.7235771981490755,0.5544281436209036,0.40469762608979776,0.17914736296636688
lognormal,42,52,1000,2,250,1.0,1.0,75.0,25.0,26,924.6084105744302,4458.38355075447,210851.0740168964,53.239758175321654,25,210782.4180706741,27,209692.81169946943,1.8318768980786675,6.331528847222615,9.331760975571994,20.281907762617397,7.329547219188835,1.8309424552384037,999,0.999,0.6775968863941267,0.4989803931213207,0.3511724386264961,0.13368536087243318
lognormal,42,53,1000,2,250,1.0,1.0,75.0,25.0,36,1336.48678816413,938.9627759156252,444975.7840986651,56.48336377006807,35,404772.2611604477,37,443315.12797883654,1.7307512670449643,4.588254060237599,8.726679075557508,19.40632737284421,4.901617632517517,0.26176035644263157,1,0.001,0.6741543640417946,0.49894327709236763,0.35092149449070786,0.12424097466776862
lognormal,42,54,1000,2,250,1.0,1.0,75.0,25.0,50,792.1215102772337,649.5387626504843,151902.41275236727,51.81564672063692,49,146720.07576469737,51,147901.87110541883,2.021521469241786,6.837495506479221,8.900214432725045,23.053047239263382,8.698984124116881,0.8469344310277798,998,0.998,0.692276668821449,0.5248548234479239,0.37847090908320097,0.1571381030983643
lognormal,42,55,1000,2,250,1.0,1.0,75.0,25.0,69,699.4166832678173,1177.5300777451823,119392.39789494015,50.76976674721437,68,111263.30598808083,70,117732.77401298107,2.328142198753605,7.2123051576575925,10.525439182363849,29.110994958162458,7.989927386338652,0.3436638281725102,3,0.003,0.72878174093672,0.571343748382994,0.42914654286311615,0.18566865672518584
lognormal,42,56,1000,2,250,1.0,1.0,75.0,25.0,11,1198.7552770031318,9204.504659610113,355844.8427757126,55.51260676021367,10,303706.1770197972,12,348596.24666598754,1.7280327399409816,4.3981613398707475,10.212780002562372,22.161527068158275,5.23118954882411,0.7876017834340434,999,0.999,0.6912400004339289,0.5138459896467134,0.35297170890242324,0.11496358372254746
lognormal,42,57,1000,2,250,1.0,1.0,75.0,25.0,24,885.4636601907378,1413.0974443081702,196059.10652633014,52.923870191548914,23,181830.94019238904,25,191061.44577239195,1.8132651825915278,7.163051188855902,10.179938143342701,20.222545150022196,8.007408138018048,0.6907195571100548,1,0.001,0.6798052200492571,0.4931665815501597,0.3385154886194082,0.1240285256496244
lognormal,42,58,1000,2,250,1.0,1.0,75.0,25.0,48,999.9595449362906,3663.222995645266,248472.16481701826,53.95277743799874,47,221677.09589739333,49,247292.00666118236,2.039959077299172,6.660326490126257,7.838642220189484,23.445617035457666,8.169512872790582,2.0784871839958345,999,0.999,0.6802445569056962,0.5118480973222405,0.3781676564205126,0.16684309176219106
lognormal,42,59,1000,2,250,1.0,1.0,75.0,25.0,21,561.7482978325845,2124.5610904980094,78375.60248299305,48.941808923272404,20,67130.51063561706,22,77011.20251243064,2.692494486732886,8.95846260908846,10.979521718785081,27.371726024221328,11.563111717414072,0.5428491109807272,998,0.998,0.7426616828403797,0.5850429395900787,0.4411143605713564,0.2314483049167325
lognormal,42,60,1000,2,250,1.0,1.0,75.0,25.0,43,1298.1613171488334,9699.046509628715,415155.45644834643,56.182107502921134,42,413254.6072951861,44,405308.07508050377,1.8380141063269808,4.469918779288304,9.920893483922015,25.91909062011008,4.404580700305448,0.9037465810287593,999,0.999,0.6921616106727881,0.5269722463044969,0.3789627493914951,0.13254849153299172
lognormal,42,61,1000,2,250,1.0,1.0,75.0,25.0,30,591.810265397569,998.0369287780555,86290.60837803109,49.35963530923231,29,79747.21736133225,31,83725.93663813792,2.276580761171566,8.101582501557047,11.574048643318543,28.185355036240985,9.589175236048606,0.5775536808575215,998,0.998,0.7326769346755586,0.5663317762663393,0.4151475967161326,0.17201178317619242
lognormal,42,62,1000,2,250,1.0,1.0,75.0,25.0,29,188.9148148879101,49.297112730224804,9034.99853377574,39.55928086418461,28,8075.365824785761,30,8834.444402561816,4.206894471982867,22.981764694607097,9.819746159419779,29.983994181875975,36.0513604203085,1.233612714064388,1,0.001,0.7407762146199582,0.5880373986520747,0.4570870773119016,0.25624289612797735
lognormal,42,63,1000,2,250,1.0,1.0,75.0,25.0,18,1318.4758704041574,4078.4809524193897,430781.4571809129,56.34257000992412,17,424510.4430917192,19,416303.0354592276,1.7106078875180017,4.478965150927495,10.295813848775548,21.77236978780823,5.314513897006905,0.4425796393484611,1,0.001,0.6934651646867032,0.503831260005303,0.3422492222897624,0.11640086455210537
lognormal,42,64,1000,2,250,1.0,1.0,75.0,25.0,47,568.7261375614422,5510.751068709648,78454.2945097687,48.946167214200585,46,78103.2317059656,48,77515.80651299011,2.151534485472758,9.273365184035596,9.172606909798228,23.36251168869851,11.243324446305857,1.0329100716206963,999,0.999,0.6962154316278322,0.5320645478938206,0.38337193756562044,0.15730490182471432
lognormal,42,65,1000,2,250,1.0,1.0,75.0,25.0,28,1046.0388192056864,7160.299608179466,271016.11533050577,54.329951159335394,27,270768.9809883106,29,264651.1355446066,1.7611201696946799,5.636964630817752,10.462808512638018,18.811108290017003,6.376740484693358,0.6824402038532493,1,0.001,0.6850099722339508,0.5076120677385219,0.3384719767984356,0.1226384002345397
lognormal,42,66,1000,2,250,1.0,1.0,75.0,25.0,45,792.3728729004276,1645.4961261393169,156921.45488805205,51.95682326011944,44,144142.97334963156,46,155543.20026183227,2.0621864075732192,7.229106195557254,8.972750983055025,20.312222741280603,8.62211145921616,0.5069754133332971,999,0.999,0.6914477302678038,0.521859911467106,0.37739015833925604,0.16523566495660208
lognormal,42,67,1000,2,250,1.0,1.0,75.0,25.0,59,231.3129801342629,258.8944887035399,13437.194652612703,41.28308608445386,58,12739.623751324572,60,13197.877262621936,3.5136362477776797,19.670846709844756,9.742028416918208,23.00512350182568,26.94083337313735,1.0172937532283552,1,0.001,0.7227339908611217,0.5731361757839404,0.4408638688133181,0.22844534690636312
lognormal,42,68,1000,2,250,1.0,1.0,75.0,25.0,35,1462.0857682371586,22069.465141033757,523466.5405539208,57.18888927242748,34,520425.50635264354,36,512809.02645876695,1.7423020502879698,4.6598272220614545,10.343357941522719,22.626304793590943,4.965679544842024,0.38317496169540544,996,0.996,0.6897985318977385,0.5042772245540501,0.34391598178849275,0.12219139162196088
lognormal,42,69,1000,2,250,1.0,1.0,75.0,25.0,40,548.3086137454925,696.8366927023507,75361.20275783258,48.77147821139935,39,69634.16737801352,41,74212.84488763618,2.4957997321835457,10.80570852843861,8.448622280013105,23.313011939793036,13.622333177789287,0.5933763751316895,2,0.002,0.6974693036632676,0.5345376080716785,0.4013991286993019,0.19529421411288722
lognormal,42,70,1000,2,250,1.0,1.0,75.0,25.0,41,1361.9624444387705,19266.80099512464,455353.76861451793,56.58348935249661,40,444551.7886604929,42,447718.1563490087,1.8484660782340538,4.62259671110817,9.998573781289233,25.433219943578724,4.648109107032602,0.4076741483849915,999,0.999,0.6962383293260301,0.5246763946682336,0.37674674916929796,0.13579106574653038
lognormal,42,71,1000,2,250,1.0,1.0,75.0,25.0,60,739.6912406986133,6077.070039622026,131234.35160816528,51.180475298655246,59,129517.8299643748,61,128204.16038598998,2.464541874117357,6.415252807594217,10.81867424240041,43.67533233582314,7.605739463494664,0.7096597730134775,999,0.999,0.7418331942868606,0.5949038965641463,0.46502735774317855,0.20412230449780197
lognormal,42,72,1000,2,250,1.0,1.0,75.0,25.0,40,1385.9238616536188,6901.365560020485,470483.6815539596,56.72544564779277,39,437456.3402635312,41,458739.5377113949,1.8051666721268955,4.5973210166616685,9.923674770659135,24.61761747801125,4.652805506381986,0.5415683906929161,999,0.999,0.695471906276744,0.5170028104734401,0.36326928502211836,0.13143613320375738
lognormal,42,73,1000,2,250,1.0,1.0,75.0,25.0,35,623.1039498658838,5227.651880065775,93937.76106185411,49.728402048777845,34,86506.47036868722,36,92904.29380364902,2.3590409915732966,7.431651006685378,11.950224137475564,32.061085274988905,8.85725103622986,0.4201980327397994,997,0.997,0.7395447715626924,0.5784598678662689,0.43187186456802573,0.18709044249360116
lognormal,42,74,1000,2,250,1.0,1.0,75.0,25.0,44,778.5949787009524,2529.0322014850103,150953.4606126435,51.78843073687355,43,142357.57193547444,45,148384.9637738075,2.117256753336034,7.253841434303463,10.16743996452192,25.224168112324183,8.95578281497802,0.7138523865636497,999,0.999,0.7098046974669739,0.5383287190999686,0.3890322233675662,0.16222970282802088
lognormal,42,75,1000,2,250,1.0,1.0,75.0,25.0,27,435.4497650089395,4311.165094283528,45682.11341045837,46.59746187647347,26,44276.48010542518,28,44970.51518558027,2.4820006320739894,11.736489457414159,10.080900249915809,25.86947508291211,13.855891870222782,0.6954718218254321,998,0.998,0.7161050679497738,0.5540718462461738,0.4098819589177205,0.1793639075482271
lognormal,42,76,1000,2,250,1.0,1.0,75.0,25.0,40,953.577220804646,4484.465584345685,222787.2055077948,53.478902460307964,39,220195.85660495106,41,220080.35145659884,1.9167589988046616,6.146889793684378,10.191292497790801,20.631767086561034,6.8737084834091595,0.7347923119426341,998,0.998,0.694801677115161,0.5162496004148577,0.36372308293110056,0.14665399368992424
lognormal,42,77,1000,2,250,1.0,1.0,75.0,25.0,33,949.3056930057556,1779.6366183387102,225247.44022951415,53.52659864243715,32,198891.61347966606,34,220295.7821841545,2.0133689203181397,6.602343676087326,10.215892349215268,19.971466048877208,7.19956329190885,0.695606990500174,999,0.999,0.6980834724125077,0.5230927032775698,0.3736447878901606,0.16110862964813444
lognormal,42,78,1000,2,250,1.0,1.0,75.0,25.0,59,1115.8492757716783,12608.212199615491,304078.9872007422,54.829864100880044,58,300652.6453429987,60,299696.3044972407,2.022822410701634,6.249159183267491,8.639665045222058,22.66846140331544,6.708066791054515,1.1177207087625245,999,0.999,0.6910267665121105,0.5193866326495551,0.38244557037864224,0.16499589354500088
lognormal,42,79,1000,2,250,1.0,1.0,75.0,25.0,37,869.4766666040637,6753.068804494154,186461.9265767543,52.70590167160009,36,151471.09172248608,38,183101.12816980956,2.2522906185736273,6.174917171564126,10.141675091964087,33.322123001169565,7.192729622156003,0.22263198322674604,995,0.995,0.7265237930346974,0.5685892640282794,0.4297906493766544,0.1804981829928314
lognormal,42,80,1000,2,250,1.0,1.0,75.0,25.0,47,214.9601384415353,81.37112197691569,11709.610031995278,40.685424318979244,46,11477.78368604684,48,11537.049434648377,3.8025056154092387,20.020547408611776,9.461785998354165,24.521603949315683,32.01853637694567,1.2257016616126606,999,0.999,0.7452046469337416,0.5928429483399617,0.463696444218163,0.2622132357195318
lognormal,42,81,1000,2,250,1.0,1.0,75.0,25.0,28,357.3230117562599,133.12196162281654,32208.280581234638,45.079675409012346,27,31868.09846945568,29,31684.84605321884,2.885324090394703,15.799610022933251,9.951435832195683,25.162767449515023,19.105757709651208,0.9395106823493146,2,0.002,0.7105373435012712,0.5437933056203672,0.40437538544364526,0.20320911050434173
lognormal,42,82,1000,2,250,1.0,1.0,75.0,25.0,31,1157.7153279622476,46.802118411796364,335664.21440734575,55.259050430238815,30,283235.519256223,32,327360.9627370943,2.0085913309977963,5.154893601692994,10.427963140986236,28.520838769638363,5.64342273496952,0.43072201041595193,999,0.999,0.7215775642560228,0.5467002381853517,0.395966202164307,0.1532085165214261
lognormal,42,83,1000,2,250,1.0,1.0,75.0,25.0,20,655.7306261941012,1909.2500055918686,106994.676633462,50.29362170524233,19,105024.77299137511,21,104721.26745841108,2.187725993850054,7.80534153705713,10.728235581128095,25.868187444029708,8.188998914539289,0.4832953659563769,2,0.002,0.7122312284359633,0.5572252081249095,0.4024574561428791,0.16346613598022364
lognormal,42,84,1000,2,250,1.0,1.0,75.0,25.0,28,1302.5141487316544,9407.958560602998,410503.0543710232,56.13316392859957,27,391853.61817750405,29,401238.98634577123,1.847063051951789,5.619977155275857,8.920688690034655,21.648574607948138,5.599174612325641,1.2418653504620245,999,0.999,0.6821195540450522,0.5033501054538234,0.3534336259584707,0.14250927894596
lognormal,42,85,1000,2,250,1.0,1.0,75.0,25.0,47,481.5953392113066,1456.7673976084259,57556.843313178484,47.600969671745545,46,55425.24428925067,48,56490.5819086609,2.560568393210822,9.9041927543214,9.154447485646129,28.001410619446865,13.391959446044266,0.6671587021548646,999,0.999,0.7195356517963756,0.5641364275463684,0.43125812230275257,0.2033193785201548
lognormal,42,86,1000,2,250,1.0,1.0,75.0,25.0,26,515.3056034549088,691.5447487527017,66346.31571539017,48.218168110150486,25,62540.629036593265,27,64830.39694114471,2.415740283666318,12.339369328622311,9.26874559125676,20.408190452188904,14.471066295124997,0.8611030125818715,999,0.999,0.7027768872356879,0.5308405740004497,0.3766638309492893,0.1796183271980069
lognormal,42,87,1000,2,250,1.0,1.0,75.0,25.0,28,955.9009421373128,5734.80806565683,226389.94424831276,53.54857132523047,27,214428.12902905443,29,218187.29959265524,1.950844265520177,4.9552401015813645,9.791447628182258,26.890824062024027,5.485452491495921,0.6965221141947939,999,0.999,0.7069279818187579,0.5466630992163781,0.396688097131347,0.1435429259146799
lognormal,42,88,1000,2,250,1.0,1.0,75.0,25.0,44,512.9374618724215,1140.818467051995,64620.9917708867,48.10373619068783,43,60330.64991982432,45,62935.937067350074,2.3409689491733663,8.014913283159748,11.32445470449484,29.47790928795589,10.514255393419557,0.7023879922419392,1,0.001,0.7355616514818752,0.5792584429628114,0.4332659712645656,0.17700551150927094
lognormal,42,89,1000,2,250,1.0,1.0,75.0,25.0,64,587.5446766094223,4122.51293935437,84612.5709890729,49.27434891474051,63,82176.70385014056,65,82494.76442378912,2.3604608811136343,9.651303402266512,9.18462697901834,23.26996583672694,10.597518035980283,0.99389116248744,999,0.999,0.7066812671804009,0.5447226903232024,0.4069488137084649,0.17914465339665242
lognormal,42,90,1000,2,250,1.0,1.0,75.0,25.0,31,246.83990121492835,541.5082566635397,14171.177807326198,41.51405947210422,30,14045.36188668911,32,13746.355591353076,3.5023856477905912,17.399103737863197,10.686416374121386,30.21853873025672,25.17418155267464,0.7735597846344167,1,0.001,0.7486280261779935,0.5977404164335979,0.46543172739392047,0.24751302156786265
lognormal,42,91,1000,2,250,1.0,1.0,75.0,25.0,41,448.5897211747759,1128.1952647161802,48802.286374998555,46.884401690679795,40,42590.59120923066,42,48758.22812907232,2.515532901815654,10.642686744011721,10.055326450723364,32.24873859770826,14.279389654047325,0.7565542881002866,1,0.001,0.7233483037192234,0.5638021173256307,0.4213328662541571,0.19722915374018382
lognormal,42,92,1000,2,250,1.0,1.0,75.0,25.0,20,1185.9524955898019,27912.439151357026,338769.51030476816,55.29904316350958,19,329137.72857057786,21,326215.527700016,1.8370758996571857,5.228948217105855,9.290803075678278,22.427184915515724,6.081802847865927,0.388644678793038,991,0.991,0.6985722254182812,0.5143827567070175,0.36049735185823195,0.13379580866588003
lognormal,42,93,1000,2,250,1.0,1.0,75.0,25.0,35,861.6674806329161,5020.318430252775,180611.0248394273,52.567442569453114,34,165453.04644550665,36,176308.91150179016,2.148005582232576,6.144083394927515,10.206351675356101,29.544907816601693,6.728436393348551,0.5725717224708102,994,0.994,0.710958061868153,0.5519950782301368,0.41208582710153896,0.17330326165276466
lognormal,42,94,1000,2,250,1.0,1.0,75.0,25.0,31,630.2894569095189,1957.0680211168692,98935.86740431043,49.953537657311394,30,90519.66931866917,32,97739.46549312343,2.216405758398028,8.540272123006488,9.493031314169993,25.62162271291851,10.540052173260811,0.5855524863801147,997,0.997,0.7016750846644199,0.5413805191156856,0.3924105105398714,0.17362982307888775
lognormal,42,95,1000,2,250,1.0,1.0,75.0,25.0,31,356.15078693947714,2387.884728470355,30404.54471564916,44.82938504576131,30,29721.75769476264,32,30299.23994164461,2.8672060185921278,16.720532118170635,10.256079708146558,22.662373682010934,19.159856088335676,0.9291348581836912,1,0.001,0.7169168339053482,0.5483324970571115,0.4031252328300847,0.19497641401639973
lognormal,42,96,1000,2,250,1.0,1.0,75.0,25.0,41,404.91270515230093,1513.147083414021,37717.07895629064,45.76538050918765,40,35796.68241209287,42,36970.083519108564,3.215236514334495,12.759911687796368,9.342623433371855,26.147544856285418,19.158586808651688,0.5396298480455641,989,0.989,0.7349891317563423,0.5787789938373061,0.44717486697430164,0.2551585790594489
lognormal,42,97,1000,2,250,1.0,1.0,75.0,25.0,20,1363.7153214328957,2583.754664857117,455269.0002353446,56.58268079728185,19,417143.0106126387,21,445268.4863234186,1.687114657646113,5.676060797987554,8.079434877574265,15.936271659545062,5.78379472738639,0.9745645602645032,998,0.998,0.660130544922406,0.47483581073707964,0.32267417181943703,0.12280117666145288
lognormal,42,98,1000,2,250,1.0,1.0,75.0,25.0,19,755.4160691787388,918.5811048104679,141426.1367251106,51.505296781068715,18,134059.15976336578,20,138313.67408412366,2.2091114347946323,7.011104908732465,11.060675034080315,27.466865749459515,7.784066628964969,0.41732960027211874,999,0.999,0.7144144319886258,0.5527939314210779,0.40968032403559657,0.17908502490481346
lognormal,42,99,1000,2,250,1.0,1.0,75.0,25.0,40,887.7885860487175,5793.5334505313185,195024.0084333734,52.90088078482085,39,183285.91246750063,41,191131.2843474432,2.0417767736022028,6.99192908887818,9.162271124683116,20.854650254642046,8.088228162784722,0.9645504983874407,998,0.998,0.6960198396450861,0.5243163704554752,0.3765543088000197,0.15881049627584676
lognormal,42,0,1000,2,500,1.0,1.0,50.0,50.0,54,568.3603306544494,580.8482776000466,81035.62732331404,49.08675998485113,53,76100.2756217787,55,79078.18734461612,3.026914043998464,15.697218793982035,10.28078281060449,21.8701318837237,16.996120233997495,1.6617399479026318,2,0.002,0.7219196362102023,0.56037444963749,0.4184945163571765,0.1953329134888238
lognormal,42,1,1000,2,500,1.0,1.0,50.0,50.0,76,1173.3944670699143,265.6858554859215,333755.57645501895,55.2342853071244,75,306551.58247076033,77,328156.0028192729,2.1988806595702766,6.4699358919268235,10.908751610838813,30.88296985365068,8.298988594684483,1.6496142777008913,999,0.999,0.7212785063035068,0.5679727195295313,0.42972889168684725,0.16125380525646177
lognormal,42,2,1000,2,500,1.0,1.0,50.0,50.0,17,2192.6528138032763,8412.844603193946,1199572.3849045732,60.790264594035904,16,1161172.6867016538,18,1168975.1751818224,1.7001820243573413,4.7850153950069885,9.481488103213543,17.376425601851164,5.072959337028462,0.48660188232901724,999,0.999,0.6772536046151394,0.4955640086163698,0.337873653004795,0.12031586235369028
lognormal,42,3,1000,2,500,1.0,1.0,50.0,50.0,43,1140.509532942967,7845.215327725131,322306.99160309735,55.082697264918906,42,311519.07319826685,44,314816.6719311481,2.1798306761744555,7.833425898888278,9.059894819877135,26.08438547978949,10.075731476555406,0.5780920844535267,993,0.993,0.6992665851199505,0.5390950159486629,0.3968361594801834,0.16952908607198014
lognormal,42,4,1000,2,500,1.0,1.0,50.0,50.0,52,886.8707461322906,416.84176854959327,193160.06685162766,52.85917347035246,51,187264.94918271393,53,190093.6035539886,2.2204082419213607,14.242526990352767,8.555197115228001,17.332848648075174,14.424405597802302,1.164133568770076,1,0.001,0.6721492613132094,0.49461649623234605,0.34802336673706963,0.14639484632221464
lognormal,42,5,1000,2,500,1.0,1.0,50.0,50.0,24,1753.471393327457,15343.291542543533,762422.8056136736,58.82195878454042,23,735195.8304264806,25,758888.8460378661,1.9458942670361392,5.2703465855584,10.908881055585647,24.266347450288308,5.202285293793373,0.8917737454269492,998,0.998,0.711900331750476,0.5423648702366033,0.38668547186693464,0.14360244380883155
lognormal,42,6,1000,2,500,1.0,1.0,50.0,50.0,62,834.8454387185194,277.40828894128487,168449.49019812112,52.264697009539574,61,156224.95680200233,63,166052.22680326292,2.5686288189614777,9.984415664420506,9.513162988678884,34.737467553240045,14.145762845639037,0.46998153386828306,1,0.001,0.7196325205719221,0.5595981926723298,0.425866736208696,0.20984507838517344
lognormal,42,7,1000,2,500,1.0,1.0,50.0,50.0,29,2354.615936877391,56743.77112075482,1351596.5843972017,61.308470856041,28,1346892.4136689303,30,1319545.712219376,1.7495328565893133,4.528399058830125,10.132054787988979,21.682917911872604,4.814721534212081,0.2807523940415182,997,0.997,0.684246474664008,0.506573607024024,0.35290217645124833,0.12521514290967703
lognormal,42,8,1000,2,500,1.0,1.0,50.0,50.0,62,1797.7996505095234,12131.93435729711,799516.9699262652,59.028276861774636,61,753166.1843970187,63,788200.0396621533,1.8923857828585064,6.5101455971877655,9.052477683068377,19.577125008589594,6.718454258519454,0.5080381884253882,998,0.998,0.6800107270981705,0.5022608449642574,0.3589437769195357,0.14224030299579146
lognormal,42,9,1000,2,500,1.0,1.0,50.0,50.0,47,2219.187441743515,15245.733002711844,1213142.51265455,60.839118221559005,46,1121590.2188896625,48,1197448.2625941061,1.7562349198580431,4.42731749580184,9.743984297910758,23.648340849332957,5.081193938134546,1.004602152465166,999,0.999,0.6912329909953592,0.5126180937597267,0.3557212822754032,0.12256762517222385
lognormal,42,10,1000,2,500,1.0,1.0,50.0,50.0,55,678.4161497511873,1734.7804081723455,112999.55507716908,50.53076733501909,54,112893.37712535897,56,111823.23969332279,2.6911638265325815,11.955628226619904,9.109993294950964,27.620493232912615,16.424506403586104,0.7061514879039504,1,0.001,0.7190218891695686,0.566387693956324,0.4314195450138112,0.20766798334882375
lognormal,42,11,1000,2,500,1.0,1.0,50.0,50.0,55,1812.303544300201,1469.604587930665,803751.3883150698,59.05121736087244,54,771371.403161625,56,788769.6217252458,2.0483669329997443,5.1842286271513816,10.267098554673485,29.402713468907297,5.286379238174597,0.33086464001446014,997,0.997,0.7187153361479025,0.5562617921903871,0.4086127408881673,0.1585673173019223
lognormal,42,12,1000,2,500,1.0,1.0,50.0,50.0,51,787.0104346703378,1133.954223436253,154237.76708802875,51.88190729289778,50,145238.34323370966,52,150816.01038139398,2.381026991944147,11.916229342016294,9.45068457626008,23.89027487565591,14.173782125613574,1.3021261407767035,999,0.999,0.7063759540062508,0.5383192178933333,0.3937740835725948,0.17508334447062532
lognormal,42,13,1000,2,500,1.0,1.0,50.0,50.0,40,1660.0837259691245,24993.139197093205,677055.9625690437,58.30624567105319,39,662589.4096012075,41,664779.7754998929,1.9400231160910704,5.993320067987536,9.606216078948247,22.831921597970684,6.671410139794008,0.3130969788433289,993,0.993,0.6941903470630375,0.5204143075755344,0.37138001570724505,0.14910534820861837
lognormal,42,14,1000,2,500,1.0,1.0,50.0,50.0,47,709.1384958329976,1124.2382250583833,125725.57354902884,50.99423625510782,46,125268.17172431911,48,122376.2632952684,2.4363614761721397,10.364304572987155,11.93238414411415,27.345584365935952,12.485337613624644,1.117877767789647,999,0.999,0.7364885619700925,0.5751963360873992,0.42460639976634035,0.1747597929052871
lognormal,42,15,1000,2,500,1.0,1.0,50.0,50.0,38,2167.600397873958,13178.397587411839,1169828.5083053636,60.681222007585795,37,1146406.1818940681,39,1158322.260824767,1.837341144883059,5.174696502206285,9.918015405709388,21.92853215321698,5.180193743668978,2.0593148267005876,999,0.999,0.6900806775159886,0.5127348147154251,0.3605749161441742,0.13673657974428202
lognormal,42,16,1000,2,500,1.0,1.0,50.0,50.0,81,1710.8453885152985,6207.191812023212,730349.3988334645,58.635306761244536,80,692352.8255854757,82,721668.8673281171,1.8158113019775493,5.450180576548701,11.172911601379134,22.81201942174724,5.915408822240987,0.47423280875838003,999,0.999,0.6939300692214326,0.5125263280308585,0.35694493171975145,0.12639272904270848
lognormal,42,17,1000,2,500,1.0,1.0,50.0,50.0,22,1303.0953049082384,3869.486905531186,423373.84307204036,56.26724022884183,21,388396.9214280415,23,416751.4305574741,2.010075630914806,7.00087462219434,9.673375578465214,23.26806713565372,8.381720325090667,0.6417480641943863,1,0.001,0.7014902087918797,0.5264029016741884,0.37239994868017834,0.15538801311244627
lognormal,42,18,1000,2,500,1.0,1.0,50.0,50.0,61,2392.6194111812674,30288.091084969157,1405583.4025822692,61.47856620279006,60,1373488.084436076,62,1383617.75493316,1.7204846321740301,4.688742625149312,9.382675708269364,18.570122557695072,4.44863210862292,0.3932243017351555,3,0.003,0.6768440446795735,0.5019880574037,0.3462441548801388,0.12080146183474129
lognormal,42,19,1000,2,500,1.0,1.0,50.0,50.0,77,1601.3344902697493,30346.72408070926,619211.5381502035,57.91839040226965,76,600013.2839306665,78,618625.9845896782,2.254408910859011,6.094016946474454,10.301170917582468,33.67156137440107,6.57592675524017,0.5400425840550298,999,0.999,0.7212834834810948,0.5666324616655636,0.43304939044883434,0.18120619602766883
lognormal,42,20,1000,2,500,1.0,1.0,50.0,50.0,43,1765.8096426472189,1673.4716742699322,779371.2835632385,58.91744399891646,42,750696.2024738422,44,775513.175018135,1.9185401027288567,5.703052458172811,9.803972892048968,22.514451551448005,5.875687446786038,1.1445939359795272,999,0.999,0.6938684520808743,0.526295429882619,0.37798895439323543,0.1388312305021269
lognormal,42,21,1000,2,500,1.0,1.0,50.0,50.0,59,851.4146739794289,999.1279451742736,178377.09938379916,52.5133909751967,58,172388.20101452473,60,176262.38282700983,2.562567232327008,8.809059617954377,8.983125677814433,34.3404840618771,13.057013185861672,0.6191525534637599,999,0.999,0.7220108973230097,0.5729923737483325,0.44248288076840575,0.21370922904663378
lognormal,42,22,1000,2,500,1.0,1.0,50.0,50.0,56,1261.948475283468,3732.2848864497773,397455.1407559009,55.992881185986036,55,389384.45270489505,57,394104.16578797234,2.0711467541745363,7.401516935092705,10.230456075263561,28.820074269830116,9.534813129050535,0.7743927950441314,1,0.001,0.7039878059211347,0.5245074636450126,0.3820400410601716,0.15896022574802085
lognormal,42,23,1000,2,500,1.0,1.0,50.0,50.0,35,1636.1479119876553,8436.60913351554,666538.9159682053,58.23825510834433,34,641757.0356282479,36,656768.4225364146,2.2008964260560835,6.5989672478585994,9.96758730601032,29.674406440668214,6.769854012346967,0.29433624286550675,999,0.999,0.7156949708156151,0.5468530461593218,0.4060245626276247,0.18336421704999992
lognormal,42,24,1000,2,500,1.0,1.0,50.0,50.0,54,1449.6830632490755,506.06060586269035,524355.1036081354,57.19625499398746,53,473648.44905093877,55,514793.356456178,2.0897270399969963,6.00216964606029,10.529159878387976,28.720781033256028,6.965529662623074,0.36369702852231095,2,0.002,0.7166243368510611,0.5538037903028852,0.4032677022967485,0.1583930290910491
lognormal,42,25,1000,2,500,1.0,1.0,50.0,50.0,53,1655.1918297019986,35843.55308616108,667853.2814969599,58.24681064219761,52,638474.4945667594,54,661824.9638024624,1.9576291647229518,6.877335131858322,8.85233896407436,23.94944352320319,8.368663888266541,0.33322577700091216,998,0.998,0.6836965399613582,0.5037174871749899,0.3596228380649209,0.15346492807137233
lognormal,42,26,1000,2,500,1.0,1.0,50.0,50.0,49,1015.9321955108278,3103.2290979160753,257297.0620743056,54.10434827282239,48,237963.05083491126,50,252723.46732507818,2.4561793723588865,9.472893379671035,8.45402836189102,24.709045605243894,12.50647240060992,0.5310498637751315,3,0.003,0.7075010224425244,0.5492913986965734,0.4122584860026251,0.19447109230420254
lognormal,42,27,1000,2,500,1.0,1.0,50.0,50.0,36,2314.5080901041865,9315.439448646444,1335878.090260282,61.25766827044471,35,1282375.3780746325,37,1315103.7452446537,1.8418365804278152,5.207984863833914,9.980694646159977,22.03297575231122,4.773997459930448,0.37150311084379445,4,0.004,0.6960214358231079,0.5141165927022432,0.3585795114664892,0.1369005150606804
lognormal,42,28,1000,2,500,1.0,1.0,50.0,50.0,48,1374.2867961018349,6997.998885905717,468699.83869193256,56.7089480405314,47,441445.42096143676,49,459378.6272234083,1.9715625821955611,8.398056885930657,8.873420184637041,18.299605963066725,9.299100442245052,0.3758471400580862,2,0.002,0.6840862899349898,0.49967325093300524,0.34806518883048376,0.14023429146077876
lognormal,42,29,1000,2,500,1.0,1.0,50.0,50.0,72,2804.790857469355,30505.924861059855,1950858.227491502,62.90225709550688,71,1822962.2600947365,73,1915927.1029793262,1.7548276963229539,4.092204775969504,10.71671970289182,22.45805662849241,3.694421066911857,0.6696312713816202,999,0.999,0.7010365502969773,0.5150931333769954,0.36040195835302324,0.1264871661589696
lognormal,42,30,1000,2,500,1.0,1.0,50.0,50.0,55,2534.121140715731,11555.118677492279,1595950.6115601568,62.03019447504201,54,1527825.347956813,56,1564623.2894634083,1.7284142311972877,3.957125610422647,10.05085174208279,22.713606464545247,4.191507140739483,1.2256734106754479,999,0.999,0.6966870844512897,0.5167042122240862,0.35705751715260103,0.11606839578068623
lognormal,42,31,1000,2,500,1.0,1.0,50.0,50.0,22,1622.4942926487558,3760.797806482475,657845.352759425,58.18123811035039,21,616415.2879270258,23,645797.0941057147,1.946176155902975,6.661517433746295,10.270178840914076,20.043016082159507,7.089991925378538,0.2609096116777753,1,0.001,0.6937593355820183,0.5119379155249756,0.3573318320424276,0.15102294748586018
lognormal,42,32,1000,2,500,1.0,1.0,50.0,50.0,24,3304.771148110607,7905.346578312147,2725848.8875323725,64.35501776249245,23,2517912.5630214987,25,2694004.3450807678,1.6259581907043106,3.6607433752691727,10.635622206077146,21.24252757035208,3.276662414136879,0.33003769772430047,987,0.987,0.6804118953200371,0.49621533288124264,0.3326005586978588,0.11101900280271927
lognormal,42,33,1000,2,500,1.0,1.0,50.0,50.0,66,1457.772184297898,12133.994376938843,525766.773146674,57.20793136553504,65,508169.8235151153,67,516996.40748949564,2.1203178191754515,6.30360042523864,9.850941501014173,31.778425694326028,7.977740248969668,0.4111464952302377,999,0.999,0.7060494861803646,0.5420319046864753,0.4047306823678459,0.16841130535379248
lognormal,42,34,1000,2,500,1.0,1.0,50.0,50.0,76,1710.4219938485453,19194.308794105204,722298.4020272128,58.58716654052412,75,696047.157292999,77,708888.5947951062,2.010215318501758,5.054920051113249,11.5888080252947,30.155560348611957,5.504453028125598,0.5151687349339191,997,0.997,0.7213955965831391,0.5541415979796422,0.40278804847998767,0.14786892430476
lognormal,42,35,1000,2,500,1.0,1.0,50.0,50.0,45,2096.5775886879474,54965.35464798783,1057654.3814421778,60.24343772846059,44,1041481.3947484397,46,1052146.8046069623,1.8268295635126872,4.678993113915317,9.61053984497992,25.263105085949807,5.236255763421844,0.8623895769705889,999,0.999,0.6918110392073712,0.5210464226526317,0.3703810665239359,0.13097310932937148
lognormal,42,36,1000,2,500,1.0,1.0,50.0,50.0,62,1439.7856017225135,3950.0244590650423,515256.72088026436,57.12023665317191,61,490958.9951246456,63,514047.89555521007,2.126606494195236,6.185268305288351,10.04614295197249,26.14645055601884,7.328828822408938,0.7153882991202742,993,0.993,0.7108585820363895,0.550450678184779,0.4108535253043405,0.17201241603579367
lognormal,42,37,1000,2,500,1.0,1.0,50.0,50.0,18,1588.991309917786,6162.782197120508,629141.458710721,57.987483049529764,17,621875.2912117623,19,611255.0770903582,1.840485282825035,6.038780151315967,10.72694720290722,20.684167048325243,6.5896380383397375,0.48334905711727366,1,0.001,0.6866035286243992,0.5089708491827004,0.35339500173922556,0.13486883865257163
lognormal,42,38,1000,2,500,1.0,1.0,50.0,50.0,18,665.8974540274284,7676.38551864157,106229.80749244739,50.26246394458631,17,103875.11393515188,19,103695.17330128394,2.821594165279607,13.080618823177932,10.399425771145971,23.91378675376422,16.693852006356988,0.9201213296845001,999,0.999,0.7242716713560121,0.5615569115255085,0.418674670429029,0.21877178602801997
lognormal,42,39,1000,2,500,1.0,1.0,50.0,50.0,62,813.3583772137382,3709.4030025759353,163707.10215953027,52.14067520962254,61,162591.64373865104,63,160561.25831785682,2.3227059369138887,10.799591859735493,10.15398871706945,24.91060952794227,12.916009182916195,0.9334540984367582,1,0.001,0.7114944733244685,0.5477776893959697,0.402023010725672,0.1662983418470173
lognormal,42,40,1000,2,500,1.0,1.0,50.0,50.0,69,1177.9424465145837,4740.904785681612,345447.44064669823,55.38381979427978,68,335692.3839594862,70,340418.68392283336,2.0348628786509546,9.132941160019877,8.743801953246319,20.95396540311884,10.646176090662175,0.708902205530098,998,0.998,0.6813093713060072,0.504977188602436,0.36006167778727277,0.1492690229684171
lognormal,42,41,1000,2,500,1.0,1.0,50.0,50.0,42,781.8542910376153,241.80373919860136,153480.1771742169,51.86052291866781,41,147190.5651932073,43,150903.27304014616,2.6587441379304373,14.738112937805042,7.622022089286609,19.689254595099737,19.98299509323883,0.9708152491246823,1,0.001,0.6858743560171029,0.5173651769345546,0.3867939524833543,0.19822447936995377
lognormal,42,42,1000,2,500,1.0,1.0,50.0,50.0,74,942.1893005670414,666.1649762857712,222476.21325078784,53.47283583828581,73,220318.89504304304,75,221521.4213689306,2.4442302012184673,9.31765700905593,8.952704560143438,25.392510683080218,12.30322039088149,0.345585933921462,1,0.001,0.7085078943639437,0.5509902338059673,0.4137451051954141,0.19784948694677332
lognormal,42,43,1000,2,500,1.0,1.0,50.0,50.0,35,671.6844916943916,2065.4953533937264,112263.55401409481,50.502387868973535,34,107235.97840760971,36,111337.29349005809,2.6694530108977634,14.6592422599156,10.324969751017774,24.628321025302558,17.209922034385528,1.1124929025635248,1,0.001,0.7101542240691714,0.5480311827968153,0.4011717401279046,0.19244940277319988
lognormal,42,44,1000,2,500,1.0,1.0,50.0,50.0,61,1028.066040002554,1039.139229702056,264731.50486911385,54.22805628406099,60,251881.0019391444,62,260957.61643924713,2.4438244877916593,7.978272759433698,10.264217549089961,30.82863516546906,10.561138820675719,0.6461991557926208,999,0.999,0.7291769022119107,0.5705692351271991,0.4299795469761644,0.20584042264311733
lognormal,42,45,1000,2,500,1.0,1.0,50.0,50.0,38,1307.5771770827585,11828.531679135207,421648.0145220281,56.24950059639626,37,408012.0204071931,39,418388.0000623668,1.9811264498751278,7.348482752543465,10.148016390429428,23.140050231290346,8.554469280062964,0.5017499155371787,2,0.002,0.7025899614237954,0.5240940779671204,0.36694198264400785,0.13900463506406557
lognormal,42,46,1000,2,500,1.0,1.0,50.0,50.0,74,808.0525903341747,1266.7733555916395,163252.69588388826,52.12860361756174,73,154713.39896970915,75,160981.52844271704,2.3000186655239037,13.670172340943871,9.987823694222119,20.23872332983009,14.308924665262015,1.359448052278263,1,0.001,0.691972054766146,0.5151830526130097,0.37165339418595006,0.1559173543509793
lognormal,42,47,1000,2,500,1.0,1.0,50.0,50.0,51,1853.8895098963314,5454.18273343341,853972.5109059425,59.3144389111757,50,848951.2643947379,52,842620.1478675758,1.866068952727534,6.338287303990786,8.769154050524643,21.787668236694103,7.57989088996569,1.139130848401681,999,0.999,0.6764430045230206,0.4927927912681542,0.34992598783692563,0.14164262644955372
lognormal,42,48,1000,2,500,1.0,1.0,50.0,50.0,51,2185.0527294130156,18701.62711618534,1175100.8399006627,60.70075136678636,50,1080883.0209407618,52,1158490.1231147284,1.928010495495168,5.520441884814896,9.057973107337109,21.671179019462393,5.378644734271008,0.3470609449123483,997,0.997,0.6814658230800927,0.5192306341366596,0.3746326918578504,0.15781015062492842
lognormal,42,49,1000,2,500,1.0,1.0,50.0,50.0,37,1338.7895520200962,2761.256367071908,447764.707618181,56.510498599203174,36,407390.28938189446,38,444345.9428881618,2.0414911871327894,5.540991394247196,11.864660585418052,26.826294836231167,6.304932925619627,0.5318604964336053,997,0.997,0.7288650094730006,0.5622034943522929,0.4038082644193411,0.14933384544699568
lognormal,42,50,1000,2,500,1.0,1.0,50.0,50.0,55,904.8448509196071,1195.7667148525995,202851.04511341988,53.07177249584451,54,199301.84199333916,56,199258.92695911974,2.4472026302107133,10.022453377337092,8.914373322659461,25.879361258409855,14.228064401577553,1.4761215179328335,999,0.999,0.7163279685287364,0.5533248975834875,0.420228304707659,0.1864381137743548
lognormal,42,51,1000,2,500,1.0,1.0,50.0,50.0,47,736.4913957062512,4330.806759102673,133912.41835574206,51.26820853138188,46,130743.13655100303,48,130921.88336097864,2.4894721003562457,11.907783179895125,10.711605960993335,24.980613953001335,14.044170492152208,0.6147784166427861,1,0.001,0.7235771981490755,0.5544281436209036,0.40469762608979776,0.17914736296636688
lognormal,42,52,1000,2,500,1.0,1.0,50.0,50.0,76,1604.724048826571,3862.317551136987,643308.0475443152,58.084189842967284,75,628614.7868574406,77,633308.1676630885,1.8318768980786675,6.331528847222615,9.331760975571994,20.281907762617397,7.329547219188835,1.8309424552384037,999,0.999,0.6775968863941267,0.4989803931213207,0.3511724386264961,0.13368536087243318
lognormal,42,53,1000,2,500,1.0,1.0,50.0,50.0,87,2355.6191042956048,4055.5818013277167,1387107.6474599957,61.42110166108439,86,1294471.198144908,88,1365396.654001957,1.7307512670449643,4.588254060237599,8.726679075557508,19.40632737284421,4.901617632517517,0.26176035644263157,1,0.001,0.6741543640417946,0.49894327709236763,0.35092149449070786,0.12424097466776862
lognormal,42,54,1000,2,500,1.0,1.0,50.0,50.0,50,1383.0240889998117,777.859946630201,470914.722764128,56.72942268517189,49,453122.4289986655,51,460681.67554048356,2.021521469241786,6.837495506479221,8.900214432725045,23.053047239263382,8.698984124116881,0.8469344310277798,998,0.998,0.692276668821449,0.5248548234479239,0.37847090908320097,0.1571381030983643
lognormal,42,55,1000,2,500,1.0,1.0,50.0,50.0,69,1228.0101792757214,1300.842636970962,370534.23780232354,55.68828343493837,68,344318.31223150593,70,366139.522247841,2.328142198753605,7.2123051576575925,10.525439182363849,29.110994958162458,7.989927386338652,0.3436638281725102,3,0.003,0.72878174093672,0.571343748382994,0.42914654286311615,0.18566865672518584
lognormal,42,56,1000,2,500,1.0,1.0,50.0,50.0,49,1940.315382571028,19500.07362619263,933267.3183865234,59.700060577571065,48,921545.8992243736,50,920017.2181834215,1.7280327399409816,4.3981613398707475,10.212780002562372,22.161527068158275,5.23118954882411,0.7876017834340434,999,0.999,0.6912400004339289,0.5138459896467134,0.35297170890242324,0.11496358372254746
lognormal,42,57,1000,2,500,1.0,1.0,50.0,50.0,31,1448.479372044614,923.6728773887685,525384.1553214984,57.20476971076235,30,505593.93179988203,32,522371.7138753925,1.8132651825915278,7.163051188855902,10.179938143342701,20.222545150022196,8.007408138018048,0.6907195571100548,1,0.001,0.6798052200492571,0.4931665815501597,0.3385154886194082,0.1240285256496244
lognormal,42,58,1000,2,500,1.0,1.0,50.0,50.0,48,1792.9100838431943,6116.407205503686,800223.8414349753,59.032114863699036,47,712353.4863764253,49,798234.8368872685,2.039959077299172,6.660326490126257,7.838642220189484,23.445617035457666,8.169512872790582,2.0784871839958345,999,0.999,0.6802445569056962,0.5118480973222405,0.3781676564205126,0.16684309176219106
lognormal,42,59,1000,2,500,1.0,1.0,50.0,50.0,37,877.9152459019224,2195.992802777705,192125.56243957087,52.83585151888644,36,189413.02199066945,38,188254.6488175029,2.692494486732886,8.95846260908846,10.979521718785081,27.371726024221328,11.563111717414072,0.5428491109807272,998,0.998,0.7426616828403797,0.5850429395900787,0.4411143605713564,0.2314483049167325
lognormal,42,60,1000,2,500,1.0,1.0,50.0,50.0,91,2314.2447036121366,3226.1882035300805,1332556.6076667404,61.24685667135843,90,1308556.1580754442,92,1308049.3225550132,1.8380141063269808,4.469918779288304,9.920893483922015,25.91909062011008,4.404580700305448,0.9037465810287593,999,0.999,0.6921616106727881,0.5269722463044969,0.3789627493914951,0.13254849153299172
lognormal,42,61,1000,2,500,1.0,1.0,50.0,50.0,30,933.6207296718501,2258.7418532128845,215141.68509324093,53.32724565905889,29,197723.17010856653,31,209823.85895957405,2.276580761171566,8.101582501557047,11.574048643318543,28.185355036240985,9.589175236048606,0.5775536808575215,998,0.998,0.7326769346755586,0.5663317762663393,0.4151475967161326,0.17201178317619242
lognormal,42,62,1000,2,500,1.0,1.0,50.0,50.0,34,313.43326521228425,367.8171282331955,24489.21068960916,43.88974787628942,33,23916.829521794265,35,23923.443976997536,4.206894471982867,22.981764694607097,9.819746159419779,29.983994181875975,36.0513604203085,1.233612714064388,1,0.001,0.7407762146199582,0.5880373986520747,0.4570870773119016,0.25624289612797735
lognormal,42,63,1000,2,500,1.0,1.0,50.0,50.0,18,2087.706341257662,8655.852004771155,1075033.530006945,60.31422009991067,17,1055068.5657052058,19,1043407.2100739931,1.7106078875180017,4.478965150927495,10.295813848775548,21.77236978780823,5.314513897006905,0.4425796393484611,1,0.001,0.6934651646867032,0.503831260005303,0.3422492222897624,0.11640086455210537
lognormal,42,64,1000,2,500,1.0,1.0,50.0,50.0,47,989.9898000702683,8143.034390553502,241531.54000025493,53.829738504237156,46,239609.67012583837,48,239024.96955960608,2.151534485472758,9.273365184035596,9.172606909798228,23.36251168869851,11.243324446305857,1.0329100716206963,999,0.999,0.6962154316278322,0.5320645478938206,0.38337193756562044,0.15730490182471432
lognormal,42,65,1000,2,500,1.0,1.0,50.0,50.0,35,1722.1920682563286,21506.16049080134,732422.450936418,58.6476164825713,34,714472.1680807832,36,724833.0010373632,1.7611201696946799,5.636964630817752,10.462808512638018,18.811108290017003,6.376740484693358,0.6824402038532493,1,0.001,0.6850099722339508,0.5076120677385219,0.3384719767984356,0.1226384002345397
lognormal,42,66,1000,2,500,1.0,1.0,50.0,50.0,45,1373.5312882686194,8472.876845838751,468783.8858875242,56.7097267470285,44,429028.772427762,46,466039.97471455095,2.0621864075732192,7.229106195557254,8.972750983055025,20.312222741280603,8.62211145921616,0.5069754133332971,999,0.999,0.6914477302678038,0.521859911467106,0.37739015833925604,0.16523566495660208
lognormal,42,67,1000,2,500,1.0,1.0,50.0,50.0,59,409.5178522302733,714.3301317781882,41804.72799124739,46.212254019757886,58,39507.30314009003,60,41143.724715480166,3.5136362477776797,19.670846709844756,9.742028416918208,23.00512350182568,26.94083337313735,1.0172937532283552,1,0.001,0.7227339908611217,0.5731361757839404,0.4408638688133181,0.22844534690636312
lognormal,42,68,1000,2,500,1.0,1.0,50.0,50.0,35,2404.814756698674,38352.20569230906,1427170.9465612571,61.54475996031096,34,1414680.3720270854,36,1402355.3449804059,1.7423020502879698,4.6598272220614545,10.343357941522719,22.626304793590943,4.965679544842024,0.38317496169540544,996,0.996,0.6897985318977385,0.5042772245540501,0.34391598178849275,0.12219139162196088
lognormal,42,69,1000,2,500,1.0,1.0,50.0,50.0,40,977.2274889508036,1829.8127043618963,238410.95578681232,53.77326208821688,39,219609.69151941905,41,235311.10512199003,2.4957997321835457,10.80570852843861,8.448622280013105,23.313011939793036,13.622333177789287,0.5933763751316895,2,0.002,0.6974693036632676,0.5345376080716785,0.4013991286993019,0.19529421411288722
lognormal,42,70,1000,2,500,1.0,1.0,50.0,50.0,41,2289.116230356795,23037.770380501042,1300537.800904134,61.141229797425744,40,1264479.434593559,42,1282922.8152209085,1.8484660782340538,4.62259671110817,9.998573781289233,25.433219943578724,4.648109107032602,0.4076741483849915,999,0.999,0.6962383293260301,0.5246763946682336,0.37674674916929796,0.13579106574653038
lognormal,42,71,1000,2,500,1.0,1.0,50.0,50.0,60,1293.6900051575583,8032.868018792145,408396.80209011975,56.11082332729143,59,402669.67290361616,61,399703.98045131774,2.464541874117357,6.415252807594217,10.81867424240041,43.67533233582314,7.605739463494664,0.7096597730134775,999,0.999,0.7418331942868606,0.5949038965641463,0.46502735774317855,0.20412230449780197
lognormal,42,72,1000,2,500,1.0,1.0,50.0,50.0,40,2319.8204654597735,9213.19302819751,1330945.8543845322,61.241603878410665,39,1231567.294330482,41,1303581.1056872453,1.8051666721268955,4.5973210166616685,9.923674770659135,24.61761747801125,4.652805506381986,0.5415683906929161,999,0.999,0.695471906276744,0.5170028104734401,0.36326928502211836,0.13143613320375738
lognormal,42,73,1000,2,500,1.0,1.0,50.0,50.0,35,991.0284559063106,6854.070328920266,240640.38577197536,53.813685151320676,34,220882.28464139713,36,238664.00476509455,2.3590409915732966,7.431651006685378,11.950224137475564,32.061085274988905,8.85725103622986,0.4201980327397994,997,0.997,0.7395447715626924,0.5784598678662689,0.43187186456802573,0.18709044249360116
lognormal,42,74,1000,2,500,1.0,1.0,50.0,50.0,44,1308.1077675659797,6957.586368704588,425361.7000568427,56.287583830683715,43,399876.39771428396,45,419438.85077732353,2.117256753336034,7.253841434303463,10.16743996452192,25.224168112324183,8.95578281497802,0.7138523865636497,999,0.999,0.7098046974669739,0.5383287190999686,0.3890322233675662,0.16222970282802088
lognormal,42,75,1000,2,500,1.0,1.0,50.0,50.0,83,723.2791310998148,3354.4573928440923,129188.99690510871,51.11225526144463,82,128188.91387745358,84,128285.45051143396,2.4820006320739894,11.736489457414159,10.080900249915809,25.86947508291211,13.855891870222782,0.6954718218254321,998,0.998,0.7161050679497738,0.5540718462461738,0.4098819589177205,0.1793639075482271
lognormal,42,76,1000,2,500,1.0,1.0,50.0,50.0,40,1599.2484315125862,5567.955762203593,634067.239917165,58.02135315258024,39,624710.8178721707,41,628674.8675915318,1.9167589988046616,6.146889793684378,10.191292497790801,20.631767086561034,6.8737084834091595,0.7347923119426341,998,0.998,0.694801677115161,0.5162496004148577,0.36372308293110056,0.14665399368992424
lognormal,42,77,1000,2,500,1.0,1.0,50.0,50.0,33,1573.5465947947569,1721.5173716491151,619268.9264634667,57.91879288625719,32,544711.1099691467,34,607728.4023348375,2.0133689203181397,6.602343676087326,10.215892349215268,19.971466048877208,7.19956329190885,0.695606990500174,999,0.999,0.6980834724125077,0.5230927032775698,0.3736447878901606,0.16110862964813444
lognormal,42,78,1000,2,500,1.0,1.0,50.0,50.0,59,1976.1741752067069,23936.26965102011,962278.7484433096,59.83300894673139,58,949256.2730401062,60,950228.965378906,2.022822410701634,6.249159183267491,8.639665045222058,22.66846140331544,6.708066791054515,1.1177207087625245,999,0.999,0.6910267665121105,0.5193866326495551,0.38244557037864224,0.16499589354500088
lognormal,42,79,1000,2,500,1.0,1.0,50.0,50.0,51,1472.5621965857574,6170.827691639965,540133.295545203,57.32500949408322,50,487645.68289304053,52,530568.6993518797,2.2522906185736273,6.174917171564126,10.141675091964087,33.322123001169565,7.192729622156003,0.22263198322674604,995,0.995,0.7265237930346974,0.5685892640282794,0.4297906493766544,0.1804981829928314
lognormal,42,80,1000,2,500,1.0,1.0,50.0,50.0,47,361.3679825211451,92.48776456259417,32867.13300234723,45.167618222573296,46,32103.635314025032,48,32490.497855318994,3.8025056154092387,20.020547408611776,9.461785998354165,24.521603949315683,32.01853637694567,1.2257016616126606,999,0.999,0.7452046469337416,0.5928429483399617,0.463696444218163,0.2622132357195318
lognormal,42,81,1000,2,500,1.0,1.0,50.0,50.0,54,617.0693916566607,1514.2996811829157,94953.28858295336,49.77510010554842,53,87746.88222857143,55,93212.35047720266,2.885324090394703,15.799610022933251,9.951435832195683,25.162767449515023,19.105757709651208,0.9395106823493146,2,0.002,0.7105373435012712,0.5437933056203672,0.40437538544364526,0.20320911050434173
lognormal,42,82,1000,2,500,1.0,1.0,50.0,50.0,56,1932.5450159010986,2400.6544269556734,933898.8139715372,59.702998238592464,55,916708.6222198594,57,919560.0463609286,2.0085913309977963,5.154893601692994,10.427963140986236,28.520838769638363,5.64342273496952,0.43072201041595193,999,0.999,0.7215775642560228,0.5467002381853517,0.395966202164307,0.1532085165214261
lognormal,42,83,1000,2,500,1.0,1.0,50.0,50.0,20,1049.046817983747,1104.7627488732624,275208.49451930885,54.396618345995485,19,268279.26259156014,21,271250.649333192,2.187725993850054,7.80534153705713,10.728235581128095,25.868187444029708,8.188998914539289,0.4832953659563769,2,0.002,0.7122312284359633,0.5572252081249095,0.4024574561428791,0.16346613598022364
lognormal,42,84,1000,2,500,1.0,1.0,50.0,50.0,36,2254.8298493231855,16182.394862484529,1248492.162331585,60.96385820322266,35,1217853.3286605217,37,1230551.0450868676,1.847063051951789,5.619977155275857,8.920688690034655,21.648574607948138,5.599174612325641,1.2418653504620245,999,0.999,0.6821195540450522,0.5033501054538234,0.3534336259584707,0.14250927894596
lognormal,42,85,1000,2,500,1.0,1.0,50.0,50.0,60,845.2628822561288,501.3665636091935,178839.4513881826,52.524633289467744,59,171057.98975737428,61,177622.52188626237,2.560568393210822,9.9041927543214,9.154447485646129,28.001410619446865,13.391959446044266,0.6671587021548646,999,0.999,0.7195356517963756,0.5641364275463684,0.43125812230275257,0.2033193785201548
lognormal,42,86,1000,2,500,1.0,1.0,50.0,50.0,31,855.7037368595195,1676.8768676368097,182857.98008693403,52.621139180899576,30,175859.97648089787,32,178811.28541613676,2.415740283666318,12.339369328622311,9.26874559125676,20.408190452188904,14.471066295124997,0.8611030125818715,999,0.999,0.7027768872356879,0.5308405740004497,0.3766638309492893,0.1796183271980069
lognormal,42,87,1000,2,500,1.0,1.0,50.0,50.0,109,1769.6040888602454,1595.8307586069066,779244.1847561914,58.916735699636725,108,716146.1763086081,110,766640.1766939533,1.950844265520177,4.9552401015813645,9.791447628182258,26.890824062024027,5.485452491495921,0.6965221141947939,999,0.999,0.7069279818187579,0.5466630992163781,0.396688097131347,0.1435429259146799
lognormal,42,88,1000,2,500,1.0,1.0,50.0,50.0,44,854.029470203862,2705.234525026872,179618.5436174668,52.54351170722235,43,166962.7011546821,45,175609.9597362892,2.3409689491733663,8.014913283159748,11.32445470449484,29.47790928795589,10.514255393419557,0.7023879922419392,1,0.001,0.7355616514818752,0.5792584429628114,0.4332659712645656,0.17700551150927094
lognormal,42,89,1000,2,500,1.0,1.0,50.0,50.0,64,1062.950498839354,8428.287523096744,278875.9620842969,54.45411081551618,63,269803.4124192616,65,272889.63477092277,2.3604608811136343,9.651303402266512,9.18462697901834,23.26996583672694,10.597518035980283,0.99389116248744,999,0.999,0.7066812671804009,0.5447226903232024,0.4069488137084649,0.17914465339665242
lognormal,42,90,1000,2,500,1.0,1.0,50.0,50.0,65,402.7560914064684,1248.4634286900434,37918.84805983261,45.7885513539448,64,36626.5892547075,66,37754.913489636296,3.5023856477905912,17.399103737863197,10.686416374121386,30.21853873025672,25.17418155267464,0.7735597846344167,1,0.001,0.7486280261779935,0.5977404164335979,0.46543172739392047,0.24751302156786265
lognormal,42,91,1000,2,500,1.0,1.0,50.0,50.0,42,751.3956394995919,1903.431074717598,139626.07615203116,51.4496653341167,41,139149.01360434562,43,137420.20335648503,2.515532901815654,10.642686744011721,10.055326450723364,32.24873859770826,14.279389654047325,0.7565542881002866,1,0.001,0.7233483037192234,0.5638021173256307,0.4213328662541571,0.19722915374018382
lognormal,42,92,1000,2,500,1.0,1.0,50.0,50.0,50,1964.419377098808,22512.724224106696,953290.2092354374,59.792251326247374,49,933667.0594767644,51,934341.1835154151,1.8370758996571857,5.228948217105855,9.290803075678278,22.427184915515724,6.081802847865927,0.388644678793038,991,0.991,0.6985722254182812,0.5143827567070175,0.36049735185823195,0.13379580866588003
lognormal,42,93,1000,2,500,1.0,1.0,50.0,50.0,95,1507.3210362524217,375.6230090653929,562958.6330835355,57.50476483512805,94,558263.0614535909,96,556173.6650649057,2.148005582232576,6.144083394927515,10.206351675356101,29.544907816601693,6.728436393348551,0.5725717224708102,994,0.994,0.710958061868153,0.5519950782301368,0.41208582710153896,0.17330326165276466
lognormal,42,94,1000,2,500,1.0,1.0,50.0,50.0,31,1074.231588336949,3115.8467554297536,287410.6008388154,54.58502782590466,30,261872.03099120146,32,284977.05011377356,2.216405758398028,8.540272123006488,9.493031314169993,25.62162271291851,10.540052173260811,0.5855524863801147,997,0.997,0.7016750846644199,0.5413805191156856,0.3924105105398714,0.17362982307888775
lognormal,42,95,1000,2,500,1.0,1.0,50.0,50.0,31,580.2949157168645,2093.1516088189537,83239.73016194448,49.20330663690376,30,81029.50351531216,32,83054.96664352043,2.8672060185921278,16.720532118170635,10.256079708146558,22.662373682010934,19.159856088335676,0.9291348581836912,1,0.001,0.7169168339053482,0.5483324970571115,0.4031252328300847,0.19497641401639973
lognormal,42,96,1000,2,500,1.0,1.0,50.0,50.0,41,673.397622238743,1550.6226578159906,108257.0544206987,50.3445620614466,40,102273.8694245443,42,106364.66509805882,3.215236514334495,12.759911687796368,9.342623433371855,26.147544856285418,19.158586808651688,0.5396298480455641,989,0.989,0.7349891317563423,0.5787789938373061,0.44717486697430164,0.2551585790594489
lognormal,42,97,1000,2,500,1.0,1.0,50.0,50.0,20,2296.62585788019,5371.521644275314,1310932.1920565357,61.17580228396967,19,1194623.1825825626,21,1287499.387909403,1.687114657646113,5.676060797987554,8.079434877574265,15.936271659545062,5.78379472738639,0.9745645602645032,998,0.998,0.660130544922406,0.47483581073707964,0.32267417181943703,0.12280117666145288
lognormal,42,98,1000,2,500,1.0,1.0,50.0,50.0,84,1230.6047362044135,2766.523958868311,378391.1270081277,55.77940943964986,83,377601.79567233624,85,371518.5542852739,2.2091114347946323,7.011104908732465,11.060675034080315,27.466865749459515,7.784066628964969,0.41732960027211874,999,0.999,0.7144144319886258,0.5527939314210779,0.40968032403559657,0.17908502490481346
lognormal,42,99,1000,2,500,1.0,1.0,50.0,50.0,40,1526.9445385900262,10593.239351614151,579076.6595100858,57.627360604432035,39,542465.9013355143,41,568961.631021013,2.0417767736022028,6.99192908887818,9.162271124683116,20.854650254642046,8.088228162784722,0.9645504983874407,998,0.998,0.6960198396450861,0.5243163704554752,0.3765543088000197,0.15881049627584676
