data_profile,N,L,K,off_pct,active_pct,T,samples,winner_rate,u_bf_mean,u_i_mean,u_g_mean,u_g_p05,u_g_p50,u_g_p95,u_g_db_mean,fraction_best_tested_u_g_mean,fraction_best_tested_u_g_p05,gap_to_best_tested_pct_mean,elapsed_seconds_mean
thin_tail,500,8,125,75.0,25.0,0,100,0.0,337.9968893794685,3331.4513901739892,36226575733726.51,40289546107.08438,4062796805866.3213,118039060723404.45,125.3003136843229,0.1103552427102739,0.006412582630213043,88.96447572897262,6.261063826968893e-05
thin_tail,500,8,125,75.0,25.0,1,100,0.0,367.32569885428757,3756.722031520228,45910341748441.73,259890532503.34796,7212676541712.633,193557997556095.56,128.74525290132087,0.1801501223716629,0.02798206431213514,81.98498776283371,3.395376203116029e-05
thin_tail,500,8,125,75.0,25.0,2,100,0.0,389.1424419664028,4165.668060517296,58874272582751.77,469513971353.0406,16601128888045.982,194102125689396.06,130.8478981822484,0.2676932886941965,0.06355200066309986,73.23067113058035,3.177122242050245e-05
thin_tail,500,8,125,75.0,25.0,3,100,0.0,401.3635137784548,4339.483201298316,62810899462287.85,665840670097.4442,23158488368252.695,253326006558843.4,132.06715391112337,0.33164242477288575,0.08612078537584428,66.83575752271142,3.115239000180736e-05
thin_tail,500,8,125,75.0,25.0,4,100,0.0,412.3740849002303,4522.986205426327,72354408745909.73,957249584054.9463,24320981724068.418,230271040561188.0,133.08109783328058,0.40612309694164495,0.10811257497832279,59.387690305835505,3.0965919722802934e-05
thin_tail,500,8,125,75.0,25.0,5,100,0.01,420.22216984029546,4675.64644837766,79190851144835.14,1272340889269.6587,28682881847579.016,307317293204486.1,133.77886888622163,0.4656439037907093,0.16156121568459025,53.43560962092907,3.0518159619532525e-05
thin_tail,500,8,125,75.0,25.0,6,100,0.02,428.6384794658279,4828.252713611722,87912067026076.25,1850381300324.7998,32045518312857.35,289312159615532.7,134.49931268366342,0.5428557542254463,0.1907537189375213,45.71442457745537,3.0386181315407157e-05
thin_tail,500,8,125,75.0,25.0,7,100,0.01,434.39026299555337,4967.120119147363,92398453475720.95,1861539559774.8555,34818960987641.71,294698107009679.56,134.9384123930287,0.5871334655656907,0.2543249556921103,41.286653443430936,2.9800939373672008e-05
thin_tail,500,8,125,75.0,25.0,8,100,0.03,438.175688370661,5034.392224821486,99825155064705.02,1959670341178.4368,37626387972596.81,315485088808853.8,135.26678898813068,0.61971861155974,0.28741048970720745,38.028138844026,2.97066499479115e-05
thin_tail,500,8,125,75.0,25.0,9,100,0.04,440.2045198918151,5062.932177915654,103294624628450.8,2722794707884.404,36866343959717.86,370045507140398.5,135.43609529157678,0.6420559983672044,0.3038978410784217,35.794400163279555,3.012850909726694e-05
thin_tail,500,8,125,75.0,25.0,10,100,0.01,442.7278016958398,5121.875132955992,107395619411573.36,2732142677570.183,41117594089343.03,359313911976449.75,135.64547779970334,0.6644782013469119,0.38382000199701394,33.5521798653088,3.0074029637034984e-05
thin_tail,500,8,125,75.0,25.0,11,100,0.04,443.6566609034947,5140.800638694365,105963910315693.69,2453846605135.169,41986629927693.016,389855263260663.8,135.7453502570948,0.6746979541731528,0.3952179094941568,32.530204582684725,2.9439160134643315e-05
thin_tail,500,8,125,75.0,25.0,12,100,0.04,445.19956414113324,5147.427636170587,111425444307881.16,2876568802449.116,40096284172526.25,438757945783066.25,135.8811297540543,0.6945892985926162,0.3959201867625007,30.541070140738388,2.9884749092161656e-05
thin_tail,500,8,125,75.0,25.0,13,100,0.02,445.99760980539367,5173.6031419656965,112064065727714.38,2701188120175.7275,40030005933283.86,411191454889218.6,135.94321368545653,0.7046320651029516,0.39278105884395537,29.536793489704838,2.939998114015907e-05
thin_tail,500,8,125,75.0,25.0,14,100,0.03,447.6944438170956,5193.764384125858,114763419812103.55,3109015073393.4873,40827316443612.12,430137464777217.9,136.0955685472785,0.7246111694217514,0.4271945609487719,27.53888305782487,2.9403488733805718e-05
thin_tail,500,8,125,75.0,25.0,15,100,0.03,448.76820779090644,5195.775779889133,114480530036047.8,2862830984721.172,40725234813707.78,409337652398002.1,136.19723840107525,0.7394175985579692,0.4812499366506922,26.058240144203083,2.9934411577414723e-05
thin_tail,500,8,125,75.0,25.0,16,100,0.02,449.0045641483009,5185.637115134061,111307908439541.02,3578714506917.4146,42459885374878.75,426179705428966.8,136.24239441207405,0.7435724184323499,0.47996211572918074,25.642758156765012,3.0127131030894815e-05
thin_tail,500,8,125,75.0,25.0,17,100,0.05,451.85720871699726,5267.752806864495,116576844667081.81,3575972581083.7505,47127018300642.06,523056867227793.4,136.44418156196045,0.7747687360300969,0.5574585874141008,22.52312639699031,2.990846987813711e-05
thin_tail,500,8,125,75.0,25.0,18,100,0.04,452.1974612459965,5303.659301691751,118035613526238.95,3501396847273.239,46891287706300.95,504677514954061.56,136.45530817922545,0.7773892323432233,0.5446833909357575,22.26107676567767,2.9863059462513776e-05
thin_tail,500,8,125,75.0,25.0,19,100,0.07,451.43650163690734,5246.395789546261,116849565263436.0,3385575776773.6655,45929381386986.69,463169318406674.0,136.40772524521634,0.7696687766023236,0.5262562957134876,23.033122339767637,3.0269581766333432e-05
thin_tail,500,8,125,75.0,25.0,20,100,0.03,450.80325815888284,5258.4114071331815,116509742159165.42,3521804965943.283,42579655625513.89,450085060821838.1,136.33659749414127,0.7573426685121696,0.5049164314666142,24.265733148783045,2.980648976517841e-05
thin_tail,500,8,125,75.0,25.0,21,100,0.01,451.26152958882943,5243.606722027472,114543610772298.72,3869988474145.6787,42556885745401.7,434779651205138.3,136.41731425092516,0.7694232520866419,0.5429041499935665,23.057674791335813,2.977222902700305e-05
thin_tail,500,8,125,75.0,25.0,22,100,0.04,452.32499576537555,5283.248256652423,115171027751167.64,4564109915969.195,43170481663469.84,417388891244368.75,136.49735206058452,0.7834537291054889,0.541250670430705,21.654627089451115,2.959768142318353e-05
thin_tail,500,8,125,75.0,25.0,23,100,0.05,452.30920769822535,5252.635580847775,115236014848709.6,5029282377055.563,41124880326547.52,460288673728349.94,136.51006111418928,0.7874418944647735,0.5365032784507247,21.255810553522647,2.9501287499442697e-05
thin_tail,500,8,125,75.0,25.0,24,100,0.02,451.54591043280584,5255.680768401028,111602939093667.38,4686036536084.879,38186948469849.03,418292987484666.5,136.43791472714983,0.776185244434406,0.5068154852324734,22.381475556559412,2.913327101850882e-05
thin_tail,500,8,125,75.0,25.0,25,100,0.03,450.25070892189177,5222.849943364567,108355886324062.72,4539266334526.072,37991743575250.08,432701313550010.9,136.33899497214628,0.7588592841870282,0.5141277476819641,24.114071581297186,2.951876929728314e-05
thin_tail,500,8,125,75.0,25.0,26,100,0.03,449.28426157430005,5186.737879940728,107925156074944.42,4554073181846.978,38106348843033.97,476742167345163.6,136.2722646194609,0.747622540894428,0.5171863738805306,25.237745910557194,2.9626950272358954e-05
thin_tail,500,8,125,75.0,25.0,27,100,0.03,449.0524680691433,5130.6134254313265,105671874139394.1,4156833174402.205,40249958421951.83,462352666546159.75,136.2921144477037,0.7497013483535163,0.5132452650108555,25.029865164648363,2.9498479270841927e-05
thin_tail,500,8,125,75.0,25.0,28,100,0.03,448.6431388633225,5138.5934506952935,105653741720313.64,3948625094169.718,38343669186026.72,449670561189289.56,136.24023546194422,0.7427622262535125,0.48935735696697025,25.723777374648748,2.96346889808774e-05
thin_tail,500,8,125,75.0,25.0,29,100,0.02,448.5462835719493,5126.216995548876,106475358684697.98,3957394157263.7344,40142739838399.27,421290231722865.25,136.21918377135947,0.74018793720373,0.5099786223871405,25.981206279627003,2.974014962092042e-05
thin_tail,500,8,125,75.0,25.0,30,100,0.05,448.73397794179976,5095.047440148063,105978084624743.66,3992198505646.773,41147198675226.516,429904235602114.6,136.26145766721007,0.7458234260901199,0.5153421037247883,25.417657390988015,2.9352569836191833e-05
thin_tail,500,8,125,75.0,25.0,31,100,0.02,448.51389210406035,5088.309690302321,103934960694590.92,3767819212076.7363,40690907439451.016,440139097218654.44,136.24339478598665,0.7420415865052722,0.5404764958106494,25.79584134947278,2.9624181624967605e-05
thin_tail,500,8,125,75.0,25.0,32,100,0.0,448.2621684252803,5056.927169759318,102553592688212.88,3982846025819.693,37426416689394.11,436288565458560.2,136.23969958410385,0.7419512702096204,0.5148137565524353,25.804872979037974,2.9701070743612946e-05
thin_tail,500,8,125,75.0,25.0,33,100,0.03,447.1878137279627,5015.431707508512,99842647415960.02,4086248532975.546,37327253339261.21,413559361387723.0,136.1765535701564,0.732398883062464,0.49310461459242555,26.7601116937536,3.046162775717676e-05
thin_tail,500,8,125,75.0,25.0,34,100,0.02,447.05966952696343,5026.251792674917,98414830872099.36,4016204494254.7744,36819178271767.3,413286131300897.56,136.1511939015394,0.730211769123324,0.4952776565566076,26.97882308766761,3.0300338694360106e-05
thin_tail,500,8,125,75.0,25.0,35,100,0.0,446.7870047333036,5068.556242636329,97297016013576.92,4298666845439.0156,36152054110661.45,365999210023754.0,136.1058538811556,0.7228422081291724,0.49823709426005114,27.715779187082763,2.9583000286947936e-05
thin_tail,500,8,125,75.0,25.0,36,100,0.01,445.5757520314762,5038.925986632355,96140425691679.16,3959030450488.4316,35769390424392.14,408248807266578.1,136.00632841387016,0.7065032456599181,0.4674537831418975,29.349675434008187,2.9988068854436277e-05
thin_tail,500,8,125,75.0,25.0,37,100,0.01,444.6186885684893,4949.943492694948,96004348519171.27,4142584698015.4463,34464111874494.016,421350557624681.8,135.97269688372728,0.7019844903550256,0.46547025481583865,29.801550964497437,2.9471970337908713e-05
thin_tail,500,8,125,75.0,25.0,38,100,0.03,443.91942112401176,4926.2304074858075,94746260710064.81,4142922374932.4067,34518050704990.195,422489394794756.94,135.9275651945293,0.6965420261552517,0.44984836866364064,30.345797384474817,2.9797478637192397e-05
thin_tail,500,8,125,75.0,25.0,39,100,0.03,442.94737955143273,4926.032422531574,92862452702515.19,4158225720012.618,33413426433771.28,400060538773482.1,135.84585286477892,0.6864143906527893,0.423719051526832,31.358560934721073,2.981075900606811e-05
thin_tail,500,8,125,75.0,25.0,40,100,0.02,441.71944536615405,4927.343610783863,89290049264099.77,3842709770613.978,35837919776478.625,399312144548724.44,135.72541961631111,0.6686703801524403,0.41984898065192483,33.132961984755966,2.9472639143932612e-05
thin_tail,500,8,125,75.0,25.0,41,100,0.0,440.14461035010646,4872.872720315424,87244169536735.48,3657053252284.6733,33697187154406.85,378508295507663.0,135.6051061240559,0.6513514174408386,0.391815994476067,34.86485825591615,2.9302861366886646e-05
thin_tail,500,8,125,75.0,25.0,42,100,0.01,439.5346142807165,4859.368054055088,85714437824374.2,4367630726974.952,33765009683223.414,352125582082949.56,135.56191883009575,0.6454997988897699,0.38731124910039105,35.45002011102301,2.94034302351065e-05
thin_tail,500,8,125,75.0,25.0,43,100,0.01,438.3453573566871,4827.689023296139,83658574892104.42,4061878996091.1904,33251437552402.156,331331335981688.8,135.4690554418545,0.6325001950299775,0.36492698187573963,36.749980497002255,2.9377749597188086e-05
thin_tail,500,8,125,75.0,25.0,44,100,0.0,437.4959502653183,4836.990322402133,81727420497610.77,4549463404317.188,34860212299545.516,312856234729921.6,135.38843086037005,0.6209078557306382,0.35460226542558754,37.90921442693617,2.9242289892863484e-05
thin_tail,500,8,125,75.0,25.0,45,100,0.0,436.4489131095673,4846.180541415373,79161544662482.81,4401105316149.8545,33125210830195.918,293343947333652.94,135.29199920379108,0.6066050092678522,0.3695797668381566,39.33949907321478,2.970032102894038e-05
thin_tail,500,8,125,75.0,25.0,46,100,0.0,435.5991949548027,4819.614194353614,78035252914976.45,4232414178353.829,31151042038543.72,280812038612356.1,135.2439514634162,0.6010879053699582,0.36770253241973266,39.89120946300419,2.933785872301087e-05
thin_tail,500,8,125,75.0,25.0,47,100,0.0,434.218040927967,4765.064972181388,76431015569217.48,4083648057086.787,31293211252911.99,265355076290663.3,135.150466929762,0.5891094812947212,0.3518743156858751,41.08905187052788,2.9681480082217604e-05
thin_tail,500,8,125,75.0,25.0,48,100,0.0,433.4896351807424,4735.571842198276,75243329261798.27,3862587786049.262,32254981529887.64,259693187356878.47,135.0946315822948,0.5810584390963133,0.3412359376189104,41.89415609036867,2.9466362611856312e-05
thin_tail,500,8,125,75.0,25.0,49,100,0.01,432.16630663565303,4725.411573251357,72791757202122.56,3646161429409.2207,32530621564326.88,249095874282381.22,134.971272487997,0.5660933590667875,0.32183379573118176,43.39066409332125,2.9605398594867438e-05
thin_tail,500,8,125,75.0,25.0,50,100,0.0,431.17808899096053,4673.252362401679,71768896252211.31,3616122408160.58,31549419753849.72,232663576214056.78,134.91221547123587,0.5590505412166451,0.3338282958145685,44.09494587833549,2.9949076706543563e-05
thin_tail,500,8,125,75.0,25.0,51,100,0.0,430.4291842898299,4660.152123273583,70949861000231.98,3419011406390.5483,29942645070519.3,238237106543274.53,134.8349951420703,0.5493209310239439,0.3182741127019003,45.06790689760561,2.9582982242573053e-05
thin_tail,500,8,125,75.0,25.0,52,100,0.0,429.70847507453516,4640.703938440431,69666606701837.94,3691013215417.4546,30435816844750.312,233387025430491.2,134.76714359735809,0.5412038080211552,0.328563506353388,45.87961919788449,3.0134049011394383e-05
thin_tail,500,8,125,75.0,25.0,53,100,0.0,428.93105192352175,4623.560053576919,69236119940975.78,3482441762939.134,30551124439206.87,256117090377549.5,134.70208327830235,0.5328801513548577,0.3115485913357164,46.711984864514235,2.9284798656590283e-05
thin_tail,500,8,125,75.0,25.0,54,100,0.0,427.3653363335576,4613.374953640869,67716927815256.87,3340909299456.1978,29762573512898.47,254435423699182.72,134.57056092440942,0.5159069144559892,0.3038776122130236,48.409308554401065,2.9549501196015626e-05
thin_tail,500,8,125,75.0,25.0,55,100,0.0,426.46019953105076,4586.113401870966,66672368592135.14,3201646358547.094,28523274819252.375,251859561069548.03,134.49312265434992,0.507004306395989,0.3114820037427321,49.299569360401094,2.9362999775912612e-05
thin_tail,500,8,125,75.0,25.0,56,100,0.0,425.60240417083025,4542.1147281244375,65090024522116.52,3145638953554.0684,28918713357176.297,239961253429621.3,134.43208346928807,0.4995073990765429,0.30522626870137226,50.04926009234571,2.9006181575823577e-05
thin_tail,500,8,125,75.0,25.0,57,100,0.0,424.2696435653881,4523.45765046815,63801337802725.17,2982794179510.8867,27222550546300.55,234360501550236.75,134.32822183857513,0.4892214918614794,0.2946046497213457,51.077850813852066,2.9500590171664955e-05
thin_tail,500,8,125,75.0,25.0,58,100,0.0,423.4598345115711,4472.805373560117,63281408983472.55,2990014844985.8237,26385614535860.758,226450355358787.8,134.28082428464788,0.4837091528006851,0.27584102587621023,51.62908471993149,2.9406301036942752e-05
thin_tail,500,8,125,75.0,25.0,59,100,0.0,421.9993907252434,4417.808908136699,62169610010272.8,2925747189641.212,26328436679547.453,248072033970582.12,134.17255786097945,0.4716977081900897,0.27532816017512585,52.830229180991026,2.9506869323085995e-05
thin_tail,500,8,125,75.0,25.0,60,100,0.0,420.7523306896627,4381.114478345567,61282776060045.39,2840175940894.5317,25405049582133.35,242925300506016.88,134.0710382755482,0.4615029717764513,0.25362775324467685,53.84970282235488,2.9534119821619243e-05
thin_tail,500,8,125,75.0,25.0,61,100,0.0,419.3527828668712,4329.817520346769,59074471862405.59,2813284856405.055,26710376705405.57,231501096782984.75,133.97845999153932,0.45223980848435635,0.25229698389557387,54.77601915156436,2.9689850052818655e-05
thin_tail,500,8,125,75.0,25.0,62,100,0.0,418.32969786831353,4282.161131215748,57911877874451.11,2765705322732.682,25985382420912.945,220115870235871.16,133.91516431127243,0.4473822083823922,0.24467308832898338,55.261779161760785,2.979669166961685e-05
thin_tail,500,8,125,75.0,25.0,63,100,0.0,417.89559897336375,4290.556149709596,56865799099149.45,2759767596868.034,26498560937391.656,211159369790013.9,133.88132570902926,0.44289945657853563,0.24618562279884432,55.710054342146435,2.968230895930901e-05
thin_tail,500,8,125,75.0,25.0,64,100,0.0,416.5842200161467,4289.602633225495,55184528747595.38,2768445740866.0845,25788528460765.105,209600230564823.1,133.76683223468652,0.43170700985315064,0.23471638073381917,56.82929901468493,2.9505490383598955e-05
thin_tail,500,8,125,75.0,25.0,65,100,0.0,415.60042678504743,4277.85739051582,54031101462620.71,2798743982531.0127,24695400943995.85,203232829635411.97,133.68827896133388,0.4242104891026203,0.2311269328136823,57.57895108973796,2.9814888839609922e-05
thin_tail,500,8,125,75.0,25.0,66,100,0.0,414.1973886126732,4255.540215614632,52160189709242.47,2630225370103.853,24169731961856.188,199470140322344.16,133.56799752780526,0.41266857223011966,0.22151397732849,58.73314277698803,2.9641671280842273e-05
thin_tail,500,8,125,75.0,25.0,67,100,0.0,412.9935166848751,4237.327575367731,50930238410829.95,2544260600198.365,23345563436047.97,196486654917247.3,133.45641178554627,0.4021288019547928,0.21726445326780286,59.78711980452073,2.9277071298565716e-05
thin_tail,500,8,125,75.0,25.0,68,100,0.0,411.67110957970306,4217.209686191106,49395102565265.72,2558261993178.7954,22906215307007.15,195958805088467.03,133.34280602861213,0.39264010547040223,0.2041275689220587,60.73598945295978,2.934492193162441e-05
thin_tail,500,8,125,75.0,25.0,69,100,0.0,410.5410465952357,4179.420741244597,48653394103878.68,2436554044979.8276,22208632445720.68,190575576535746.66,133.26728224350546,0.38624784400304485,0.20165419005173255,61.37521559969551,2.9573938809335233e-05
thin_tail,500,8,125,75.0,25.0,70,100,0.0,409.052449829306,4125.000772580684,47395996983122.05,2382001510478.279,22054902835074.18,177740332491735.12,133.16375837844112,0.37709273728075166,0.19444459133501343,62.29072627192483,2.9555051296483724e-05
thin_tail,500,8,125,75.0,25.0,71,100,0.0,407.48533241188693,4086.587922790553,45923566190576.44,2317134022461.5586,21033670114376.14,170904670802583.75,133.0428900296624,0.3671019525890293,0.19808898246752304,63.28980474109708,2.9154170479159803e-05
thin_tail,500,8,125,75.0,25.0,72,100,0.0,406.7196935951638,4071.05275059696,45440214756123.9,2481648225293.233,20566459703443.324,170367585568348.78,132.97540002641517,0.36134370540924793,0.20356198759106967,63.86562945907521,2.948513865703717e-05
thin_tail,500,8,125,75.0,25.0,73,100,0.0,405.41390837975547,4015.876888832457,44343131840445.77,2523593941026.001,20229844172280.043,168984031395949.97,132.88261506535068,0.353941973828774,0.1940332122995447,64.6058026171226,2.91751985787414e-05
thin_tail,500,8,125,75.0,25.0,74,100,0.0,404.25390586580585,3991.9446572003158,43644257008536.23,2405260074225.9785,20720409796694.484,164653580971231.44,132.79456065683036,0.3466775626533976,0.18550970901580907,65.33224373466024,2.9377690225373954e-05
thin_tail,500,8,125,75.0,25.0,75,100,0.0,403.2869513148605,3984.8936860159633,43062821211398.68,2345214239230.154,19602350829296.42,165908948588291.7,132.70089019669177,0.33880880922731926,0.18889118298663418,66.11911907726808,2.939095691544935e-05
thin_tail,500,8,125,75.0,25.0,76,100,0.0,402.2627121679263,3969.389764552485,42310668256809.73,2228841602888.231,18992070739170.184,157948706367535.9,132.60596383657293,0.3314764503720044,0.18433051191413471,66.85235496279955,2.917167963460088e-05
thin_tail,500,8,125,75.0,25.0,77,100,0.0,400.8569321849966,3922.3382314254864,41341140969614.23,2146348469080.5493,18761140556575.938,153825841257482.2,132.50384752797916,0.32440959753248977,0.18130489708018616,67.55904024675102,2.9641000146511942e-05
thin_tail,500,8,125,75.0,25.0,78,100,0.0,399.5287021675748,3898.3184426878156,40012664285393.22,2056269468366.5964,18263992046255.367,141246253496829.7,132.39879965614415,0.31648472492940233,0.18498208948761372,68.35152750705976,2.9599109839182348e-05
thin_tail,500,8,125,75.0,25.0,79,100,0.0,398.1751554983484,3861.14695256291,39216909323635.36,1983932675289.7373,17534121776096.094,134176229014666.1,132.2810248197215,0.3085288055459896,0.17280822058970646,69.14711944540105,3.0161261383909733e-05
thin_tail,500,8,125,75.0,25.0,80,100,0.0,397.1314774083631,3832.4433641446185,38625653983416.47,1907835910442.2212,16934760715018.418,126695913357541.86,132.19560604764604,0.3028349496862961,0.17368417571661646,69.71650503137039,2.9643770249094812e-05
thin_tail,500,8,125,75.0,25.0,81,100,0.0,395.7698450034503,3789.488331760877,37547219366804.91,1829951136815.639,17413605217014.742,130650961557972.39,132.09652308663223,0.29550854269842197,0.16665794434583933,70.4491457301578,2.93518922990188e-05
thin_tail,500,8,125,75.0,25.0,82,100,0.0,394.69782524597673,3781.9266174509,36783624357169.55,1834912565289.9346,17411776487623.646,129738550760356.08,131.9999546855348,0.28881738956465147,0.16204937070815578,71.11826104353486,2.97666501137428e-05
thin_tail,500,8,125,75.0,25.0,83,100,0.0,393.5246736667573,3773.84997417041,35981193524500.125,1779803915694.574,16959508501945.951,123590923986750.6,131.88564665987474,0.281843213869548,0.15153048334687405,71.8156786130452,2.9308470839168877e-05
thin_tail,500,8,125,75.0,25.0,84,100,0.0,392.451862073025,3758.382025578357,35401895408842.17,1799124803134.3123,16294037736224.566,123109851038542.73,131.78607462092032,0.2748465982930978,0.15534982879689618,72.51534017069021,2.9490149754565208e-05
thin_tail,500,8,125,75.0,25.0,85,100,0.0,391.0046273214661,3702.450317909243,34951754259484.727,1676400702160.8025,15719867517029.2,117516312117438.84,131.69457690191908,0.26916952424570456,0.14740526018354627,73.08304757542955,2.9176548414397983e-05
thin_tail,500,8,125,75.0,25.0,86,100,0.0,389.86611903703846,3648.7066818977946,34283128487810.71,1564653748066.7632,15428456270846.969,113864637933706.4,131.61671830134196,0.2651448225072836,0.145039642436554,73.48551774927164,2.924075786722824e-05
thin_tail,500,8,125,75.0,25.0,87,100,0.0,388.6459916221639,3623.135508652552,33409493576175.895,1503330375351.662,15674453458384.496,114399658201797.61,131.51338461219274,0.2588674419048065,0.14452860671168435,74.11325580951934,2.9523689299821853e-05
thin_tail,500,8,125,75.0,25.0,88,100,0.0,387.27461268982654,3589.4016954068084,32585210618864.387,1428362765315.384,15161296727439.941,114667754716346.9,131.4064334048742,0.2524117555448138,0.14239687165385917,74.75882444551863,2.9614390223287045e-05
thin_tail,500,8,125,75.0,25.0,89,100,0.0,385.9960153922199,3557.958461014862,31680024951399.066,1404918068973.45,15135225354732.477,109917196184358.77,131.31323638151164,0.2468878120274133,0.13317724929612976,75.31121879725868,2.9601800779346377e-05
thin_tail,500,8,125,75.0,25.0,90,100,0.0,384.76525687856565,3540.464080697206,30686075668472.06,1411648820723.382,14340403137042.625,105371259777703.78,131.21251133358334,0.24126700623115313,0.12625200793966565,75.87329937688469,2.9583029390778393e-05
thin_tail,500,8,125,75.0,25.0,91,100,0.0,383.8255176043473,3508.5137456512984,30264423862630.55,1393725440961.3413,13960129397032.582,107550573477997.47,131.13817563606688,0.23704968815087696,0.12010312949305751,76.2950311849123,2.9501368990167974e-05
thin_tail,500,8,125,75.0,25.0,92,100,0.0,382.6770175586726,3514.7592877427674,29593845770053.914,1307916452698.2446,13215207216148.281,105294155125628.94,131.00526968958752,0.23024490280050164,0.11600799613810771,76.97550971994984,2.9672410746570677e-05
thin_tail,500,8,125,75.0,25.0,93,100,0.0,381.4583011865304,3482.7555549495387,28974590408055.23,1252259462556.1382,13388062322244.03,100703059949593.16,130.9011038618127,0.22524161068876322,0.11486588015788295,77.47583893112368,3.0032130307517946e-05
thin_tail,500,8,125,75.0,25.0,94,100,0.0,380.5209071675561,3470.7025844830655,28334758433824.96,1328012817250.036,12948050530266.879,100105238728159.92,130.81944693964826,0.22090942173501937,0.11845927405229198,77.90905782649807,3.251627000281587e-05
thin_tail,500,8,125,75.0,25.0,95,100,0.0,379.6074018380798,3451.1331784922245,27945206521709.78,1287089637024.6892,12955239231434.959,98487845090194.12,130.72707730565952,0.21621994962015426,0.11429531793211439,78.37800503798458,3.0776590283494445e-05
thin_tail,500,8,125,75.0,25.0,96,100,0.0,378.3694989680804,3426.6758236009196,27358490121465.54,1231833542965.0999,12804527287204.074,96501362359852.61,130.62848081772998,0.2114760192282039,0.11604507894703493,78.85239807717961,3.0011898779775947e-05
thin_tail,500,8,125,75.0,25.0,97,100,0.0,377.46882706453937,3403.617662712689,26767826862970.74,1184423451361.6582,12875738064438.984,92849639689190.0,130.54287677116167,0.20752584290361298,0.11491781538138465,79.2474157096387,2.9438459896482528e-05
thin_tail,500,8,125,75.0,25.0,98,100,0.0,376.2065910158056,3375.1160644283095,26354444194763.44,1139867603196.6355,12411943494045.072,90104513966613.8,130.4356136567352,0.202450218946311,0.10996289886867777,79.7549781053689,2.9453140159603207e-05
thin_tail,500,8,125,75.0,25.0,99,100,0.0,375.13910526108805,3358.608884751536,25660198698597.273,1153149989216.0317,11885813489095.855,94022953707027.8,130.33407864310888,0.19759918494055356,0.10911819903838459,80.24008150594464,2.9599120316561312e-05
thin_tail,500,8,125,75.0,25.0,100,100,0.0,373.8983095150716,3354.86737036489,24809686880815.426,1110783470469.6145,12054422437659.902,89407228799430.56,130.20076482339002,0.1919033093431371,0.10637066023995588,80.8096690656863,2.9483129328582435e-05
thin_tail,500,8,125,75.0,25.0,101,100,0.0,373.06166464055576,3387.1491897323617,24082831574015.68,1099944683593.9478,11412621251525.613,84953605481657.69,130.08765926038114,0.18740808830674222,0.10426527314575511,81.25919116932577,2.911432209657505e-05
thin_tail,500,8,125,75.0,25.0,102,100,0.0,371.96373467906545,3385.8612608343187,23627978408188.254,1090892412637.4574,11127430778686.465,82877593839275.89,129.970113607107,0.18239762169156473,0.10160765782847533,81.76023783084352,2.9441259684972464e-05
thin_tail,500,8,125,75.0,25.0,103,100,0.0,370.38284627760254,3333.3686911387103,22808756277867.797,1050066560857.687,10645021761879.582,79077565903164.67,129.84711134584367,0.17738443378736488,0.09987857566283181,82.26155662126352,2.921913837781176e-05
thin_tail,500,8,125,75.0,25.0,104,100,0.0,369.2955360437389,3291.0240783342506,22326744062875.78,1050635260848.458,10719375416091.637,76198039064335.94,129.7597716912891,0.1741724042652252,0.0939725031827642,82.58275957347749,2.9241428128443657e-05
thin_tail,500,8,125,75.0,25.0,105,100,0.0,368.1440179441706,3253.9419481318823,21663606317458.59,1018460946002.5962,10752869274095.277,73208072302198.52,129.66489114687084,0.1705941458068192,0.09176219247157132,82.94058541931808,2.9530670726671815e-05
thin_tail,500,8,125,75.0,25.0,106,100,0.0,367.02114933476145,3250.35140854408,21076672201860.1,963480825021.1317,10311786460453.205,69658631785740.29,129.54323310963838,0.16554871094936202,0.08640661621892891,83.4451289050638,2.969753899378702e-05
thin_tail,500,8,125,75.0,25.0,107,100,0.0,365.7652092730992,3227.2532164329205,20527535337117.82,988331679954.7458,9875188709271.545,68286863160342.47,129.43081087142454,0.1613908846479161,0.08476696388744079,83.8609115352084,2.9262418393045665e-05
thin_tail,500,8,125,75.0,25.0,108,100,0.0,364.83426003506605,3215.81299265241,20046698895832.04,984533604681.286,9928725485525.334,70081458284389.05,129.35249538109667,0.1582720694886137,0.08326260121412049,84.17279305113863,2.9677289712708444e-05
thin_tail,500,8,125,75.0,25.0,109,100,0.0,363.8742822751434,3211.143815305227,19504576856381.1,969309752606.0222,9504557807239.535,69157838721740.84,129.2463116003953,0.1544178104151543,0.07978656293789324,84.55821895848457,3.0386168218683452e-05
thin_tail,500,8,125,75.0,25.0,110,100,0.0,362.8332644778039,3180.761577388924,18948310141379.11,961517823644.8235,9429677333168.367,64597023987559.055,129.14547809625708,0.15089596573142744,0.07804254831489274,84.91040342685724,2.9711559764109553e-05
thin_tail,500,8,125,75.0,25.0,111,100,0.0,361.744187317036,3164.3337959013134,18530998188430.695,944256568270.5061,9031021486763.682,60295984024316.12,129.04369119620566,0.14750728013968994,0.07504191073704373,85.249271986031,2.9750672401860355e-05
thin_tail,500,8,125,75.0,25.0,112,100,0.0,360.79042134221095,3162.7524661914176,18184942254573.13,905532641427.6545,8626846490055.655,60379360913489.26,128.9420857713495,0.14424056411398764,0.07428768494922605,85.57594358860123,2.9597649700008333e-05
thin_tail,500,8,125,75.0,25.0,113,100,0.0,359.8480209954214,3157.055118825696,17768996714964.11,877715973063.0448,8479165979801.968,57024978712268.1,128.83803161538157,0.14116558339700627,0.0717680958975509,85.88344166029938,3.00537099246867e-05
thin_tail,500,8,125,75.0,25.0,114,100,0.0,358.70317196053037,3142.100646675855,17269761886223.703,842519039322.5782,8037865013733.223,57009518647399.664,128.71771261774427,0.1373329396394835,0.06773507608850185,86.26670603605166,2.930919930804521e-05
thin_tail,500,8,125,75.0,25.0,115,100,0.0,357.3835134036654,3117.944565862113,16736090603702.59,808968289749.0546,7669301680456.479,54414572284607.71,128.58542887396604,0.13320402795870714,0.06693496062656844,86.67959720412928,2.9386790993157773e-05
thin_tail,500,8,125,75.0,25.0,116,100,0.0,356.2651629818614,3097.679838725842,16389679130944.89,786289931297.9911,7326065830656.49,53011069314351.85,128.4852889906657,0.13040661995215033,0.06372375350925319,86.95933800478497,2.9470578010659664e-05
thin_tail,500,8,125,75.0,25.0,117,100,0.0,355.12790997824203,3081.1808301605656,16087824727715.408,747916213289.9576,7091195589997.225,49164821715546.19,128.36903144157125,0.126846785566106,0.06519380024367134,87.31532144338941,2.9762609919998795e-05
thin_tail,500,8,125,75.0,25.0,118,100,0.0,354.1813307438148,3053.1742762211607,15658655189156.102,732005504127.758,7257661412069.172,47356061247114.09,128.2934488355185,0.12476071482309449,0.06468542752873672,87.52392851769055,2.9738078883383423e-05
thin_tail,500,8,125,75.0,25.0,119,100,0.0,353.3012887271068,3008.743305647679,15271793931357.705,707452133638.6847,7503110728240.401,44973102241682.984,128.22588663339454,0.1227604003867364,0.0626954908188519,87.72395996132636,2.964370127301663e-05
thin_tail,500,8,125,75.0,25.0,120,100,0.0,352.09677481759013,2969.6843704547277,14954594761844.977,717534967900.2274,7144531195194.302,46441201555442.62,128.11316578167236,0.1200020582694819,0.06032964748092259,87.99979417305181,2.9580910922959447e-05
thin_tail,500,8,125,75.0,25.0,121,100,0.0,351.2635027980759,2978.575985292166,14605861770384.26,682376570160.4048,6722646130012.814,44542747504854.53,128.00663487729722,0.11716898793948617,0.058128971534563784,88.28310120605138,2.9209428175818177e-05
thin_tail,500,8,125,75.0,25.0,122,100,0.0,350.23460877803694,2973.641057939495,14288042760363.658,647986147861.4839,6550689335503.943,42418630696992.63,127.90218194477711,0.11439590009027137,0.057541972055555494,88.56040999097286,2.9562759154941888e-05
thin_tail,500,8,125,75.0,25.0,123,100,0.0,349.1764217342709,2972.136808460552,13889740421987.5,615673904428.085,6437565511052.717,40513807340240.48,127.79027054753615,0.11169223144393974,0.05420512945686475,88.83077685560602,2.9176501266192643e-05
thin_tail,500,8,125,75.0,25.0,124,100,0.0,348.13222457760344,2962.7117075118563,13548448804592.973,633862253975.2878,6351068244232.711,41162948392030.58,127.67840995382493,0.1089285625148566,0.05277067280032203,89.10714374851433,2.9947630246169865e-05
thin_tail,500,8,125,75.0,25.0,125,100,0.0,347.05676439511643,2948.8499887413373,13228719179017.16,596402177032.164,5877685488495.448,39028326097997.86,127.56375810910707,0.10624312337520282,0.050468770871969486,89.37568766247972,2.9560669790953398e-05
thin_tail,500,8,250,50.0,50.0,0,100,0.0,767.0518095343136,9358.273463430416,3.779723926073729e+16,34665935994314.766,4047088777484988.0,1.492801005271274e+17,154.9025523015231,0.05746607858349385,0.0022976223138138083,94.25339214165062,4.8540938878431915e-05
thin_tail,500,8,250,50.0,50.0,1,100,0.0,840.1740868867656,10752.385614767354,5.088131886173823e+16,245171170436850.53,8591584549226338.0,2.153963449877117e+17,158.6923886134095,0.09867569755125817,0.014577348606085016,90.13243024487417,3.184803848853335e-05
thin_tail,500,8,250,50.0,50.0,2,100,0.0,895.5260681519715,12081.828799582463,6.7797520746262744e+16,445624644682155.4,1.6358510476719112e+16,2.4090084805333462e+17,161.05650893762385,0.15710214265590441,0.03199816399401556,84.28978573440956,3.050144820008427e-05
thin_tail,500,8,250,50.0,50.0,3,100,0.0,928.8526220976842,12775.687329173474,7.522149083573243e+16,588908878918168.2,2.4072519944124084e+16,3.3702372480066214e+17,162.48691382812666,0.2005252610658568,0.048283171874313476,79.94747389341431,2.996015828102827e-05
thin_tail,500,8,250,50.0,50.0,4,100,0.0,959.1715244960159,13481.774758529595,8.945941303656723e+16,1000580957475157.9,2.907908059413313e+16,3.426542638470432e+17,163.68418756675993,0.2523517948080309,0.06122421389651041,74.76482051919692,2.9675209079869093e-05
thin_tail,500,8,250,50.0,50.0,5,100,0.0,981.6810408979845,13987.516514277784,1.0116962738071195e+17,1208314476840550.8,3.3018045179718976e+16,3.240800252056414e+17,164.55008549105827,0.3022310460119372,0.09774309216118604,69.77689539880629,2.967172971693799e-05
thin_tail,500,8,250,50.0,50.0,6,100,0.0,1005.6112686384116,14599.46165665536,1.162538454091954e+17,1863633017348479.5,3.949754711195518e+16,4.0007466830161786e+17,165.42247093551717,0.36514690704646413,0.11669279224247542,63.48530929535359,2.9879069479648024e-05
thin_tail,500,8,250,50.0,50.0,7,100,0.0,1022.7957529915278,15075.2035314628,1.2624101692302978e+17,1970231977291756.5,4.182835384198381e+16,4.100808023866268e+17,166.00964738535146,0.40823466639569317,0.1290905784226778,59.17653336043068,3.0137509456835686e-05
thin_tail,500,8,250,50.0,50.0,8,100,0.0,1035.538264320133,15342.600506743347,1.4033421432753994e+17,2328614701218602.0,4.8739923402644744e+16,4.645440357656544e+17,166.4669600353304,0.44392590106805746,0.17749956439799205,55.60740989319425,2.9601189016830176e-05
thin_tail,500,8,250,50.0,50.0,9,100,0.01,1043.8774013116424,15478.866782337858,1.4980770010811667e+17,3198539226197884.0,4.489882349984606e+16,5.692155482140446e+17,166.76132108385812,0.47477514570763724,0.18275022595938825,52.522485429236276,3.056776884477586e-05
thin_tail,500,8,250,50.0,50.0,10,100,0.0,1053.301957447576,15751.378224265896,1.6014602182988614e+17,3225272767501781.0,5.452019960831537e+16,6.540598516928118e+17,167.08449778331894,0.5022343776380709,0.2374481171889688,49.77656223619292,3.0260490602813662e-05
thin_tail,500,8,250,50.0,50.0,11,100,0.02,1058.8417663268756,15868.089745278105,1.615037989994549e+17,3676067862578370.0,5.376313570546061e+16,6.326757916036801e+17,167.29484027533937,0.5229221387765756,0.2517318551159013,47.70778612234245,2.994829090312123e-05
thin_tail,500,8,250,50.0,50.0,12,100,0.01,1065.7346558661784,15921.255680842318,1.727574168676272e+17,4264723132806150.5,5.709948503947654e+16,6.279136062859736e+17,167.53820189162587,0.5534185469664359,0.25501297443850035,44.658145303356406,2.942805818747729e-05
thin_tail,500,8,250,50.0,50.0,13,100,0.01,1070.663623635342,16059.938550831841,1.7824019191977578e+17,4596202135952642.0,5.829979675923435e+16,6.662490876742066e+17,167.70647873201432,0.5729392045188045,0.2886454939859147,42.70607954811954,2.9956669895909726e-05
thin_tail,500,8,250,50.0,50.0,14,100,0.03,1077.9791330533455,16197.473545896295,1.8705664606460976e+17,4509457582337093.0,6.208641990773127e+16,7.256317027937075e+17,167.95746551102218,0.600612547470196,0.322723426180942,39.938745252980404,2.9473371105268596e-05
thin_tail,500,8,250,50.0,50.0,15,100,0.01,1083.4584789530738,16238.29758684739,1.906904738536327e+17,4731921510574838.0,6.804494407406434e+16,8.18704060706561e+17,168.15541780722967,0.6250422037915729,0.33151661685496747,37.4957796208427,2.9885510448366402e-05
thin_tail,500,8,250,50.0,50.0,16,100,0.01,1086.8703038770298,16283.364337145482,1.8923711481698342e+17,5960676812027767.0,6.986002654619414e+16,8.617945747332182e+17,168.29146331207411,0.6377201782297297,0.3448723846300023,36.22798217702703,2.982117875944823e-05
thin_tail,500,8,250,50.0,50.0,17,100,0.04,1096.4501542981131,16533.44518255475,2.0425176461427232e+17,6471475431474173.0,7.453746469552573e+16,8.60701955296803e+17,168.59011206877247,0.6780259349128123,0.4127761897984997,32.19740650871877,2.9457990312948822e-05
thin_tail,500,8,250,50.0,50.0,18,100,0.02,1099.739213759213,16613.869452662417,2.1298695220999475e+17,6426215428005496.0,8.174954393127808e+16,8.39439287158278e+17,168.6916267091506,0.6935954328382254,0.4068771637848754,30.640456716177454,2.9203749436419456e-05
thin_tail,500,8,250,50.0,50.0,19,100,0.02,1100.512233262541,16513.248908519698,2.137969871168642e+17,6503573977809199.0,7.810296834538797e+16,7.87300582850032e+17,168.72769548549067,0.6991778560652034,0.38920322551234277,30.082214393479664,2.9972759366501124e-05
thin_tail,500,8,250,50.0,50.0,20,100,0.03,1101.1989827368732,16517.160699383923,2.163840049058791e+17,7153325846388713.0,7.30688977739624e+16,7.800042898255478e+17,168.74375500512255,0.7016151898168548,0.42210858444828625,29.83848101831453,2.938747958978638e-05
thin_tail,500,8,250,50.0,50.0,21,100,0.0,1105.046457648826,16566.108058498867,2.1582541974490483e+17,6843969000672053.0,7.59877703737055e+16,8.184841086482628e+17,168.8953733867819,0.7233801510311482,0.4454534481329436,27.661984896885187,2.932251925813034e-05
thin_tail,500,8,250,50.0,50.0,22,100,0.05,1109.8911655877437,16677.18876374821,2.207408713261149e+17,6673421893319983.0,7.965508531683552e+16,8.575790495461161e+17,169.05611240936113,0.7490610296654097,0.46572010892714427,25.093897033459026,2.9400061466731132e-05
thin_tail,500,8,250,50.0,50.0,23,100,0.03,1112.2838897169618,16686.6239512218,2.2359965759616243e+17,7239540460355358.0,7.676656856324563e+16,9.037323815911456e+17,169.13934379389735,0.7639506863620232,0.46302456233858647,23.604931363797668,2.9849138809368014e-05
thin_tail,500,8,250,50.0,50.0,24,100,0.01,1112.4267668811328,16734.85331657764,2.2103679933102106e+17,7103807401115874.0,7.0420405706822824e+16,8.959421996995581e+17,169.1428121567234,0.7639897991462292,0.470739413758872,23.601020085377073,2.9608768527396024e-05
thin_tail,500,8,250,50.0,50.0,25,100,0.01,1111.492053112958,16723.597868743134,2.1753192040068032e+17,8505535155981455.0,7.32888915741526e+16,9.093762917387638e+17,169.10981930475577,0.756247868400274,0.4852557936590884,24.3752131599726,3.0034970841370523e-05
thin_tail,500,8,250,50.0,50.0,26,100,0.03,1111.3740863561254,16668.33182897691,2.1977088792967005e+17,8194030288399694.0,6.810409523412584e+16,9.835157491809471e+17,169.10543198769656,0.7546218116667325,0.4617236790148905,24.537818833326746,2.962559927254915e-05
thin_tail,500,8,250,50.0,50.0,27,100,0.02,1113.2459035744466,16651.204103395634,2.178408742295388e+17,7933251388350920.0,7.96823513773005e+16,9.358448356603437e+17,169.1835312397835,0.7652684704537434,0.528809013022004,23.473152954625665,2.9846990073565394e-05
thin_tail,500,8,250,50.0,50.0,28,100,0.02,1114.1875569046858,16734.561849820555,2.2023023524479117e+17,8372617002868100.0,7.576036931673784e+16,9.665010933986156e+17,169.19854849557316,0.7683120242878116,0.5248299872289357,23.16879757121883,2.9550241306424143e-05
thin_tail,500,8,250,50.0,50.0,29,100,0.02,1115.9719552834094,16747.68245685838,2.252157519769053e+17,8504700506416253.0,7.499511197023498e+16,9.744494427043884e+17,169.24102606779098,0.776253773630016,0.4886085290333726,22.374622636998392,2.946075896034017e-05
thin_tail,500,8,250,50.0,50.0,30,100,0.05,1118.723807056965,16862.68192639844,2.256666566709024e+17,8804257769281650.0,8.021422024194086e+16,9.991105138823948e+17,169.33486495530283,0.790199573385288,0.565691387896848,20.9800426614712,2.9300858732312917e-05
thin_tail,500,8,250,50.0,50.0,31,100,0.02,1119.9678038156394,16901.129168872125,2.2459193230138275e+17,8392521449948113.0,8.788659455486915e+16,9.766706812227817e+17,169.38101216122257,0.7966128342319907,0.5707354942188448,20.338716576800937,2.922192041296512e-05
thin_tail,500,8,250,50.0,50.0,32,100,0.04,1121.2524389760472,16929.01889289228,2.243674944750784e+17,8542914079226745.0,8.629299881902102e+16,9.68234365768762e+17,169.43324513206196,0.805388619039297,0.6206033435522166,19.461138096070304,2.9473341128323228e-05
thin_tail,500,8,250,50.0,50.0,33,100,0.01,1120.4633468580746,16858.422185465603,2.215591794353095e+17,8904435719635675.0,8.43123292969826e+16,9.501884737245014e+17,169.41862767593508,0.8027779438180559,0.629182417552167,19.72220561819441,2.9480298981070518e-05
thin_tail,500,8,250,50.0,50.0,34,100,0.03,1121.6878498481651,16922.43227947159,2.2080246035389056e+17,9262445720313462.0,8.780782920142653e+16,9.274087402052882e+17,169.4531524581047,0.8093859816037974,0.6036645595244521,19.061401839620267,2.9219129064586014e-05
thin_tail,500,8,250,50.0,50.0,35,100,0.04,1122.3315409640038,16985.959425989273,2.208751952852762e+17,8937990610659990.0,8.796420190427946e+16,8.734860914431517e+17,169.46775388981305,0.811911185700066,0.6022177481487543,18.808881429993388,2.940072008641437e-05
thin_tail,500,8,250,50.0,50.0,36,100,0.02,1120.8396430441728,16923.401181953013,2.2043184564269126e+17,8554696657462574.0,8.783550966546821e+16,9.420214708960937e+17,169.4195176067238,0.80327978485376,0.5819131499428198,19.672021514624006,2.9559191316366194e-05
thin_tail,500,8,250,50.0,50.0,37,100,0.03,1120.38330294126,16700.89387812287,2.2171602799216262e+17,8989204195702421.0,8.526731530831107e+16,8.959065359377126e+17,169.42622018083694,0.8043573528616972,0.5748176707300896,19.564264713830283,2.9011640581302345e-05
thin_tail,500,8,250,50.0,50.0,38,100,0.04,1120.3138000184,16700.744165825403,2.2047850673174192e+17,9017827804637430.0,8.547688513218974e+16,8.844089336149974e+17,169.4239231637048,0.8043499316457158,0.5825204759095017,19.565006835428427,2.941473794635385e-05
thin_tail,500,8,250,50.0,50.0,39,100,0.05,1119.243794699353,16705.887884477906,2.184104279831242e+17,9046487781796380.0,8.323932616692758e+16,8.661817654700206e+17,169.39378202429188,0.8002081132536171,0.5663524006782185,19.979188674638294,3.0080300057306885e-05
thin_tail,500,8,250,50.0,50.0,40,100,0.03,1117.2848547944807,16707.819324775788,2.1266202530730442e+17,9001097534456404.0,8.25989136863666e+16,8.651060285804668e+17,169.32878082686287,0.7891933252192045,0.5497541547058395,21.080667478079544,2.9171699134167282e-05
thin_tail,500,8,250,50.0,50.0,41,100,0.01,1114.8675966182952,16618.87064657523,2.090713339703499e+17,8533998884458166.0,8.051800777746984e+16,8.363045019736101e+17,169.25231428194115,0.7759585924985615,0.5307522391024361,22.404140750143853,2.9899448272772133e-05
thin_tail,500,8,250,50.0,50.0,42,100,0.02,1114.7038068790355,16541.150779548312,2.077346105042994e+17,9721883253837758.0,8.591765245691352e+16,8.321628881521071e+17,169.25640778899168,0.7761239681504296,0.5306917364142738,22.387603184957044,2.935887809144333e-05
thin_tail,500,8,250,50.0,50.0,43,100,0.03,1113.0871838132155,16519.222744970648,2.044519817192937e+17,9246464798771824.0,8.773322689135037e+16,7.879892523511386e+17,169.20881195306978,0.767849127956623,0.5262048615482207,23.21508720433771,2.9370011179707945e-05
thin_tail,500,8,250,50.0,50.0,44,100,0.01,1112.0809478560727,16498.379332460925,2.0245680430984445e+17,1.0466323656454782e+16,8.601595582212771e+16,7.705042753662039e+17,169.1784954031183,0.7633560449962533,0.5433796130596489,23.664395500374663,2.9254058317746968e-05
thin_tail,500,8,250,50.0,50.0,45,100,0.01,1110.6004784324173,16537.649590226156,1.9822931854025133e+17,1.0320150777994956e+16,8.424066544909171e+16,7.316006861153844e+17,169.12796496386295,0.7548126967903908,0.5397288949070272,24.518730320960923,2.964519982924685e-05
thin_tail,500,8,250,50.0,50.0,46,100,0.03,1109.8946301976032,16447.811756628045,1.9692087004772605e+17,1.0180377315995098e+16,8.179051426098448e+16,7.059166471652355e+17,169.11586292620896,0.753054135703333,0.5285754279182939,24.694586429666696,2.9593462531920523e-05
thin_tail,500,8,250,50.0,50.0,47,100,0.01,1107.9888740275294,16453.679907452217,1.9360621069899174e+17,9838864778602594.0,8.547614124651914e+16,6.7335194588851e+17,169.0515843449999,0.7426266813089122,0.5232511151979495,25.737331869108793,2.9330899415072054e-05
thin_tail,500,8,250,50.0,50.0,48,100,0.01,1107.3153206141985,16346.803469896966,1.9245535817201005e+17,9418441500453868.0,8.70588075018207e+16,6.555223456262129e+17,169.03900929161557,0.7412076462353561,0.49687136232202167,25.879235376464393,2.9057790525257586e-05
thin_tail,500,8,250,50.0,50.0,49,100,0.04,1105.0201423072228,16325.873427709148,1.885830077970731e+17,8933683334008438.0,8.852635857860973e+16,6.486209274276965e+17,168.9574063783117,0.7285970790844932,0.5035022556699253,27.14029209155068,2.917223930126056e-05
thin_tail,500,8,250,50.0,50.0,50,100,0.01,1103.9519704353088,16226.582205565832,1.8728692100081808e+17,9478982860652052.0,8.481142772291683e+16,6.20890797991719e+17,168.92832457414443,0.7237996880630714,0.4782562784339253,27.62003119369287,2.9355349543038756e-05
thin_tail,500,8,250,50.0,50.0,51,100,0.0,1103.1071899445767,16235.451274436831,1.8626589691892794e+17,9546475279107674.0,8.279077062551534e+16,6.231717318110573e+17,168.89149570028195,0.7180377060331189,0.4497162537651982,28.196229396688103,2.9306481883395465e-05
thin_tail,500,8,250,50.0,50.0,52,100,0.0,1102.3488855323264,16218.521663675194,1.841468913634303e+17,9303994245661376.0,8.282561173662902e+16,5.967198746311722e+17,168.86474561535553,0.7145576350475819,0.4498570872171672,28.544236495241815,2.9372170101851224e-05
thin_tail,500,8,250,50.0,50.0,53,100,0.01,1101.5094605628847,16188.171294556605,1.8452275815331757e+17,8897082291009213.0,7.988405517429062e+16,6.114832729033079e+17,168.83267411275085,0.7092844756644051,0.45900742132875394,29.071552433559482,2.965705032693222e-05
thin_tail,500,8,250,50.0,50.0,54,100,0.0,1098.415776433062,16074.434271767435,1.8196318471026966e+17,8876562772648948.0,8.249090331416963e+16,6.06682002479011e+17,168.73766898252637,0.6938880471338931,0.438808138483002,30.6111952866107,2.9385369853116572e-05
thin_tail,500,8,250,50.0,50.0,55,100,0.01,1097.225119518753,16046.403130129876,1.8089147222917702e+17,8922907382110098.0,8.101033712965653e+16,6.620176342933016e+17,168.69401796168728,0.6878958859019231,0.4443718145443573,31.21041140980769,3.0071989458519964e-05
thin_tail,500,8,250,50.0,50.0,56,100,0.0,1096.0550989362791,15923.128787336458,1.780052512411925e+17,8429465568944384.0,8.019469020738272e+16,6.431893233179543e+17,168.67072089061273,0.6841185408685782,0.4460358356848886,31.58814591314219,2.989175001857802e-05
thin_tail,500,8,250,50.0,50.0,57,100,0.0,1093.7477730021353,15891.711343170744,1.755042466515567e+17,8099953179487660.0,8.041774244416026e+16,6.146454619076055e+17,168.5932832368835,0.6739488907250827,0.43130494727009644,32.60511092749173,2.9529218445532023e-05
thin_tail,500,8,250,50.0,50.0,58,100,0.01,1092.8280724971287,15789.074859766,1.7447151267556048e+17,8158547061652716.0,7.821029676067245e+16,5.970938363169144e+17,168.5710079312468,0.6704679088800823,0.43495560716536524,32.95320911199177,2.9608879412990063e-05
thin_tail,500,8,250,50.0,50.0,59,100,0.0,1090.0846287708662,15634.30775509663,1.7261134232272346e+17,8199340202605647.0,7.661061657923472e+16,6.659047378449526e+17,168.4907516706574,0.6584243121632553,0.426437534599524,34.157568783674485,2.9317690059542657e-05
thin_tail,500,8,250,50.0,50.0,60,100,0.0,1087.9487860292923,15606.716623035167,1.710158089352594e+17,7877153964477515.0,7.708147140457382e+16,6.50784798722243e+17,168.41511211862687,0.6479046196715922,0.4019225962647291,35.209538032840776,2.922678948380053e-05
thin_tail,500,8,250,50.0,50.0,61,100,0.0,1085.4700570131054,15516.589731668202,1.6588047232560506e+17,7926836906781085.0,7.84908224965792e+16,6.243653577788474e+17,168.34420216443903,0.6386717597904394,0.40383937508893336,36.13282402095606,2.9109491733834148e-05
thin_tail,500,8,250,50.0,50.0,62,100,0.01,1084.0999323746373,15476.488382573785,1.634144108961977e+17,7643841813643471.0,7.573628110204939e+16,6.108035626260568e+17,168.29887949380011,0.633843095661208,0.3889479911693193,36.615690433879195,2.9254750115796925e-05
thin_tail,500,8,250,50.0,50.0,63,100,0.0,1083.7492727867689,15453.630610177606,1.618192518381558e+17,7581409597379885.0,7.59407376186999e+16,5.948049498912233e+17,168.2966765415761,0.6324126458651278,0.3964582099996681,36.75873541348722,2.9345610819291324e-05
thin_tail,500,8,250,50.0,50.0,64,100,0.0,1081.0634658029076,15406.098615297817,1.5808805906333386e+17,7546934534229462.0,7.314213732163366e+16,5.793665691197779e+17,168.21235808191778,0.6221476153048987,0.38608652562425394,37.78523846951013,2.923727937741205e-05
thin_tail,500,8,250,50.0,50.0,65,100,0.01,1079.2933765726711,15307.653303387926,1.5649730376393894e+17,7382482155311967.0,7.571447585257832e+16,5.520678177062263e+17,168.15848876867048,0.615480589420327,0.37762441744424313,38.451941057967296,2.931273018475622e-05
thin_tail,500,8,250,50.0,50.0,66,100,0.0,1076.2768293315446,15183.822208828818,1.5251970326602026e+17,7492684865070537.0,7.297809766603286e+16,5.4002122840142746e+17,168.07029635019626,0.6027632936274844,0.3582614437453774,39.72367063725156,2.956902142614126e-05
thin_tail,500,8,250,50.0,50.0,67,100,0.0,1073.8964481994835,15192.16319433435,1.496196686501222e+17,7314240306987388.0,7.205502116383391e+16,5.240115111707463e+17,167.98619037837747,0.5915532119275145,0.3468116266760935,40.844678807248535,2.9531351756304503e-05
thin_tail,500,8,250,50.0,50.0,68,100,0.0,1071.2233997548283,15162.070898613385,1.4637524894888666e+17,7225680212675091.0,7.0595918786379496e+16,5.381107069172206e+17,167.8987425871682,0.5800428166039052,0.35700527412749344,41.995718339609475,2.9418880585581065e-05
thin_tail,500,8,250,50.0,50.0,69,100,0.0,1069.1857557790418,15037.949347074067,1.444796292658235e+17,7241170850613612.0,6.83955225273777e+16,5.768838784341791e+17,167.84281348613527,0.5728923600527227,0.3476211352029575,42.71076399472773,2.927427995018661e-05
thin_tail,500,8,250,50.0,50.0,70,100,0.0,1066.226063007279,14896.217812948125,1.413379803390241e+17,7499277071878124.0,6.545617461940193e+16,5.679740046951508e+17,167.7580885175481,0.5622991560144563,0.32644186645267603,43.77008439855435,3.0072601221036165e-05
thin_tail,500,8,250,50.0,50.0,71,100,0.0,1062.9615949263261,14765.480892523556,1.3758792436905371e+17,7125445209375274.0,6.38074968436195e+16,5.482071107641312e+17,167.65733419872288,0.5499432504787556,0.3276641528239276,45.00567495212444,2.9414669261313974e-05
thin_tail,500,8,250,50.0,50.0,72,100,0.0,1061.7367325913135,14760.451139475343,1.3702120721757533e+17,6859276309252750.0,6.242041985038863e+16,5.232191119634656e+17,167.61203577596504,0.5449518337808912,0.32433160459029997,45.50481662191088,2.9551589977927507e-05
thin_tail,500,8,250,50.0,50.0,73,100,0.0,1059.2052906521071,14642.148501242003,1.3436853079610549e+17,6599696656822977.0,5.977341988125959e+16,5.025593318690032e+17,167.53877685931485,0.536775715938642,0.3160605272411619,46.322428406135785,2.9121310217306017e-05
thin_tail,500,8,250,50.0,50.0,74,100,0.0,1057.0204181749361,14586.091300038424,1.3247903956150216e+17,6371595068097616.0,6.169869581887986e+16,5.04021723677123e+17,167.4663966015838,0.5283799110904585,0.3075967783524398,47.162008890954155,2.947688044514507e-05
thin_tail,500,8,250,50.0,50.0,75,100,0.0,1055.0315406016161,14533.356730278772,1.3141731489856434e+17,6050730403161770.0,5.8206822844144664e+16,4.750450589677019e+17,167.3979287540022,0.519663370482552,0.30649823287103833,48.0336629517448,2.9407719557639213e-05
thin_tail,500,8,250,50.0,50.0,76,100,0.0,1053.0748769744437,14534.869146244828,1.2958399404130411e+17,5907692853863920.0,5.802268238596198e+16,4.577800252178039e+17,167.3212901188116,0.510566263592699,0.30059965343519857,48.94337364073011,2.9549548926297576e-05
thin_tail,500,8,250,50.0,50.0,77,100,0.01,1050.204233365245,14385.165072364516,1.2676836353103533e+17,5571230146093876.0,5.826676821152824e+16,4.5725956248526374e+17,167.2332932021136,0.5016945427893138,0.2916061641920326,49.83054572106862,2.9927378927823157e-05
thin_tail,500,8,250,50.0,50.0,78,100,0.0,1047.4486960403394,14318.480287469289,1.2299562590342278e+17,5260025464187402.0,5.714268355486733e+16,4.330475345332952e+17,167.14138068098052,0.4908597149906835,0.2950052652185834,50.91402850093164,2.933651936473325e-05
thin_tail,500,8,250,50.0,50.0,79,100,0.0,1044.596381224197,14275.940111134087,1.2109856564124283e+17,5266218306593159.0,5.556601087164697e+16,4.4956432335664365e+17,167.04230423181318,0.4802876992759026,0.2892816341444354,51.97123007240973,2.97380200936459e-05
thin_tail,500,8,250,50.0,50.0,80,100,0.0,1042.5517405534886,14214.227001649788,1.1941706195407248e+17,5037607623387196.0,5.455826492141837e+16,4.3330330305250835e+17,166.97311095567488,0.47324432523163956,0.2783855705761583,52.67556747683605,2.949501998955384e-05
thin_tail,500,8,250,50.0,50.0,81,100,0.0,1039.6390696123212,14095.217383099605,1.1621878737213966e+17,5561337006686610.0,5.283506474832651e+16,4.154564457999457e+17,166.88931582557666,0.4629341210245956,0.27732431118018774,53.70658789754044,2.9583067807834595e-05
thin_tail,500,8,250,50.0,50.0,82,100,0.0,1037.3404041536126,14009.809463121457,1.1461725934075683e+17,5430536120601425.0,5.280602562611669e+16,4.044017291469188e+17,166.81222501066736,0.4540605340895165,0.25869492859040233,54.59394659104835,2.9296729480847715e-05
thin_tail,500,8,250,50.0,50.0,83,100,0.0,1034.7124961264863,13956.479735660458,1.122453567936999e+17,5094720880124355.0,5.136711519756573e+16,3.9638328589229306e+17,166.71844717403474,0.44461473346108404,0.25602125501869716,55.538526653891594,2.9289748053997754e-05
thin_tail,500,8,250,50.0,50.0,84,100,0.0,1032.3578472838767,13873.551075096266,1.1086536073468755e+17,4930513836370252.0,4.985056007396782e+16,3.743000973154933e+17,166.6385286216046,0.43631619243173025,0.25205721220420335,56.36838075682697,2.9540420218836516e-05
thin_tail,500,8,250,50.0,50.0,85,100,0.0,1029.5202448778182,13751.95333864272,1.0963421318648725e+17,4694473283870977.0,4.872028614833855e+16,3.571390912062171e+17,166.54772316299983,0.4278818394927633,0.24281514756623093,57.21181605072368,2.9725550557486713e-05
thin_tail,500,8,250,50.0,50.0,86,100,0.0,1027.3551622428997,13677.532624329524,1.0779043400618648e+17,4715233296075141.0,4.695900818322346e+16,3.518768788282644e+17,166.47960089309666,0.42238359244300533,0.23454455205328273,57.761640755699474,2.962489990750328e-05
thin_tail,500,8,250,50.0,50.0,87,100,0.0,1024.5821139863117,13549.049834526948,1.054497071043423e+17,4845140230126167.0,4.575980283163631e+16,3.535120573187724e+17,166.39431336596172,0.4140841991562309,0.23335879328506529,58.59158008437691,2.9558626993093638e-05
thin_tail,500,8,250,50.0,50.0,88,100,0.0,1021.7361888556942,13512.626405284855,1.0282965235917443e+17,4667100944374757.0,4.486387377508557e+16,3.384928438252466e+17,166.29231173889207,0.4045886256977944,0.22780660082190707,59.54113743022056,2.9678019636776298e-05
thin_tail,500,8,250,50.0,50.0,89,100,0.0,1019.0573097129927,13423.051753418134,1.0012933390006382e+17,4410018764991387.5,4.320427516551602e+16,3.4708691825986995e+17,166.20656149098141,0.3972678470750049,0.22529295463034513,60.27321529249951,2.962909027701244e-05
thin_tail,500,8,250,50.0,50.0,90,100,0.0,1016.2743579000355,13306.487389666097,9.766377975500362e+16,4199064747518195.5,4.23966612967247e+16,3.3113911630578554e+17,166.12131675098198,0.39010514798901363,0.21312374676000215,60.98948520109864,2.935533004347235e-05
thin_tail,500,8,250,50.0,50.0,91,100,0.0,1014.3934878804589,13212.165893281985,9.631432450987725e+16,4029645797058622.0,4.216066950282181e+16,3.269693308311316e+17,166.05900197901138,0.38379061006518583,0.21859096045055165,61.62093899348142,2.9027079581283032e-05
thin_tail,500,8,250,50.0,50.0,92,100,0.0,1011.5437539897298,13193.89735536508,9.477839705848437e+16,3833873864732018.5,4.061140308240885e+16,3.388020839430297e+17,165.95073586532322,0.3746325932616812,0.21154709877738972,62.53674067383188,2.9180060664657503e-05
thin_tail,500,8,250,50.0,50.0,93,100,0.0,1008.8095539175549,13053.424097092213,9.301304919170539e+16,3849050555627328.5,4.004204098725915e+16,3.3858876554064435e+17,165.85983377850818,0.367134966843901,0.19973139435730958,63.2865033156099,2.9653470555786043e-05
thin_tail,500,8,250,50.0,50.0,94,100,0.0,1006.822039155271,13039.054606545757,9.094725133382925e+16,4032191221581169.5,3.925546343098606e+16,3.2883486827894125e+17,165.7895785333564,0.36081578648398055,0.20365224286676573,63.91842135160195,2.9685697809327395e-05
thin_tail,500,8,250,50.0,50.0,95,100,0.0,1004.7973827510465,13028.336481109982,8.991854199246835e+16,4026788447479817.5,3.866631628370042e+16,3.1181184592036717e+17,165.71206670114552,0.3537005592003127,0.20014559894111467,64.62994407996874,2.9411879950203e-05
thin_tail,500,8,250,50.0,50.0,96,100,0.0,1002.0439110916616,12928.196043346645,8.817730077192066e+16,3837496811428545.0,3.701207807065506e+16,3.0237232405662586e+17,165.6201714286388,0.3465035819316058,0.19441787950817752,65.34964180683941,2.969054999994114e-05
thin_tail,500,8,250,50.0,50.0,97,100,0.0,1000.0381002618365,12893.71981127668,8.654916501642898e+16,3666805372344552.0,3.603094751463976e+16,3.059389050215772e+17,165.54851562609755,0.3413186432095643,0.18608089123479468,65.86813567904358,2.9470660083461554e-05
thin_tail,500,8,250,50.0,50.0,98,100,0.0,997.3065201263395,12881.57788167395,8.50763065259063e+16,3669575099959741.5,3.5313609230412744e+16,2.9783164141434714e+17,165.44528336388817,0.33346788098533003,0.1840542738354932,66.65321190146699,2.941682992968708e-05
thin_tail,500,8,250,50.0,50.0,99,100,0.0,994.8040712360148,12837.533655520418,8.33180454260889e+16,3573609083473020.5,3.567793098411456e+16,2.866402429996518e+17,165.35658813548264,0.32664214324592505,0.1806917455150418,67.3357856754075,2.9433569288812577e-05
thin_tail,500,8,250,50.0,50.0,100,100,0.0,991.693395799633,12801.531177898001,8.085700759127069e+16,3368891333298714.0,3.5629725102237656e+16,2.78810756125647e+17,165.2404247057779,0.31828336688618764,0.17250882204633922,68.17166331138124,2.9685672197956593e-05
thin_tail,500,8,250,50.0,50.0,101,100,0.0,989.4485746355724,12844.903916709834,7.875172202335563e+16,3236549198889277.0,3.4076154189415548e+16,2.8665449696613453e+17,165.150295080402,0.3123277073853524,0.1641149354834697,68.76722926146476,2.9696798883378505e-05
thin_tail,500,8,250,50.0,50.0,102,100,0.0,986.7599064977019,12818.64114053488,7.76806081565511e+16,3289548321972351.5,3.3583324500714424e+16,2.774281995385189e+17,165.04614297054897,0.30492106518460604,0.16184456098487937,69.5078934815394,2.949291403638199e-05
thin_tail,500,8,250,50.0,50.0,103,100,0.0,983.1378468863478,12714.08846241678,7.513469872697814e+16,3174928014139590.0,3.282606609192273e+16,2.7533813147962304e+17,164.9260831145956,0.2967834336106965,0.1578962065654169,70.32165663893035,2.9453130555339157e-05
thin_tail,500,8,250,50.0,50.0,104,100,0.0,980.6369215437022,12610.282951910924,7.363429915315467e+16,3083419418894916.0,3.313469185787433e+16,2.7486946249176432e+17,164.84801333394117,0.29206977356740405,0.15049869739462937,70.7930226432596,2.9471959569491445e-05
thin_tail,500,8,250,50.0,50.0,105,100,0.0,978.0155126758046,12520.521752690875,7.141433439452397e+16,2890918320944744.5,3.2907256483369496e+16,2.6398486716823933e+17,164.75964628615418,0.2862629112526433,0.14906508218834005,71.37370887473567,2.9134580399841072e-05
thin_tail,500,8,250,50.0,50.0,106,100,0.0,975.1725655225524,12508.27491858809,6.9564216105331416e+16,2877001409684218.0,3.1272051713304296e+16,2.5225509148764352e+17,164.65225280840187,0.27943930214477786,0.14682113224856527,72.05606978552221,2.9557168309111147e-05
thin_tail,500,8,250,50.0,50.0,107,100,0.0,972.0939512271756,12429.980417857061,6.770892707226258e+16,3153348686580300.0,3.1167689670331856e+16,2.3944260570294774e+17,164.54931838885724,0.2726145898241218,0.1430262779102029,72.73854101758782,2.932674193289131e-05
thin_tail,500,8,250,50.0,50.0,108,100,0.0,970.0158988764659,12411.677529386488,6.626631936420007e+16,3059885452506439.5,3.0965789683113584e+16,2.3672507753843347e+17,164.47285191811014,0.2681262205349786,0.14049040993462583,73.18737794650214,2.936715172836557e-05
thin_tail,500,8,250,50.0,50.0,109,100,0.0,967.6118425086148,12394.514497218037,6.475535321772567e+16,2990563023511640.5,3.006741705883612e+16,2.2817699112883334e+17,164.37990376447297,0.2626032819537638,0.1423486178970932,73.73967180462361,2.9578219109680503e-05
thin_tail,500,8,250,50.0,50.0,110,100,0.0,965.1284833327277,12354.612841369342,6.2765538151049064e+16,3009910685809925.5,2.945148939084924e+16,2.230174471981004e+17,164.28900074090222,0.25708525555681006,0.1378909885205071,74.291474444319,2.9563440475612878e-05
thin_tail,500,8,250,50.0,50.0,111,100,0.0,962.5970415159844,12330.741721183995,6.146719606864528e+16,2919671170296286.0,2.9359546686850268e+16,2.1368256871537034e+17,164.19088572376165,0.25177396129599106,0.13201867286962954,74.8226038704009,2.9286179633345454e-05
thin_tail,500,8,250,50.0,50.0,112,100,0.0,960.1286027862682,12267.186057848758,6.065102844697358e+16,2775154937683347.5,2.832677528088079e+16,2.130153828140872e+17,164.10159823028658,0.24685871102753615,0.12952054993856177,75.31412889724638,2.925834181951359e-05
thin_tail,500,8,250,50.0,50.0,113,100,0.0,957.7123922541457,12215.954608573327,5.951801741505776e+16,2715212320108838.0,2.72398569139256e+16,2.099290396061063e+17,164.00908012218304,0.24183541565542413,0.12803699300032928,75.81645843445759,2.90948199108243e-05
thin_tail,500,8,250,50.0,50.0,114,100,0.0,954.8264070822266,12174.157500268493,5.8038958302730056e+16,2604616746172637.0,2.7000224503266332e+16,2.0037456928616502e+17,163.89732262265218,0.23548825420779335,0.12152426068373443,76.45117457922066,2.9670359799638392e-05
thin_tail,500,8,250,50.0,50.0,115,100,0.0,951.4612435399098,12097.41292701784,5.639075670990192e+16,2467804917431610.0,2.605299779322361e+16,1.915752364484527e+17,163.77216326789238,0.22908801891196892,0.11822537594969955,77.09119810880311,2.964232146041468e-05
thin_tail,500,8,250,50.0,50.0,116,100,0.0,948.7718742565195,12005.886139027756,5.538356456371797e+16,2376787136602807.0,2.483820648852299e+16,1.847140957823727e+17,163.67174732648365,0.22411779545524374,0.11256617711178218,77.58822045447562,2.991130866575986e-05
thin_tail,500,8,250,50.0,50.0,117,100,0.0,945.8896206638793,11947.132719372688,5.444766646691102e+16,2347982510277307.0,2.386843579514523e+16,1.8894070793463158e+17,163.5627365532698,0.2183413069286839,0.11440495312468775,78.16586930713162,2.9586510208901018e-05
thin_tail,500,8,250,50.0,50.0,118,100,0.0,943.6916446353779,11899.541650192454,5.308898392874464e+16,2266632763929772.0,2.3195696093577016e+16,1.8139813628078886e+17,163.48724442573942,0.21463347538837957,0.11779700627194394,78.53665246116203,2.9697536956518888e-05
thin_tail,500,8,250,50.0,50.0,119,100,0.0,941.7086447089845,11809.692855017625,5.174689283129296e+16,2163406709333187.8,2.2835008402761456e+16,1.7245892282026877e+17,163.42181747226357,0.2113361579774548,0.12355516900514567,78.86638420225452,2.921148930909112e-05
thin_tail,500,8,250,50.0,50.0,120,100,0.0,938.7645915220132,11727.35822252226,5.063889238577887e+16,2066813590883818.2,2.2700991155010624e+16,1.7504291534281632e+17,163.30920113922468,0.20651498945644228,0.11785646692495647,79.34850105435578,2.9236690897960217e-05
thin_tail,500,8,250,50.0,50.0,121,100,0.0,936.4037491971608,11687.891955860609,4.9796379104280456e+16,1965200971488567.2,2.196633910952497e+16,1.6643199054685587e+17,163.21731246989404,0.20235432606333856,0.11193622556366646,79.76456739366614,2.9334341525100173e-05
thin_tail,500,8,250,50.0,50.0,122,100,0.0,933.7446120180813,11634.463577723032,4.885772136088072e+16,1970230840217043.0,2.232225665759905e+16,1.607901832600288e+17,163.1163854102535,0.1979422355349988,0.10681287600399494,80.20577644650012,2.9065380222164094e-05
thin_tail,500,8,250,50.0,50.0,123,100,0.0,930.8682971998578,11551.944514924237,4.768732462539922e+16,2000577222097634.8,2.308562599681756e+16,1.601316886964847e+17,163.01312968826377,0.19371627463661695,0.10231045106798915,80.6283725363383,2.9205888276919724e-05
thin_tail,500,8,250,50.0,50.0,124,100,0.0,928.1353959000811,11506.909789715968,4.655981474368575e+16,1942350123222974.5,2.1847946607715584e+16,1.5400616700217555e+17,162.90562677936387,0.18910559703579327,0.09971776931410194,81.08944029642068,2.9289730300661176e-05
thin_tail,500,8,250,50.0,50.0,125,100,0.0,925.3393680257619,11486.093931738702,4.5339309686631544e+16,1888081570732071.5,2.127662273317633e+16,1.4775736636698762e+17,162.79666548581966,0.18467994760269427,0.09803390036020959,81.53200523973057,2.9654917889274656e-05
thin_tail,500,8,250,50.0,50.0,126,100,0.0,922.7627593502666,11472.62164750484,4.4371761281809656e+16,1903320038433632.5,2.041397856344076e+16,1.4212367891577586e+17,162.69052671193103,0.180076837309201,0.09585603271105865,81.9923162690799,2.9465049447026104e-05
thin_tail,500,8,250,50.0,50.0,127,100,0.0,920.2164471523815,11413.67886186573,4.363459054282365e+16,1839438287873498.0,1.944115756388421e+16,1.528028283707187e+17,162.59019319440748,0.175891038666661,0.09620497528510233,82.41089613333389,2.9745090869255365e-05
thin_tail,500,8,250,50.0,50.0,128,100,0.0,917.2144620298594,11331.907776872446,4.2464793512370136e+16,1874833094063088.8,1.867408947472945e+16,1.4689308276158854e+17,162.48231542512474,0.17182934625701854,0.09130237733683333,82.81706537429814,2.967448177514598e-05
thin_tail,500,8,250,50.0,50.0,129,100,0.0,914.198549018467,11226.534540953478,4.1502717620668e+16,1829901804335513.5,1.8040163680487756e+16,1.4182285479602714e+17,162.36763369798462,0.1674572983060024,0.08996154650025485,83.25427016939977,2.9580900154542178e-05
thin_tail,500,8,250,50.0,50.0,130,100,0.0,911.1040625808919,11148.149334511929,4.024580089932624e+16,1770355526603427.0,1.7999021185185292e+16,1.3945091108905995e+17,162.2514647123669,0.1629044977085261,0.09017966398685005,83.7095502291474,2.9437749180942773e-05
thin_tail,500,8,250,50.0,50.0,131,100,0.0,908.0513046322426,11090.125478565142,3.903674252217995e+16,1675699365659998.2,1.751411576039017e+16,1.3612629053489822e+17,162.13274590847243,0.1584143481336555,0.08812618747306639,84.15856518663445,2.9898032371420412e-05
thin_tail,500,8,250,50.0,50.0,132,100,0.0,905.4558855135017,11038.86551036728,3.796522027334927e+16,1582017986374695.2,1.7331035853966978e+16,1.3053265036095266e+17,162.03325532137907,0.15480866161972595,0.085165029407715,84.51913383802741,2.9339340399019422e-05
thin_tail,500,8,250,50.0,50.0,133,100,0.0,903.20326566457,11024.076436624722,3.721456213803625e+16,1525693492592227.5,1.7279980785007528e+16,1.3407978109440435e+17,161.93828932152988,0.15139871132878224,0.08110750533525479,84.86012886712177,2.989376080222428e-05
thin_tail,500,8,250,50.0,50.0,134,100,0.0,900.8902764716213,10995.155952020417,3.655695684355982e+16,1526076284546931.0,1.6484738215934296e+16,1.340722699521826e+17,161.84428781953198,0.14801712975498582,0.07716144726143472,85.19828702450143,2.950064867036417e-05
thin_tail,500,8,250,50.0,50.0,135,100,0.0,898.2053120158662,10901.527217266155,3.566625331934086e+16,1489358124872809.0,1.5841360354622772e+16,1.2793186162922595e+17,161.748300818395,0.14465956187915602,0.07667356493391772,85.5340438120844,2.92149800225161e-05
thin_tail,500,8,250,50.0,50.0,136,100,0.0,895.5178052132968,10819.667785194511,3.4806226146556164e+16,1418605362175620.2,1.5741020347502244e+16,1.2437928193382518e+17,161.6484398962044,0.1415677648468701,0.0729973065255921,85.84322351531299,2.976105926791206e-05
thin_tail,500,8,250,50.0,50.0,137,100,0.0,892.8110284655739,10770.081581102411,3.389672792494357e+16,1389457730874833.5,1.54475819270951e+16,1.1868793401995709e+17,161.54447827205775,0.13843033172064986,0.0736511674957084,86.15696682793501,2.9340009496081622e-05
thin_tail,500,8,250,50.0,50.0,138,100,0.0,890.3357731018643,10666.341936756082,3.325012467826652e+16,1325279004489116.8,1.5235732137806786e+16,1.1904167472530029e+17,161.45016273315264,0.13544304661908066,0.07141050036101759,86.45569533809194,2.905571018345654e-05
thin_tail,500,8,250,50.0,50.0,139,100,0.0,887.7638421865211,10639.486171516373,3.2651440909574804e+16,1244526843968386.8,1.5045244432458768e+16,1.1635396794089173e+17,161.34469444850353,0.132261467579835,0.06798995201107479,86.7738532420165,2.9139499529264866e-05
thin_tail,500,8,250,50.0,50.0,140,100,0.0,885.1132001695305,10522.661328634269,3.198485176790674e+16,1208995550590003.5,1.4424341998881574e+16,1.1179794201448931e+17,161.2475165981481,0.12948379695205228,0.068571726659468,87.05162030479478,2.9653580277226866e-05
thin_tail,500,8,250,50.0,50.0,141,100,0.0,881.9690811902802,10447.437629756409,3.108405523310892e+16,1144052645957597.8,1.413616672944529e+16,1.0619723787579208e+17,161.12339861176818,0.12590402103258502,0.06598314804246906,87.4095978967415,2.896005054935813e-05
thin_tail,500,8,250,50.0,50.0,142,100,0.0,878.9985660693505,10389.69937353493,3.007092925711908e+16,1114951315295571.4,1.3545741177898744e+16,1.0303603694330952e+17,161.0087200106232,0.12248530921520748,0.07075438145145344,87.75146907847926,2.9608879704028368e-05
thin_tail,500,8,250,50.0,50.0,143,100,0.0,876.2565468902494,10311.834149088616,2.9371504519431428e+16,1058835334951400.0,1.3094392792285956e+16,1.0298874899645926e+17,160.89614054051165,0.11955263774679006,0.06699294351945374,88.04473622532099,2.93044003774412e-05
thin_tail,500,8,250,50.0,50.0,144,100,0.0,874.0683984194134,10263.370222566009,2.884611927698773e+16,1101775593007567.2,1.2873663122936552e+16,1.0346293077414792e+17,160.80810478956806,0.11743980635934552,0.06327562032670143,88.25601936406545,2.9659807332791387e-05
thin_tail,500,8,250,50.0,50.0,145,100,0.0,871.319606596508,10250.366356364208,2.7968814517829412e+16,1121066821708626.9,1.2556352246840316e+16,9.890910640758354e+16,160.69275769854548,0.11440769457906909,0.06177255324494901,88.55923054209308,2.9760439356323333e-05
thin_tail,500,8,250,50.0,50.0,146,100,0.0,868.1725683767665,10195.629418719716,2.7127151427685936e+16,1074324996445003.0,1.2048773281206252e+16,1.0104957839645536e+17,160.5691752504406,0.11130515385843509,0.05920820400591781,88.8694846141565,2.9359580075833946e-05
thin_tail,500,8,250,50.0,50.0,147,100,0.0,864.7608892438864,10135.186903951064,2.6437673735368924e+16,1021280499343098.6,1.155714175514908e+16,1.0918115454218448e+17,160.42749207700408,0.10778274221676964,0.056428911785432,89.22172577832303,3.0017371755093337e-05
thin_tail,500,8,250,50.0,50.0,148,100,0.0,861.6899388234008,10089.176874143348,2.5664232944650656e+16,969660213692720.9,1.1080018288154698e+16,1.0920630660418282e+17,160.30657963242572,0.10484939341554865,0.053960516743466115,89.51506065844512,3.09358088998124e-05
thin_tail,500,8,250,50.0,50.0,149,100,0.0,859.1441775505207,10044.146231908462,2.488174138400349e+16,945932816778930.1,1.0613194983586156e+16,1.0357832161337912e+17,160.20180888068842,0.10217410216877171,0.05231460036801777,89.78258978312282,2.9629900527652353e-05
thin_tail,500,8,250,50.0,50.0,150,100,0.0,856.6356063322266,9994.232226998605,2.4112910093240692e+16,933923069232511.2,1.0369354424838064e+16,1.0025751812539542e+17,160.10690005565323,0.10006033587308022,0.0511122230674074,89.99396641269198,2.961652062367648e-05
thin_tail,500,8,250,50.0,50.0,151,100,0.0,854.7034509245242,9950.029784830822,2.3690079002705372e+16,948427791345089.8,1.0200903720376044e+16,9.988732413538816e+16,160.0294320189333,0.098235716538583,0.048613114134162125,90.17642834614169,2.928755769971758e-05
thin_tail,500,8,250,50.0,50.0,152,100,0.0,851.7329843592263,9846.013877028054,2.312391696786481e+16,916604923694850.4,9745418908706284.0,9.617405872426906e+16,159.91628143880013,0.09561868670508397,0.048245078242651944,90.43813132949161,2.9182120342738927e-05
thin_tail,500,8,250,50.0,50.0,153,100,0.0,848.963968399898,9790.454076450587,2.24456446582594e+16,869935031352562.0,9665202006484108.0,9.17312961013633e+16,159.80511091168265,0.09316178690606997,0.04867962385963783,90.68382130939301,2.918842947110534e-05
thin_tail,500,8,250,50.0,50.0,154,100,0.0,845.9464596437443,9706.251922522224,2.187291394775105e+16,829786211543322.9,9526592607714040.0,9.055371273555475e+16,159.68663349780263,0.09074971360129895,0.046424501951666926,90.9250286398701,2.9263831384014337e-05
thin_tail,500,8,250,50.0,50.0,155,100,0.0,843.4509943030696,9631.191459363068,2.1374339563586704e+16,820486565679038.2,9311188252711524.0,8.824502177341818e+16,159.5864296305133,0.08877333306514096,0.04515569084099915,91.1226666934859,2.9347649251576514e-05
thin_tail,500,8,250,50.0,50.0,156,100,0.0,840.4054812001974,9575.736051013679,2.0692562292641348e+16,812936233215816.2,9144811713771876.0,8.413521997909525e+16,159.46160046223284,0.08620701764820814,0.04295504028985325,91.37929823517919,2.9205868777353317e-05
thin_tail,500,8,250,50.0,50.0,157,100,0.0,837.2286798115354,9485.780258669487,2.0193340240145292e+16,787142900976833.1,8938612702304703.0,8.721942661004477e+16,159.33509789552582,0.08373136757541239,0.0423699857279332,91.62686324245877,2.983236132422462e-05
thin_tail,500,8,250,50.0,50.0,158,100,0.0,834.4659897030452,9387.149910093658,1.9733916459013756e+16,756490647665644.2,8741234171947674.0,8.490203430478834e+16,159.22728972623875,0.08192302484165329,0.039970572632931745,91.80769751583468,2.907868940383196e-05
thin_tail,500,8,250,50.0,50.0,159,100,0.0,831.6327459849116,9299.483914936325,1.9246905895613716e+16,827555031486847.1,8385342013593420.0,8.44356140801011e+16,159.11423839244398,0.07979562310417626,0.038678489124869306,92.02043768958238,2.965769061120227e-05
thin_tail,500,8,250,50.0,50.0,160,100,0.0,828.8405531100195,9252.264668356582,1.8786283941585108e+16,809156168182684.6,8197795503676630.0,8.2140680745604e+16,158.9951851164172,0.07771314949578666,0.03819897350662373,92.22868505042133,2.938882913440466e-05
thin_tail,500,8,250,50.0,50.0,161,100,0.0,826.5735340082812,9229.508548818663,1.8383422140626536e+16,768797729814294.8,7949689009408219.0,7.77240217814021e+16,158.89481403406805,0.0759631353426322,0.037023829743566126,92.40368646573677,2.9311390535440295e-05
thin_tail,500,8,250,50.0,50.0,162,100,0.0,824.0844496013187,9169.400728621435,1.8070046667849524e+16,735531823189514.1,7825110816538212.0,7.64528861038323e+16,158.78868382713065,0.07418723185370753,0.03566872113299432,92.58127681462925,2.9613798833452165e-05
thin_tail,500,8,250,50.0,50.0,163,100,0.0,821.4531689232122,9139.857276304145,1.7564641267883432e+16,703966802738761.4,7633215779031856.0,7.287274370469541e+16,158.67081288595844,0.0721213627385531,0.03455967929695405,92.78786372614469,2.9793939320370554e-05
thin_tail,500,8,250,50.0,50.0,164,100,0.0,818.9239532854843,9098.16285538415,1.7186786334445274e+16,672915908557838.2,7876386006010536.0,7.048076941057767e+16,158.5584786670788,0.07026499769492504,0.0352299229338794,92.97350023050748,2.9294600244611503e-05
thin_tail,500,8,250,50.0,50.0,165,100,0.0,816.136699844675,9064.823190311978,1.6713295593412504e+16,638053182437542.8,7566475019601824.0,6.676624963845924e+16,158.4342687216041,0.06833936627245812,0.03419353216396745,93.16606337275418,2.94279697118327e-05
thin_tail,500,8,250,50.0,50.0,166,100,0.0,813.516730033866,9020.721366269085,1.624726083333174e+16,613446717099369.4,7681303969309030.0,6.626282446209685e+16,158.32329514920994,0.06658846552213496,0.034115272416293,93.34115344778651,2.940067875897512e-05
thin_tail,500,8,250,50.0,50.0,167,100,0.0,811.3687810741051,8939.080704398842,1.5973618210797382e+16,615179471636959.2,7572210010950112.0,6.6321232947325544e+16,158.24300754634686,0.06525497872345426,0.03425011587463653,93.47450212765457,2.9240130388643592e-05
thin_tail,500,8,250,50.0,50.0,168,100,0.0,808.6579601211674,8873.488617964558,1.5499283241138796e+16,584810158007234.4,7461604430500688.0,6.538093310675809e+16,158.12700961404548,0.06367902291807136,0.033586578871415564,93.63209770819287,2.927015913883224e-05
thin_tail,500,8,250,50.0,50.0,169,100,0.0,805.7748617839418,8866.87121733558,1.49738264895762e+16,555805533488591.5,7037377705246957.0,6.2799047387455624e+16,157.99815569034928,0.061806881330422,0.03269141308555453,93.81931186695779,2.916543046012521e-05
thin_tail,500,8,250,50.0,50.0,170,100,0.0,803.031858376795,8822.592951887476,1.4556608798313168e+16,528832868652615.1,6754076552830701.0,6.188270305275218e+16,157.87766415131446,0.0601507977730374,0.03136842447695739,93.98492022269626,2.944401960121468e-05
thin_tail,500,8,250,50.0,50.0,171,100,0.0,799.9031680453933,8767.904405059266,1.4101931674168524e+16,512930526346554.7,6533045823758939.0,6.0669236613373976e+16,157.7405162527506,0.05834528359434725,0.029975769564146205,94.16547164056529,2.91283120168373e-05
thin_tail,500,8,250,50.0,50.0,172,100,0.0,797.7425726670075,8705.153288019692,1.3820898733470728e+16,499849457876301.5,6422694875958915.0,5.879981297106801e+16,157.65043237780546,0.05720231167773829,0.02908034740274928,94.27976883222617,2.9181441059336068e-05
thin_tail,500,8,250,50.0,50.0,173,100,0.0,794.6292364721268,8651.149747812138,1.3392733567724232e+16,496860208702590.25,6214114882861877.0,5.758375769155897e+16,157.51400310525557,0.05546311064933349,0.028867897259363368,94.45368893506665,2.9367229435592888e-05
thin_tail,500,8,250,50.0,50.0,174,100,0.0,791.7556432861863,8555.432835713393,1.3020038361846372e+16,473925697457663.3,5951291835149808.0,5.708809617787687e+16,157.39539695849172,0.054047429672977015,0.0272447504326339,94.5952570327023,2.920169092249125e-05
thin_tail,500,8,250,50.0,50.0,175,100,0.0,789.4078307795663,8505.189276098745,1.2770649120599938e+16,445875358505647.75,5707054768087631.0,5.479902879760745e+16,157.29047471962383,0.052803700332913775,0.026248929706724853,94.71962996670862,2.9608869226649404e-05
thin_tail,500,8,250,50.0,50.0,176,100,0.0,786.9918692382706,8475.229219332336,1.2410029071577344e+16,443111439279426.2,5502960735816326.0,5.246133316179767e+16,157.18049196846633,0.05146363774294118,0.027001628034440606,94.85363622570588,2.935255120974034e-05
thin_tail,500,8,250,50.0,50.0,177,100,0.0,784.5199939745121,8436.888504405199,1.2173978959448374e+16,447960477088017.44,5264063331074718.0,5.070289547583034e+16,157.06472210780802,0.05002491538410694,0.026879514867211678,94.99750846158932,2.9763250786345452e-05
thin_tail,500,8,250,50.0,50.0,178,100,0.0,781.517821115092,8329.970993081963,1.1872700020326696e+16,441388148128807.94,5134063608258428.0,4.929974291371134e+16,156.94478688701213,0.048684181526939346,0.025736227796595696,95.13158184730607,2.9731827962677925e-05
thin_tail,500,8,250,50.0,50.0,179,100,0.0,778.4795784011554,8279.335067690594,1.1528462888192858e+16,448774178089201.9,4890559473834922.0,4.860424176368226e+16,156.81268008567469,0.04724708487289011,0.025060858161996658,95.275291512711,2.9789097898174077e-05
thin_tail,500,8,250,50.0,50.0,180,100,0.0,775.8393223569146,8195.40693708477,1.1203607718657258e+16,436694586102456.2,4718025974495858.0,4.6508787576724216e+16,156.70025986202378,0.04601002847275471,0.0241786486361179,95.39899715272453,2.934695134172216e-05
thin_tail,500,8,250,50.0,50.0,181,100,0.0,772.7078310182966,8131.526990155564,1.086396950930996e+16,411877104824004.44,4723135517856668.0,4.589656356709466e+16,156.5618854860188,0.04456980435828811,0.023001659069311207,95.54301956417119,2.954947791295126e-05
thin_tail,500,8,250,50.0,50.0,182,100,0.0,769.86464745416,8096.717295035362,1.0537927810906904e+16,400114914297074.56,4525611928065011.0,4.415671208044594e+16,156.42546258774405,0.043192156035770826,0.022055809624460302,95.68078439642291,2.923097141319886e-05
thin_tail,500,8,250,50.0,50.0,183,100,0.0,767.2280601262189,8080.426478936409,1.0259655050042096e+16,389714200492656.9,4455756174312777.0,4.269090568256652e+16,156.30102032048453,0.042004921921382075,0.021398338710128837,95.79950780786179,2.921920968219638e-05
thin_tail,500,8,250,50.0,50.0,184,100,0.0,764.569510301266,8045.653123720058,9971026853794358.0,376874092354685.25,4280619717375183.0,4.145810161332539e+16,156.17744749017191,0.040833645823564906,0.020910004288151176,95.9166354176435,2.9024970426689834e-05
thin_tail,500,8,250,50.0,50.0,185,100,0.0,761.9726266014686,7972.389440559869,9659116978413214.0,360397395826614.1,4078271648047113.0,4.016295165333728e+16,156.06851790297316,0.03988204998552861,0.020270040058265604,96.01179500144714,2.901177096646279e-05
thin_tail,500,8,250,50.0,50.0,186,100,0.0,758.9341304081147,7907.60485258326,9371614943268942.0,345592209307381.56,4003246743747969.0,4.039255722240491e+16,155.93499159351146,0.03870604625778219,0.01956314796811416,96.12939537422179,2.9155521187931298e-05
thin_tail,500,8,250,50.0,50.0,187,100,0.0,755.9571678289674,7836.52312969647,9051959955027380.0,339113728217529.75,3825120775540309.0,3.89294145169805e+16,155.8053689429508,0.03761393351851328,0.018919765005391623,96.23860664814868,2.9601182031910866e-05
thin_tail,500,8,250,50.0,50.0,188,100,0.0,753.37642164919,7773.080048348238,8820922639190388.0,329237671865639.7,3807933362566128.0,3.7184253464653736e+16,155.6905777376806,0.036595716836678296,0.018239414011120815,96.34042831633217,2.9526500147767363e-05
thin_tail,500,8,250,50.0,50.0,189,100,0.0,750.1842163632065,7743.651146816595,8544531480547315.0,311435320976575.1,3651486786611199.0,3.599423519962932e+16,155.53249654192948,0.0353446116242989,0.017399460895578533,96.46553883757011,2.9592049540951847e-05
thin_tail,500,8,250,50.0,50.0,190,100,0.0,747.4349928867916,7687.678660598581,8302363775477940.0,301650592935442.8,3475255638892864.0,3.454514788969624e+16,155.40204193430165,0.03427364034935246,0.016562303121885325,96.57263596506475,2.935188851552084e-05
thin_tail,500,8,250,50.0,50.0,191,100,0.0,744.9025487852066,7638.186849764119,8073948178338252.0,309360527411807.1,3427460135290498.0,3.2747764261982416e+16,155.28400107767808,0.033384915878736585,0.016873130886996403,96.66150841212635,2.9532682965509594e-05
thin_tail,500,8,250,50.0,50.0,192,100,0.0,741.8136390869341,7582.409268593606,7807662091466387.0,301976829770135.94,3303438466282046.0,3.324300214366574e+16,155.14024593860407,0.03227976985040939,0.016555328889418845,96.77202301495907,2.999015967361629e-05
thin_tail,500,8,250,50.0,50.0,193,100,0.0,738.7786454430312,7549.262227047189,7597693565601405.0,288189225394475.9,3164628501543997.5,3.156445025043652e+16,154.9927328081989,0.03118149500365792,0.015824928347258255,96.8818504996342,2.966468076920137e-05
thin_tail,500,8,250,50.0,50.0,194,100,0.0,735.9265751514469,7475.844488013353,7369750525423896.0,284711132930442.56,3008272916133515.0,3.028951706816329e+16,154.862454766434,0.03032078195191882,0.015500644980542289,96.96792180480811,2.9766008956357838e-05
thin_tail,500,8,250,50.0,50.0,195,100,0.0,733.4188106073109,7417.7471713258365,7209510967545581.0,285733180922880.6,2933789120661042.0,2.8956665371987016e+16,154.7417859994258,0.029519050010832576,0.014565678909796771,97.04809499891675,2.9440530634019525e-05
thin_tail,500,8,250,50.0,50.0,196,100,0.0,730.2500922683539,7356.935071967294,6968245564065519.0,271677421356999.8,3017887971642356.0,2.742238545971064e+16,154.59299361054306,0.028579864997723088,0.01442757259863493,97.14201350022769,2.9442631639540195e-05
thin_tail,500,8,250,50.0,50.0,197,100,0.0,727.6843523622646,7298.0433135336825,6756062225668992.0,276076247664255.94,2918865726542030.0,2.7521272750046064e+16,154.47965006241745,0.02783395122277831,0.01400556177341622,97.21660487772216,2.955851989099756e-05
thin_tail,500,8,250,50.0,50.0,198,100,0.0,724.8093324179275,7254.006975538706,6516732308741852.0,274410907267738.88,2862489965317314.0,2.6423359751280876e+16,154.3468624181149,0.027005411119114496,0.013015277335069431,97.29945888808855,2.9102482076268644e-05
thin_tail,500,8,250,50.0,50.0,199,100,0.0,721.88635246611,7183.263867516525,6292224087710568.0,271533438565110.72,2817504767926157.0,2.5060111829000108e+16,154.20896626172112,0.026156979332236485,0.013080668629558288,97.38430206677634,2.9186308674979956e-05
thin_tail,500,8,250,50.0,50.0,200,100,0.0,718.9255883543902,7134.334025173996,6088095396425473.0,257235920545633.6,2736719005768720.5,2.419763656525437e+16,154.06263210572482,0.025306038656953345,0.012374424819199543,97.46939613430466,2.9673110402654858e-05
thin_tail,500,8,250,50.0,50.0,201,100,0.0,716.1657426328201,7077.940300581074,5903490877966587.0,243734451278847.8,2667584915502693.0,2.363904986286312e+16,153.93388235522568,0.024547374868134613,0.012348693888395908,97.54526251318653,2.9295290005393326e-05
thin_tail,500,8,250,50.0,50.0,202,100,0.0,713.5586627284123,7048.010327862596,5733137588362355.0,241389286856448.7,2609474996782012.0,2.2518637057996076e+16,153.80066609043607,0.023804214078214706,0.011831756657932667,97.61957859217853,2.956614800496027e-05
thin_tail,500,8,250,50.0,50.0,203,100,0.0,710.600495640639,6979.133586373422,5542542960561288.0,232047551698726.44,2523436362888408.0,2.15012968293477e+16,153.6585789978373,0.023081119986400275,0.011517253827982236,97.69188800135997,2.9191820067353548e-05
thin_tail,500,8,250,50.0,50.0,204,100,0.0,707.4574167136342,6934.683142617916,5339371386622929.0,219511457963395.0,2441260235694575.0,2.033714584563389e+16,153.50447754845703,0.02229906996254956,0.010862207135934433,97.77009300374505,2.9279230220708994e-05
thin_tail,500,8,250,50.0,50.0,205,100,0.0,705.0944711172474,6914.1752611339325,5263055661940935.0,210081388834362.06,2470048389739776.0,2.0337405736739264e+16,153.3798508927822,0.021689455159892637,0.010258916303352312,97.83105448401074,2.9341370100155474e-05
thin_tail,500,8,250,50.0,50.0,206,100,0.0,702.623861533589,6872.9552490888,5081344268393906.0,215434241401398.47,2362177481262029.0,2.020879758024735e+16,153.26074116392618,0.021078684775972918,0.01008726252374711,97.8921315224027,2.986445208080113e-05
thin_tail,500,8,250,50.0,50.0,207,100,0.0,699.5299336383301,6809.891699743136,4888380707449784.0,203120108827694.66,2284361475364370.0,1.907461587340257e+16,153.11062442334594,0.020347888541807503,0.00986845831775068,97.96521114581925,2.9860961658414452e-05
thin_tail,500,8,250,50.0,50.0,208,100,0.0,696.6410437973266,6760.191226445183,4766504381464070.0,193009093896029.84,2245349156852312.0,1.8160590353073436e+16,152.9666328660055,0.019691391086278973,0.009814651361883869,98.0308608913721,2.9845669050700963e-05
thin_tail,500,8,250,50.0,50.0,209,100,0.0,694.0397746371193,6687.816820903353,4627247142699175.0,184641472584620.94,2174080766742843.5,1.7367822658125328e+16,152.84390839777595,0.01916234026051465,0.009389803901967362,98.08376597394854,3.010900050867349e-05
thin_tail,500,8,250,50.0,50.0,210,100,0.0,691.0546501168795,6597.109389115132,4486880210273198.0,175057941828772.8,2088834721328660.8,1.6433121650703136e+16,152.706909841244,0.018569611249349895,0.008871566859702366,98.14303887506502,2.9541070107370613e-05
thin_tail,500,8,250,50.0,50.0,211,100,0.0,688.0397460607419,6561.580491452317,4333802691610779.5,172507825006295.94,2074943481543106.0,1.6016213111249086e+16,152.55851980617442,0.017962411594446594,0.00839201720661202,98.20375884055535,2.9751978872809558e-05
thin_tail,500,8,250,50.0,50.0,212,100,0.0,685.5962471391592,6540.091856664636,4228185679452854.0,164370695262376.6,2003559906346891.5,1.5258008514521412e+16,152.4274492630071,0.017433411671468196,0.007989751640510858,98.25665883285318,2.9347710951697083e-05
thin_tail,500,8,250,50.0,50.0,213,100,0.0,682.8952939622446,6474.871848925999,4104203138812478.5,162375786262157.9,2012224035502013.0,1.5242235497324042e+16,152.29664167297338,0.016933276730657608,0.00837342713131739,98.30667232693423,2.9288281220942737e-05
thin_tail,500,8,250,50.0,50.0,214,100,0.0,679.9568489926965,6409.927280598143,3958835634883316.5,152798258785871.53,1916618952761854.0,1.462623517138157e+16,152.15580786286785,0.016381220865536533,0.007972839429858295,98.36187791344635,2.9166730819270014e-05
thin_tail,500,8,250,50.0,50.0,215,100,0.0,677.011728890288,6354.305681494476,3819899134039162.0,148122883750600.4,1931978004244020.0,1.4086223362493026e+16,152.00691398524893,0.01582050802038588,0.007585789126895999,98.4179491979614,2.9349090182222428e-05
thin_tail,500,8,250,50.0,50.0,216,100,0.0,674.2167008204855,6311.516588507595,3698750779507577.5,142793810628655.44,1877736539508665.0,1.367805332990096e+16,151.8605249824247,0.015264196889250656,0.007471201830356277,98.47358031107493,2.938956895377487e-05
thin_tail,500,8,250,50.0,50.0,217,100,0.0,671.1981340068135,6269.373188830862,3561560115240579.0,137710226138129.55,1804922929804897.0,1.2985951762137744e+16,151.71077658954044,0.014755828427237596,0.007246543584323979,98.52441715727623,2.898935170378536e-05
thin_tail,500,8,250,50.0,50.0,218,100,0.0,668.185869009647,6236.965526034576,3455630003092548.5,129658741776515.69,1765276878358166.8,1.2297773747803764e+16,151.54878205146898,0.014214467577691944,0.006956838379439362,98.57855324223081,2.9424480744637548e-05
thin_tail,500,8,250,50.0,50.0,219,100,0.0,664.99603771433,6182.504874721594,3322558010556627.0,133901691986702.42,1693627871457927.8,1.172500860218932e+16,151.3903702978744,0.013719933320679523,0.006772001088937731,98.62800666793204,2.9320391768123954e-05
thin_tail,500,8,250,50.0,50.0,220,100,0.0,661.8908154362465,6120.620107207302,3210044357213305.5,127899116139100.0,1603473254233610.0,1.1432834224176048e+16,151.22625121971797,0.013193364182483293,0.006452034720436986,98.68066358175167,2.9895960178691894e-05
thin_tail,500,8,250,50.0,50.0,221,100,0.0,658.7678015941135,6084.608763469582,3085506111681822.5,121133345738863.11,1507706846539711.0,1.0922873558905118e+16,151.0587519647565,0.012678490300909298,0.006106633844629696,98.73215096990907,3.07263174909167e-05
thin_tail,500,8,250,50.0,50.0,222,100,0.0,656.1225505024944,6046.57466259701,2984943211080422.5,115541415795527.19,1448308129790458.5,1.0333236032472452e+16,150.91421786850435,0.012273684721126143,0.005990366459744233,98.77263152788738,2.9460788937285542e-05
thin_tail,500,8,250,50.0,50.0,223,100,0.0,653.2670589567144,5989.547032187309,2878791001246661.0,111184847704180.52,1377812393632131.5,9810942911259852.0,150.76423044484807,0.011837890164532707,0.0056893282086371575,98.81621098354674,2.980016899527982e-05
thin_tail,500,8,250,50.0,50.0,224,100,0.0,650.529206196441,5915.168374268592,2790399795100061.5,110116350945840.84,1367186859759683.5,9690250882898718.0,150.6236191174388,0.011488482309057057,0.0054247421221336935,98.85115176909429,2.9471249436028303e-05
thin_tail,500,8,250,50.0,50.0,225,100,0.0,647.4853691060238,5866.661169833207,2696606928328390.5,106484668786237.58,1295103785714893.5,9447202681952598.0,150.45898626260617,0.011078051331967325,0.005209057537972629,98.89219486680328,2.9883290408179165e-05
thin_tail,500,8,250,50.0,50.0,226,100,0.0,644.6470090751013,5799.094646091134,2602943325196814.5,101568628692896.39,1305687013818634.2,9108173566964560.0,150.31438049443705,0.010704521041322655,0.004927580346644009,98.92954789586773,2.9600459965877237e-05
thin_tail,500,8,250,50.0,50.0,227,100,0.0,641.8584073653914,5761.655872061261,2519851516495392.5,99636218785105.14,1254987320183360.0,8586691003787045.0,150.1580696625108,0.01031923899865401,0.004715211775406938,98.96807610013461,2.9641041473951192e-05
thin_tail,500,8,250,50.0,50.0,228,100,0.0,638.595970295673,5672.611538711105,2427097197967910.0,98535439660063.48,1199808810658420.5,8484345928002382.0,149.98453258725587,0.009912428965277291,0.0044248263409209345,99.00875710347228,2.933792886324227e-05
thin_tail,500,8,250,50.0,50.0,229,100,0.0,635.3468764349329,5614.298943886929,2328732886224878.0,95217181696287.55,1159506623895254.8,8171683512708402.0,149.81319712843066,0.009531594579095309,0.004321607614993526,99.04684054209046,2.913322008680552e-05
thin_tail,500,8,250,50.0,50.0,230,100,0.0,631.9532208005216,5536.286126668834,2233692838231455.8,90419902720177.19,1099285968180203.5,7741818696187874.0,149.63612404504403,0.009143031676496445,0.004120854361224787,99.08569683235035,2.947889035567641e-05
thin_tail,500,8,250,50.0,50.0,231,100,0.0,629.0275613055775,5478.159230833177,2150623077745305.2,88020610556054.88,1062234124993367.5,7563645977804589.0,149.48079431522407,0.008821124582392674,0.0039188001730543045,99.11788754176074,2.939303987659514e-05
thin_tail,500,8,250,50.0,50.0,232,100,0.0,625.847824460556,5424.800353902542,2067699662488075.0,84942930001232.31,1023564989598222.2,7199433321766993.0,149.30582015772927,0.008489562833521034,0.0036876682461021914,99.15104371664789,2.9333690763451157e-05
thin_tail,500,8,250,50.0,50.0,233,100,0.0,623.2035983651964,5378.775752373727,1990965112417267.5,83047142638889.78,976772312390176.0,7296215130375944.0,149.161988095592,0.008206104589026385,0.0037717815718684533,99.17938954109735,2.91423118324019e-05
thin_tail,500,8,250,50.0,50.0,234,100,0.0,620.1414207751553,5332.279446081087,1909603818107887.0,79506995760743.98,943597586741338.8,6979021297246207.0,148.9896086385399,0.007883775449116394,0.003638789675605635,99.21162245508836,2.96862906543538e-05
thin_tail,500,8,250,50.0,50.0,235,100,0.0,617.1377525256328,5299.820979841633,1829489794562900.2,75085867954115.62,908252611399198.8,6635764205925701.0,148.82313371927103,0.00758464606081099,0.003487273896272308,99.2415353939189,2.9710221278946848e-05
thin_tail,500,8,250,50.0,50.0,236,100,0.0,613.8936492218442,5229.509631066106,1762514108352672.0,73575937427274.19,889111004529487.4,6482650634314082.0,148.64659387664534,0.007289190868040256,0.0033175325499424212,99.27108091319596,2.9842870426364242e-05
thin_tail,500,8,250,50.0,50.0,237,100,0.0,610.7384604265087,5204.861888344546,1687318240313108.5,69778175716182.49,846001867199950.5,6157725577382316.0,148.46260800697985,0.006977823086233224,0.0031035249791363235,99.30221769137668,2.973177150124684e-05
thin_tail,500,8,250,50.0,50.0,238,100,0.0,607.4556241199333,5151.852255096977,1617265842758657.0,66037948222748.984,790172524715708.2,5910148735908975.0,148.27639032474983,0.006690357502228888,0.0030780886027048813,99.33096424977711,2.9681558080483226e-05
thin_tail,500,8,250,50.0,50.0,239,100,0.0,604.4218764244796,5102.632596205414,1552662772521161.0,63179563686241.06,750065652241959.0,5651057520575717.0,148.10141377906712,0.006419273192517344,0.002888784775074418,99.35807268074826,2.947479923022911e-05
thin_tail,500,8,250,50.0,50.0,240,100,0.0,600.8229573962333,5007.979681952095,1484898235220359.8,64675423630997.02,716949050788878.1,5437805353478126.0,147.90935948130212,0.006136292598996815,0.0027434417109259038,99.38637074010032,2.943354978924617e-05
thin_tail,500,8,250,50.0,50.0,241,100,0.0,597.5755084190712,4924.5938114948485,1417864209039533.0,60417613125538.7,688224600355877.9,5126049780379778.0,147.73090452698113,0.005884713965957763,0.0026345904520597304,99.41152860340422,2.943354891613126e-05
thin_tail,500,8,250,50.0,50.0,242,100,0.0,594.2063136218881,4890.937027622416,1348979889151186.2,56636181539030.805,655106637187739.0,4971048600431907.0,147.5315593926004,0.005622203536920397,0.002574954078260659,99.43777964630796,2.9147208551876246e-05
thin_tail,500,8,250,50.0,50.0,243,100,0.0,590.6817078252911,4831.878010986283,1285598519387385.5,53461723704691.43,622852181847827.2,4774684127208805.0,147.32858574040054,0.005367681537751368,0.0024451241288764893,99.46323184622486,2.9296620923560112e-05
thin_tail,500,8,250,50.0,50.0,244,100,0.0,587.4044075862167,4784.699436058478,1225924056911874.0,50284177998016.34,589067660851293.5,4449380660835928.5,147.13387329801787,0.005124708501971818,0.0023872457302271553,99.48752914980281,2.8957250178791584e-05
thin_tail,500,8,250,50.0,50.0,245,100,0.0,584.2775462107458,4748.004714383182,1171472013921625.2,47691701063545.72,582937076911939.8,4262659312844606.5,146.95055095363324,0.004908055829938212,0.002316684201508114,99.50919441700619,2.94419308193028e-05
thin_tail,500,8,250,50.0,50.0,246,100,0.0,580.7659706967971,4686.088596836882,1118596904761870.5,45017901893677.52,567442640179634.2,3986021817886681.0,146.74629270651872,0.004679168884530398,0.002146179411660306,99.53208311154697,2.9290411912370474e-05
thin_tail,500,8,250,50.0,50.0,247,100,0.0,577.6916136403299,4672.270296206579,1075987227942769.2,42418589212731.93,531523742735522.4,3758040231286311.5,146.55302806102335,0.004474136619110867,0.0020641956125056825,99.55258633808891,2.9376229213085027e-05
thin_tail,500,8,250,50.0,50.0,248,100,0.0,573.9946110099953,4636.524771044695,1020656306607449.2,40585471598898.78,512544027928993.4,3567407523568531.5,146.32485456737274,0.0042473442821454556,0.0019496308902269242,99.57526557178545,2.9505540151149035e-05
thin_tail,500,8,250,50.0,50.0,249,100,0.0,570.4518411863344,4587.4306025251,974078380931707.5,39534870820103.14,484434634056348.3,3440607192727071.5,146.1086627116911,0.004043011134756533,0.0018857800899369735,99.59569888652435,2.9380499327089638e-05
thin_tail,500,8,250,50.0,50.0,250,100,0.0,566.4960688184339,4498.917890745139,927327207751910.5,36866922407695.05,457125014742184.5,3243025679680633.5,145.8727514139694,0.0038300608123862222,0.0017372719490158462,99.61699391876138,2.9358821047935636e-05
