target_obj,exact_objective,sample,seed,N,L,K,algorithm,active_count,valid,u_bf,u_i,u_g,meets_bf_floor,meets_interference_ceiling,objective_gap_pct,subset,elapsed_seconds,enumeration_seconds,gurobi_model_seconds,direct_scan_seconds,target_metric,target_direction,target_value,candidate_count
bf,bf,0,42,18,4,9,Gurobi-BF,9,True,19.542943316120343,107.11915835292723,160.03886749010238,True,True,0.0,1 3 4 5 10 11 12 13 15,4.808675300038885,3.569397500017658,1.2392778000212274,0.02472479999414645,u_bf,max,19.542943316120343,48620
bf,bf,0,42,18,4,9,Gurobi-Int,9,True,8.475316997340279,2.3339682848766863,78.00280714314489,True,True,56.63234109496054,1 2 4 6 7 8 9 10 13,4.341916100005619,3.569397500017658,0.7725185999879614,0.02296319999732077,u_bf,max,8.475316997340279,48620
bf,bf,0,42,18,4,9,Gurobi-Gen,9,True,15.166587198403537,19.985939088955206,307.0653768201428,True,True,22.393536362083655,3 7 9 11 12 13 15 16 17,4.284418000024743,3.569397500017658,0.7150205000070855,0.021309100004145876,u_bf,max,15.166587198403537,48620
bf,bf,0,42,18,4,9,H1,9,True,16.141245386083206,36.93971753570729,251.73631544023903,True,True,17.406272305109674,0 3 5 7 9 11 12 13 15,0.0005882999976165593,,,,u_bf,max,16.141245386083206,48620
bf,bf,0,42,18,4,9,H2,9,True,9.65413120251897,3.4007105503002677,115.8678972922276,True,True,50.6004236600554,1 4 6 7 9 12 13 14 16,0.0009106000070460141,,,,u_bf,max,9.65413120251897,48620
bf,bf,0,42,18,4,9,Coutino,9,True,15.166587198403537,19.985939088955206,307.0653768201428,True,True,22.393536362083655,3 7 9 11 12 13 15 16 17,0.0012679999927058816,,,,u_bf,max,15.166587198403537,48620
bf,bf,0,42,18,4,9,MISO-EE,9,True,15.166587198403537,19.985939088955206,307.0653768201428,True,True,22.393536362083655,3 7 9 11 12 13 15 16 17,0.0025124999810941517,,,,u_bf,max,15.166587198403537,48620
bf,bf,0,42,18,4,9,Pareto-H2,9,True,9.65413120251897,3.4007105503002677,115.8678972922276,True,True,50.6004236600554,1 4 6 7 9 12 13 14 16,0.0025867999938782305,,,,u_bf,max,9.65413120251897,48620
bf,bf,0,42,18,4,9,H3-threshold-BF,9,True,17.259571976452683,43.75682344628309,302.724575772539,True,True,11.683866154307374,3 5 7 9 11 12 13 15 16,0.0006194000015966594,,,,u_bf,max,17.259571976452683,48620
bf,bf,0,42,18,4,9,H3-threshold-Int,9,True,9.65413120251897,3.4007105503002677,115.8678972922276,True,True,50.6004236600554,1 4 6 7 9 12 13 14 16,0.0018376999942120165,,,,u_bf,max,9.65413120251897,48620
bf,bf,0,42,18,4,9,H3-threshold-Gen,9,True,17.259571976452683,43.75682344628309,302.724575772539,True,True,11.683866154307374,3 5 7 9 11 12 13 15 16,0.0035000000207219273,,,,u_bf,max,17.259571976452683,48620
bf,bf,0,42,18,4,9,Frame-BF,9,True,19.542943316120343,107.11915835292723,160.03886749010238,True,True,0.0,1 3 4 5 10 11 12 13 15,0.042420599987963215,,,,u_bf,max,19.542943316120343,48620
bf,bf,0,42,18,4,9,Frame-Int,9,True,8.475316997340279,2.3339682848766863,78.00280714314489,True,True,56.63234109496054,1 2 4 6 7 8 9 10 13,0.02808670001104474,,,,u_bf,max,8.475316997340279,48620
bf,bf,0,42,18,4,9,Frame-Gen,9,True,15.166587198403537,19.985939088955206,307.0653768201428,True,True,22.393536362083655,3 7 9 11 12 13 15 16 17,0.047183899994706735,,,,u_bf,max,15.166587198403537,48620
bf,bf,0,42,18,4,9,H3-Fast,9,True,8.782581038576158,3.519082082871492,53.97317948742462,True,True,55.06009050677802,1 2 4 5 6 7 8 14 16,0.0011873000185005367,,,,u_bf,max,8.782581038576158,48620
int,interference,0,42,18,4,9,Gurobi-BF,9,True,19.542943316120343,107.11915835292723,160.03886749010238,True,True,4489.572148303069,1 3 4 5 10 11 12 13 15,4.808675300038885,3.569397500017658,1.2392778000212274,0.02472479999414645,u_i,min,107.11915835292723,48620
int,interference,0,42,18,4,9,Gurobi-Int,9,True,8.475316997340279,2.3339682848766863,78.00280714314489,True,True,0.0,1 2 4 6 7 8 9 10 13,4.341916100005619,3.569397500017658,0.7725185999879614,0.02296319999732077,u_i,min,2.3339682848766863,48620
int,interference,0,42,18,4,9,Gurobi-Gen,9,True,15.166587198403537,19.985939088955206,307.0653768201428,True,True,756.3072265573287,3 7 9 11 12 13 15 16 17,4.284418000024743,3.569397500017658,0.7150205000070855,0.021309100004145876,u_i,min,19.985939088955206,48620
int,interference,0,42,18,4,9,H1,9,True,16.141245386083206,36.93971753570729,251.73631544023903,True,True,1482.7000638810725,0 3 5 7 9 11 12 13 15,0.0009000000136438757,,,,u_i,min,36.93971753570729,48620
int,interference,0,42,18,4,9,H2,9,True,9.65413120251897,3.4007105503002677,115.8678972922276,True,True,45.70508829685927,1 4 6 7 9 12 13 14 16,0.0008919000101741403,,,,u_i,min,3.4007105503002677,48620
int,interference,0,42,18,4,9,Coutino,9,True,15.166587198403537,19.985939088955206,307.0653768201428,True,True,756.3072265573287,3 7 9 11 12 13 15 16 17,0.0011075999937020242,,,,u_i,min,19.985939088955206,48620
int,interference,0,42,18,4,9,MISO-EE,9,True,15.166587198403537,19.985939088955206,307.0653768201428,True,True,756.3072265573287,3 7 9 11 12 13 15 16 17,0.002788799989502877,,,,u_i,min,19.985939088955206,48620
int,interference,0,42,18,4,9,Pareto-H2,9,True,9.65413120251897,3.4007105503002677,115.8678972922276,True,True,45.70508829685927,1 4 6 7 9 12 13 14 16,0.0024579999735578895,,,,u_i,min,3.4007105503002677,48620
int,interference,0,42,18,4,9,H3-threshold-BF,9,True,17.259571976452683,43.75682344628309,302.724575772539,True,True,1774.7822637442118,3 5 7 9 11 12 13 15 16,0.0005711999838240445,,,,u_i,min,43.75682344628309,48620
int,interference,0,42,18,4,9,H3-threshold-Int,9,True,9.65413120251897,3.4007105503002677,115.8678972922276,True,True,45.70508829685927,1 4 6 7 9 12 13 14 16,0.0019389000080991536,,,,u_i,min,3.4007105503002677,48620
int,interference,0,42,18,4,9,H3-threshold-Gen,9,True,17.259571976452683,43.75682344628309,302.724575772539,True,True,1774.7822637442118,3 5 7 9 11 12 13 15 16,0.00394110000343062,,,,u_i,min,43.75682344628309,48620
int,interference,0,42,18,4,9,Frame-BF,9,True,19.542943316120343,107.11915835292723,160.03886749010238,True,True,4489.572148303069,1 3 4 5 10 11 12 13 15,0.03729889998794533,,,,u_i,min,107.11915835292723,48620
int,interference,0,42,18,4,9,Frame-Int,9,True,8.475316997340279,2.3339682848766863,78.00280714314489,True,True,0.0,1 2 4 6 7 8 9 10 13,0.02816660000826232,,,,u_i,min,2.3339682848766863,48620
int,interference,0,42,18,4,9,Frame-Gen,9,True,15.166587198403537,19.985939088955206,307.0653768201428,True,True,756.3072265573287,3 7 9 11 12 13 15 16 17,0.0473311000096146,,,,u_i,min,19.985939088955206,48620
int,interference,0,42,18,4,9,H3-Fast,9,True,8.782581038576158,3.519082082871492,53.97317948742462,True,True,50.776773860807644,1 2 4 5 6 7 8 14 16,0.0011519999825395644,,,,u_i,min,3.519082082871492,48620
gen,general,0,42,18,4,9,Gurobi-BF,9,True,19.542943316120343,107.11915835292723,160.03886749010238,True,True,47.88117463863669,1 3 4 5 10 11 12 13 15,4.808675300038885,3.569397500017658,1.2392778000212274,0.02472479999414645,u_g,max,160.03886749010238,48620
gen,general,0,42,18,4,9,Gurobi-Int,9,True,8.475316997340279,2.3339682848766863,78.00280714314489,True,True,74.5973290929399,1 2 4 6 7 8 9 10 13,4.341916100005619,3.569397500017658,0.7725185999879614,0.02296319999732077,u_g,max,78.00280714314489,48620
gen,general,0,42,18,4,9,Gurobi-Gen,9,True,15.166587198403537,19.985939088955206,307.0653768201428,True,True,0.0,3 7 9 11 12 13 15 16 17,4.284418000024743,3.569397500017658,0.7150205000070855,0.021309100004145876,u_g,max,307.0653768201428,48620
gen,general,0,42,18,4,9,H1,9,True,16.141245386083206,36.93971753570729,251.73631544023903,True,True,18.01865842149687,0 3 5 7 9 11 12 13 15,0.0004883000219706446,,,,u_g,max,251.73631544023903,48620
gen,general,0,42,18,4,9,H2,9,True,9.65413120251897,3.4007105503002677,115.8678972922276,True,True,62.26604949990997,1 4 6 7 9 12 13 14 16,0.0008568000048398972,,,,u_g,max,115.8678972922276,48620
gen,general,0,42,18,4,9,Coutino,9,True,15.166587198403537,19.985939088955206,307.0653768201428,True,True,0.0,3 7 9 11 12 13 15 16 17,0.0010851999977603555,,,,u_g,max,307.0653768201428,48620
gen,general,0,42,18,4,9,MISO-EE,9,True,15.166587198403537,19.985939088955206,307.0653768201428,True,True,0.0,3 7 9 11 12 13 15 16 17,0.0023683999897912145,,,,u_g,max,307.0653768201428,48620
gen,general,0,42,18,4,9,Pareto-H2,9,True,9.65413120251897,3.4007105503002677,115.8678972922276,True,True,62.26604949990997,1 4 6 7 9 12 13 14 16,0.002438399998936802,,,,u_g,max,115.8678972922276,48620
gen,general,0,42,18,4,9,H3-threshold-BF,9,True,17.259571976452683,43.75682344628309,302.724575772539,True,True,1.4136406691485386,3 5 7 9 11 12 13 15 16,0.0007405999931506813,,,,u_g,max,302.724575772539,48620
gen,general,0,42,18,4,9,H3-threshold-Int,9,True,9.65413120251897,3.4007105503002677,115.8678972922276,True,True,62.26604949990997,1 4 6 7 9 12 13 14 16,0.0017378000193275511,,,,u_g,max,115.8678972922276,48620
gen,general,0,42,18,4,9,H3-threshold-Gen,9,True,17.259571976452683,43.75682344628309,302.724575772539,True,True,1.4136406691485386,3 5 7 9 11 12 13 15 16,0.0029577999957837164,,,,u_g,max,302.724575772539,48620
gen,general,0,42,18,4,9,Frame-BF,9,True,19.542943316120343,107.11915835292723,160.03886749010238,True,True,47.88117463863669,1 3 4 5 10 11 12 13 15,0.03785620001144707,,,,u_g,max,160.03886749010238,48620
gen,general,0,42,18,4,9,Frame-Int,9,True,8.475316997340279,2.3339682848766863,78.00280714314489,True,True,74.5973290929399,1 2 4 6 7 8 9 10 13,0.027609000011580065,,,,u_g,max,78.00280714314489,48620
gen,general,0,42,18,4,9,Frame-Gen,9,True,15.166587198403537,19.985939088955206,307.0653768201428,True,True,0.0,3 7 9 11 12 13 15 16 17,0.047185499977786094,,,,u_g,max,307.0653768201428,48620
gen,general,0,42,18,4,9,H3-Fast,9,True,8.782581038576158,3.519082082871492,53.97317948742462,True,True,82.42290288590944,1 2 4 5 6 7 8 14 16,0.0011199000000488013,,,,u_g,max,53.97317948742462,48620
bf,bf,1,43,18,4,9,Gurobi-BF,9,True,18.46793389341031,103.8419000733545,177.8316193197471,True,True,0.0,0 1 3 7 8 9 10 12 16,3.9093333999917377,3.22319210000569,0.6861412999860477,0.021414599992567673,u_bf,max,18.46793389341031,48620
bf,bf,1,43,18,4,9,Gurobi-Int,9,True,5.757734782296783,0.6502092012394378,31.09272285756875,True,True,68.82307021712242,2 4 6 7 8 14 15 16 17,3.922709100006614,3.22319210000569,0.6995170000009239,0.022295500006293878,u_bf,max,5.757734782296783,48620
bf,bf,1,43,18,4,9,Gurobi-Gen,9,True,17.13199573014188,72.53764981762062,201.9294412289755,True,True,7.233825781372961,1 3 4 7 8 9 10 12 16,3.9405716999899596,3.22319210000569,0.7173795999842696,0.02050390001386404,u_bf,max,17.13199573014188,48620
bf,bf,1,43,18,4,9,H1,9,True,17.99623130744,100.9971326706736,186.33234631416806,True,True,2.554170860112428,0 3 4 7 8 9 10 12 16,0.0005211999814491719,,,,u_bf,max,17.99623130744,48620
bf,bf,1,43,18,4,9,H2,9,True,6.261986196632522,0.6588548156929228,36.16175223095645,True,True,66.09265425805476,4 5 6 7 8 14 15 16 17,0.0009083999902941287,,,,u_bf,max,6.261986196632522,48620
bf,bf,1,43,18,4,9,Coutino,9,True,17.13199573014188,72.53764981762062,201.9294412289755,True,True,7.233825781372961,1 3 4 7 8 9 10 12 16,0.0010772999958135188,,,,u_bf,max,17.13199573014188,48620
bf,bf,1,43,18,4,9,MISO-EE,9,True,17.13199573014188,72.53764981762062,201.9294412289755,True,True,7.233825781372961,1 3 4 7 8 9 10 12 16,0.002359800011618063,,,,u_bf,max,17.13199573014188,48620
bf,bf,1,43,18,4,9,Pareto-H2,9,True,6.261986196632522,0.6588548156929228,36.16175223095645,True,True,66.09265425805476,4 5 6 7 8 14 15 16 17,0.0026279000157956034,,,,u_bf,max,6.261986196632522,48620
bf,bf,1,43,18,4,9,H3-threshold-BF,9,True,17.99623130744,100.9971326706736,186.33234631416806,True,True,2.554170860112428,0 3 4 7 8 9 10 12 16,0.0005737000028602779,,,,u_bf,max,17.99623130744,48620
bf,bf,1,43,18,4,9,H3-threshold-Int,9,True,6.261986196632522,0.6588548156929228,36.16175223095645,True,True,66.09265425805476,4 5 6 7 8 14 15 16 17,0.0016475000011269003,,,,u_bf,max,6.261986196632522,48620
bf,bf,1,43,18,4,9,H3-threshold-Gen,9,True,17.99623130744,100.9971326706736,186.33234631416806,True,True,2.554170860112428,0 3 4 7 8 9 10 12 16,0.002955700008897111,,,,u_bf,max,17.99623130744,48620
bf,bf,1,43,18,4,9,Frame-BF,9,True,18.46793389341031,103.8419000733545,177.8316193197471,True,True,0.0,0 1 3 7 8 9 10 12 16,0.03388309999718331,,,,u_bf,max,18.46793389341031,48620
bf,bf,1,43,18,4,9,Frame-Int,9,True,5.757734782296783,0.6502092012394378,31.09272285756875,True,True,68.82307021712242,2 4 6 7 8 14 15 16 17,0.030614799994509667,,,,u_bf,max,5.757734782296783,48620
bf,bf,1,43,18,4,9,Frame-Gen,9,True,17.13199573014188,72.53764981762062,201.9294412289755,True,True,7.233825781372961,1 3 4 7 8 9 10 12 16,0.05471130000660196,,,,u_bf,max,17.13199573014188,48620
bf,bf,1,43,18,4,9,H3-Fast,9,True,5.686423006317458,2.1491344808342845,27.373166810184102,True,True,69.20920857126052,0 1 2 6 11 13 14 15 17,0.0013017000164836645,,,,u_bf,max,5.686423006317458,48620
int,interference,1,43,18,4,9,Gurobi-BF,9,True,18.46793389341031,103.8419000733545,177.8316193197471,True,True,15870.536848049771,0 1 3 7 8 9 10 12 16,3.9093333999917377,3.22319210000569,0.6861412999860477,0.021414599992567673,u_i,min,103.8419000733545,48620
int,interference,1,43,18,4,9,Gurobi-Int,9,True,5.757734782296783,0.6502092012394378,31.09272285756875,True,True,0.0,2 4 6 7 8 14 15 16 17,3.922709100006614,3.22319210000569,0.6995170000009239,0.022295500006293878,u_i,min,0.6502092012394378,48620
int,interference,1,43,18,4,9,Gurobi-Gen,9,True,17.13199573014188,72.53764981762062,201.9294412289755,True,True,11056.04788110478,1 3 4 7 8 9 10 12 16,3.9405716999899596,3.22319210000569,0.7173795999842696,0.02050390001386404,u_i,min,72.53764981762062,48620
int,interference,1,43,18,4,9,H1,9,True,17.99623130744,100.9971326706736,186.33234631416806,True,True,15433.021138143147,0 3 4 7 8 9 10 12 16,0.0005323000077623874,,,,u_i,min,100.9971326706736,48620
int,interference,1,43,18,4,9,H2,9,True,6.261986196632522,0.6588548156929228,36.16175223095645,True,True,1.3296665806950447,4 5 6 7 8 14 15 16 17,0.0008405999979004264,,,,u_i,min,0.6588548156929228,48620
int,interference,1,43,18,4,9,Coutino,9,True,17.13199573014188,72.53764981762062,201.9294412289755,True,True,11056.04788110478,1 3 4 7 8 9 10 12 16,0.0010898999753408134,,,,u_i,min,72.53764981762062,48620
int,interference,1,43,18,4,9,MISO-EE,9,True,17.13199573014188,72.53764981762062,201.9294412289755,True,True,11056.04788110478,1 3 4 7 8 9 10 12 16,0.0023252000100910664,,,,u_i,min,72.53764981762062,48620
int,interference,1,43,18,4,9,Pareto-H2,9,True,6.261986196632522,0.6588548156929228,36.16175223095645,True,True,1.3296665806950447,4 5 6 7 8 14 15 16 17,0.0023885999980848283,,,,u_i,min,0.6588548156929228,48620
int,interference,1,43,18,4,9,H3-threshold-BF,9,True,17.99623130744,100.9971326706736,186.33234631416806,True,True,15433.021138143147,0 3 4 7 8 9 10 12 16,0.0006526999932248145,,,,u_i,min,100.9971326706736,48620
int,interference,1,43,18,4,9,H3-threshold-Int,9,True,6.261986196632522,0.6588548156929228,36.16175223095645,True,True,1.3296665806950447,4 5 6 7 8 14 15 16 17,0.0016593999753240496,,,,u_i,min,0.6588548156929228,48620
int,interference,1,43,18,4,9,H3-threshold-Gen,9,True,17.99623130744,100.9971326706736,186.33234631416806,True,True,15433.021138143147,0 3 4 7 8 9 10 12 16,0.002948900015326217,,,,u_i,min,100.9971326706736,48620
int,interference,1,43,18,4,9,Frame-BF,9,True,18.46793389341031,103.8419000733545,177.8316193197471,True,True,15870.536848049771,0 1 3 7 8 9 10 12 16,0.033557599992491305,,,,u_i,min,103.8419000733545,48620
int,interference,1,43,18,4,9,Frame-Int,9,True,5.757734782296783,0.6502092012394378,31.09272285756875,True,True,0.0,2 4 6 7 8 14 15 16 17,0.031761799997184426,,,,u_i,min,0.6502092012394378,48620
int,interference,1,43,18,4,9,Frame-Gen,9,True,17.13199573014188,72.53764981762062,201.9294412289755,True,True,11056.04788110478,1 3 4 7 8 9 10 12 16,0.051132399996276945,,,,u_i,min,72.53764981762062,48620
int,interference,1,43,18,4,9,H3-Fast,9,True,5.686423006317458,2.1491344808342845,27.373166810184102,True,True,230.52969363361427,0 1 2 6 11 13 14 15 17,0.0012193000002298504,,,,u_i,min,2.1491344808342845,48620
gen,general,1,43,18,4,9,Gurobi-BF,9,True,18.46793389341031,103.8419000733545,177.8316193197471,True,True,11.933783287154725,0 1 3 7 8 9 10 12 16,3.9093333999917377,3.22319210000569,0.6861412999860477,0.021414599992567673,u_g,max,177.8316193197471,48620
gen,general,1,43,18,4,9,Gurobi-Int,9,True,5.757734782296783,0.6502092012394378,31.09272285756875,True,True,84.602184471797,2 4 6 7 8 14 15 16 17,3.922709100006614,3.22319210000569,0.6995170000009239,0.022295500006293878,u_g,max,31.09272285756875,48620
gen,general,1,43,18,4,9,Gurobi-Gen,9,True,17.13199573014188,72.53764981762062,201.9294412289755,True,True,0.0,1 3 4 7 8 9 10 12 16,3.9405716999899596,3.22319210000569,0.7173795999842696,0.02050390001386404,u_g,max,201.9294412289755,48620
gen,general,1,43,18,4,9,H1,9,True,17.99623130744,100.9971326706736,186.33234631416806,True,True,7.724032127202931,0 3 4 7 8 9 10 12 16,0.0005108999903313816,,,,u_g,max,186.33234631416806,48620
gen,general,1,43,18,4,9,H2,9,True,6.261986196632522,0.6588548156929228,36.16175223095645,True,True,82.09188714093887,4 5 6 7 8 14 15 16 17,0.0008428000146523118,,,,u_g,max,36.16175223095645,48620
gen,general,1,43,18,4,9,Coutino,9,True,17.13199573014188,72.53764981762062,201.9294412289755,True,True,0.0,1 3 4 7 8 9 10 12 16,0.0010665000008884817,,,,u_g,max,201.9294412289755,48620
gen,general,1,43,18,4,9,MISO-EE,9,True,17.13199573014188,72.53764981762062,201.9294412289755,True,True,0.0,1 3 4 7 8 9 10 12 16,0.0023549999750684947,,,,u_g,max,201.9294412289755,48620
gen,general,1,43,18,4,9,Pareto-H2,9,True,6.261986196632522,0.6588548156929228,36.16175223095645,True,True,82.09188714093887,4 5 6 7 8 14 15 16 17,0.0024326000129804015,,,,u_g,max,36.16175223095645,48620
gen,general,1,43,18,4,9,H3-threshold-BF,9,True,17.99623130744,100.9971326706736,186.33234631416806,True,True,7.724032127202931,0 3 4 7 8 9 10 12 16,0.0007707999902777374,,,,u_g,max,186.33234631416806,48620
gen,general,1,43,18,4,9,H3-threshold-Int,9,True,6.261986196632522,0.6588548156929228,36.16175223095645,True,True,82.09188714093887,4 5 6 7 8 14 15 16 17,0.002529300021706149,,,,u_g,max,36.16175223095645,48620
gen,general,1,43,18,4,9,H3-threshold-Gen,9,True,17.99623130744,100.9971326706736,186.33234631416806,True,True,7.724032127202931,0 3 4 7 8 9 10 12 16,0.0031374999962281436,,,,u_g,max,186.33234631416806,48620
gen,general,1,43,18,4,9,Frame-BF,9,True,18.46793389341031,103.8419000733545,177.8316193197471,True,True,11.933783287154725,0 1 3 7 8 9 10 12 16,0.03466619999380782,,,,u_g,max,177.8316193197471,48620
gen,general,1,43,18,4,9,Frame-Int,9,True,5.757734782296783,0.6502092012394378,31.09272285756875,True,True,84.602184471797,2 4 6 7 8 14 15 16 17,0.030763600021600723,,,,u_g,max,31.09272285756875,48620
gen,general,1,43,18,4,9,Frame-Gen,9,True,17.13199573014188,72.53764981762062,201.9294412289755,True,True,0.0,1 3 4 7 8 9 10 12 16,0.049322000006213784,,,,u_g,max,201.9294412289755,48620
gen,general,1,43,18,4,9,H3-Fast,9,True,5.686423006317458,2.1491344808342845,27.373166810184102,True,True,86.44419226657266,0 1 2 6 11 13 14 15 17,0.0012180999910924584,,,,u_g,max,27.373166810184102,48620
bf,bf,2,44,18,4,9,Gurobi-BF,9,True,10.18634457569466,13.771217780499754,81.01212985549202,True,True,0.0,0 1 3 4 5 9 10 12 14,4.08382589998655,3.3480044000025373,0.7358214999840129,0.021690199995646253,u_bf,max,10.18634457569466,48620
bf,bf,2,44,18,4,9,Gurobi-Int,9,True,4.137191515731715,0.8479014568374774,12.802430824294406,True,True,59.384924739308865,2 3 6 8 9 11 14 16 17,4.037459999992279,3.3480044000025373,0.689455599989742,0.023229800019180402,u_bf,max,4.137191515731715,48620
bf,bf,2,44,18,4,9,Gurobi-Gen,9,True,10.18634457569466,13.771217780499754,81.01212985549202,True,True,0.0,0 1 3 4 5 9 10 12 14,4.017457600013586,3.3480044000025373,0.6694532000110485,0.021387700020568445,u_bf,max,10.18634457569466,48620
bf,bf,2,44,18,4,9,H1,9,True,10.006598784309181,13.358076609169999,79.25574212643211,True,True,1.7645759973049089,0 1 3 4 9 10 12 14 15,0.0007274999807123095,,,,u_bf,max,10.006598784309181,48620
bf,bf,2,44,18,4,9,H2,9,True,6.847251535892189,2.415700279570107,41.21902893700023,True,True,32.780091179811286,0 1 3 6 9 11 14 15 16,0.0008968000183813274,,,,u_bf,max,6.847251535892189,48620
bf,bf,2,44,18,4,9,Coutino,9,True,10.18634457569466,13.771217780499754,81.01212985549202,True,True,0.0,0 1 3 4 5 9 10 12 14,0.0012845000019297004,,,,u_bf,max,10.18634457569466,48620
bf,bf,2,44,18,4,9,MISO-EE,9,True,10.18634457569466,13.771217780499754,81.01212985549202,True,True,0.0,0 1 3 4 5 9 10 12 14,0.002401400008238852,,,,u_bf,max,10.18634457569466,48620
bf,bf,2,44,18,4,9,Pareto-H2,9,True,6.847251535892189,2.415700279570107,41.21902893700023,True,True,32.780091179811286,0 1 3 6 9 11 14 15 16,0.0024204999790526927,,,,u_bf,max,6.847251535892189,48620
bf,bf,2,44,18,4,9,H3-threshold-BF,9,True,10.006598784309181,13.358076609169999,79.25574212643211,True,True,1.7645759973049089,0 1 3 4 9 10 12 14 15,0.0005643000185955316,,,,u_bf,max,10.006598784309181,48620
bf,bf,2,44,18,4,9,H3-threshold-Int,9,True,4.650907765411091,0.9467884912072035,16.33043329961158,True,True,54.34173926819159,2 3 5 8 9 11 14 15 16,0.0026180999993812293,,,,u_bf,max,4.650907765411091,48620
bf,bf,2,44,18,4,9,H3-threshold-Gen,9,True,10.006598784309181,13.358076609169999,79.25574212643211,True,True,1.7645759973049089,0 1 3 4 9 10 12 14 15,0.0030596999858971685,,,,u_bf,max,10.006598784309181,48620
bf,bf,2,44,18,4,9,Frame-BF,9,True,10.18634457569466,13.771217780499754,81.01212985549202,True,True,0.0,0 1 3 4 5 9 10 12 14,0.03130340002826415,,,,u_bf,max,10.18634457569466,48620
bf,bf,2,44,18,4,9,Frame-Int,9,True,4.137191515731715,0.8479014568374774,12.802430824294406,True,True,59.384924739308865,2 3 6 8 9 11 14 16 17,0.030113000015262514,,,,u_bf,max,4.137191515731715,48620
bf,bf,2,44,18,4,9,Frame-Gen,9,True,10.18634457569466,13.771217780499754,81.01212985549202,True,True,0.0,0 1 3 4 5 9 10 12 14,0.04830029999720864,,,,u_bf,max,10.18634457569466,48620
bf,bf,2,44,18,4,9,H3-Fast,9,True,4.630420258362568,1.2975286461700772,15.686867433109969,True,True,54.54286644287413,2 5 9 11 13 14 15 16 17,0.0014746999950148165,,,,u_bf,max,4.630420258362568,48620
int,interference,2,44,18,4,9,Gurobi-BF,9,True,10.18634457569466,13.771217780499754,81.01212985549202,True,True,1524.1530981517549,0 1 3 4 5 9 10 12 14,4.08382589998655,3.3480044000025373,0.7358214999840129,0.021690199995646253,u_i,min,13.771217780499754,48620
int,interference,2,44,18,4,9,Gurobi-Int,9,True,4.137191515731715,0.8479014568374774,12.802430824294406,True,True,0.0,2 3 6 8 9 11 14 16 17,4.037459999992279,3.3480044000025373,0.689455599989742,0.023229800019180402,u_i,min,0.8479014568374774,48620
int,interference,2,44,18,4,9,Gurobi-Gen,9,True,10.18634457569466,13.771217780499754,81.01212985549202,True,True,1524.1530981517549,0 1 3 4 5 9 10 12 14,4.017457600013586,3.3480044000025373,0.6694532000110485,0.021387700020568445,u_i,min,13.771217780499754,48620
int,interference,2,44,18,4,9,H1,9,True,10.006598784309181,13.358076609169999,79.25574212643211,True,True,1475.427958219728,0 1 3 4 9 10 12 14 15,0.0005116999964229763,,,,u_i,min,13.358076609169999,48620
int,interference,2,44,18,4,9,H2,9,True,6.847251535892189,2.415700279570107,41.21902893700023,True,True,184.9034236337135,0 1 3 6 9 11 14 15 16,0.0008711999980732799,,,,u_i,min,2.415700279570107,48620
int,interference,2,44,18,4,9,Coutino,9,True,10.18634457569466,13.771217780499754,81.01212985549202,True,True,1524.1530981517549,0 1 3 4 5 9 10 12 14,0.001066600001649931,,,,u_i,min,13.771217780499754,48620
int,interference,2,44,18,4,9,MISO-EE,9,True,10.18634457569466,13.771217780499754,81.01212985549202,True,True,1524.1530981517549,0 1 3 4 5 9 10 12 14,0.0023305999930016696,,,,u_i,min,13.771217780499754,48620
int,interference,2,44,18,4,9,Pareto-H2,9,True,6.847251535892189,2.415700279570107,41.21902893700023,True,True,184.9034236337135,0 1 3 6 9 11 14 15 16,0.0024227000249084085,,,,u_i,min,2.415700279570107,48620
int,interference,2,44,18,4,9,H3-threshold-BF,9,True,10.006598784309181,13.358076609169999,79.25574212643211,True,True,1475.427958219728,0 1 3 4 9 10 12 14 15,0.0005688999954145402,,,,u_i,min,13.358076609169999,48620
int,interference,2,44,18,4,9,H3-threshold-Int,9,True,4.650907765411091,0.9467884912072035,16.33043329961158,True,True,11.662562149445678,2 3 5 8 9 11 14 15 16,0.002377199998591095,,,,u_i,min,0.9467884912072035,48620
int,interference,2,44,18,4,9,H3-threshold-Gen,9,True,10.006598784309181,13.358076609169999,79.25574212643211,True,True,1475.427958219728,0 1 3 4 9 10 12 14 15,0.0037315999798011035,,,,u_i,min,13.358076609169999,48620
int,interference,2,44,18,4,9,Frame-BF,9,True,10.18634457569466,13.771217780499754,81.01212985549202,True,True,1524.1530981517549,0 1 3 4 5 9 10 12 14,0.031680399988545105,,,,u_i,min,13.771217780499754,48620
int,interference,2,44,18,4,9,Frame-Int,9,True,4.137191515731715,0.8479014568374774,12.802430824294406,True,True,0.0,2 3 6 8 9 11 14 16 17,0.030268100003013387,,,,u_i,min,0.8479014568374774,48620
int,interference,2,44,18,4,9,Frame-Gen,9,True,10.18634457569466,13.771217780499754,81.01212985549202,True,True,1524.1530981517549,0 1 3 4 5 9 10 12 14,0.05044240001006983,,,,u_i,min,13.771217780499754,48620
int,interference,2,44,18,4,9,H3-Fast,9,True,4.630420258362568,1.2975286461700772,15.686867433109969,True,True,53.02823644266749,2 5 9 11 13 14 15 16 17,0.001508000015746802,,,,u_i,min,1.2975286461700772,48620
gen,general,2,44,18,4,9,Gurobi-BF,9,True,10.18634457569466,13.771217780499754,81.01212985549202,True,True,0.0,0 1 3 4 5 9 10 12 14,4.08382589998655,3.3480044000025373,0.7358214999840129,0.021690199995646253,u_g,max,81.01212985549202,48620
gen,general,2,44,18,4,9,Gurobi-Int,9,True,4.137191515731715,0.8479014568374774,12.802430824294406,True,True,84.19689638189843,2 3 6 8 9 11 14 16 17,4.037459999992279,3.3480044000025373,0.689455599989742,0.023229800019180402,u_g,max,12.802430824294406,48620
gen,general,2,44,18,4,9,Gurobi-Gen,9,True,10.18634457569466,13.771217780499754,81.01212985549202,True,True,0.0,0 1 3 4 5 9 10 12 14,4.017457600013586,3.3480044000025373,0.6694532000110485,0.021387700020568445,u_g,max,81.01212985549202,48620
gen,general,2,44,18,4,9,H1,9,True,10.006598784309181,13.358076609169999,79.25574212643211,True,True,2.168055243323342,0 1 3 4 9 10 12 14 15,0.000538399996003136,,,,u_g,max,79.25574212643211,48620
gen,general,2,44,18,4,9,H2,9,True,6.847251535892189,2.415700279570107,41.21902893700023,True,True,49.11992931117106,0 1 3 6 9 11 14 15 16,0.0008611000084783882,,,,u_g,max,41.21902893700023,48620
gen,general,2,44,18,4,9,Coutino,9,True,10.18634457569466,13.771217780499754,81.01212985549202,True,True,0.0,0 1 3 4 5 9 10 12 14,0.0010630000033415854,,,,u_g,max,81.01212985549202,48620
gen,general,2,44,18,4,9,MISO-EE,9,True,10.18634457569466,13.771217780499754,81.01212985549202,True,True,0.0,0 1 3 4 5 9 10 12 14,0.002325799985555932,,,,u_g,max,81.01212985549202,48620
gen,general,2,44,18,4,9,Pareto-H2,9,True,6.847251535892189,2.415700279570107,41.21902893700023,True,True,49.11992931117106,0 1 3 6 9 11 14 15 16,0.0023723000194877386,,,,u_g,max,41.21902893700023,48620
gen,general,2,44,18,4,9,H3-threshold-BF,9,True,10.006598784309181,13.358076609169999,79.25574212643211,True,True,2.168055243323342,0 1 3 4 9 10 12 14 15,0.0005595000111497939,,,,u_g,max,79.25574212643211,48620
gen,general,2,44,18,4,9,H3-threshold-Int,9,True,4.650907765411091,0.9467884912072035,16.33043329961158,True,True,79.84198992330961,2 3 5 8 9 11 14 15 16,0.0016368000069633126,,,,u_g,max,16.33043329961158,48620
gen,general,2,44,18,4,9,H3-threshold-Gen,9,True,10.006598784309181,13.358076609169999,79.25574212643211,True,True,2.168055243323342,0 1 3 4 9 10 12 14 15,0.004156500013777986,,,,u_g,max,79.25574212643211,48620
gen,general,2,44,18,4,9,Frame-BF,9,True,10.18634457569466,13.771217780499754,81.01212985549202,True,True,0.0,0 1 3 4 5 9 10 12 14,0.03221140001551248,,,,u_g,max,81.01212985549202,48620
gen,general,2,44,18,4,9,Frame-Int,9,True,4.137191515731715,0.8479014568374774,12.802430824294406,True,True,84.19689638189843,2 3 6 8 9 11 14 16 17,0.044014600018272176,,,,u_g,max,12.802430824294406,48620
gen,general,2,44,18,4,9,Frame-Gen,9,True,10.18634457569466,13.771217780499754,81.01212985549202,True,True,0.0,0 1 3 4 5 9 10 12 14,0.07385210000211373,,,,u_g,max,81.01212985549202,48620
gen,general,2,44,18,4,9,H3-Fast,9,True,4.630420258362568,1.2975286461700772,15.686867433109969,True,True,80.63639672097017,2 5 9 11 13 14 15 16 17,0.001544799975818023,,,,u_g,max,15.686867433109969,48620
